#NTracks by Sensor
0 260
1 1128
2 2230
3 3194
4 3401
5 2678
6 1620
7 665
8 146
9 273
10 1076
11 2102
12 3021
13 3301
14 2569
15 1517
16 676
17 143
18 138
19 596
20 1220
21 1811
22 1981
23 1587
24 949
25 450
26 104
27 254
28 1013
29 1951
30 2664
31 2595
32 2002
33 1175
34 438
35 98
36 309
37 1104
38 2282
39 3145
40 3467
41 2785
42 1553
43 692
44 166
45 295
46 1055
47 2254
48 3310
49 3526
50 2681
51 1723
52 727
53 148
54 263
55 1104
56 2159
57 3185
58 3368
59 2675
60 1711
61 694
62 166
63 258
64 1098
65 2152
66 3261
67 3360
68 2666
69 1614
70 674
71 131
72 302
73 1241
74 2381
75 3452
76 3659
77 2934
78 1783
79 695
80 144
81 232
82 938
83 1953
84 2778
85 2982
86 2261
87 1318
88 569
89 128
90 308
91 1105
92 2290
93 3287
94 3274
95 2700
96 1666
97 641
98 116
99 268
100 1058
101 2071
102 2908
103 3260
104 2575
105 1564
106 713
107 154
108 253
109 902
110 1749
111 2538
112 2660
113 2093
114 1270
115 577
116 129
117 269
118 899
119 1719
120 2441
121 2570
122 2061
123 1243
124 525
125 125
126 165
127 628
128 1306
129 1847
130 2097
131 1682
132 1030
133 523
134 138
135 116
136 417
137 821
138 1247
139 1303
140 1057
141 671
142 314
143 80
144 225
145 787
146 1400
147 1939
148 1804
149 1404
150 805
151 355
152 73
153 251
154 891
155 1699
156 2369
157 2516
158 2036
159 1147
160 505
161 145
162 249
163 756
164 1555
165 2246
166 2347
167 1971
168 1226
169 546
170 153
171 262
172 872
173 1807
174 2589
175 2743
176 2152
177 1329
178 596
179 145
180 240
181 918
182 1745
183 2500
184 2670
185 2142
186 1352
187 585
188 155
189 224
190 768
191 1489
192 2261
193 2282
194 1899
195 1120
196 522
197 123
198 252
199 935
200 1752
201 2594
202 2705
203 2093
204 1384
205 558
206 129
207 252
208 932
209 1731
210 2519
211 2621
212 2183
213 1327
214 506
215 140
216 213
217 727
218 1407
219 2002
220 2229
221 1675
222 978
223 469
224 108
225 222
226 823
227 1681
228 2336
229 2302
230 1902
231 1132
232 475
233 97
234 259
235 808
236 1577
237 2244
238 2342
239 1914
240 1244
241 526
242 115
243 251
244 855
245 1677
246 2334
247 2611
248 2117
249 1253
250 577
251 158
252 254
253 762
254 1425
255 1982
256 2071
257 1699
258 1020
259 474
260 132
261 256
262 745
263 1410
264 1935
265 2034
266 1611
267 1033
268 452
269 109
270 246
271 673
272 1324
273 1901
274 1975
275 1548
276 959
277 451
278 156
279 92
280 354
281 813
282 1144
283 1446
284 1217
285 786
286 428
287 139
288 134
289 354
290 722
291 1004
292 1015
293 804
294 535
295 251
296 67
297 238
298 662
299 1157
300 1476
301 1392
302 1030
303 603
304 239
305 57
306 240
307 673
308 1316
309 1913
310 1922
311 1531
312 903
313 426
314 142
315 243
316 759
317 1358
318 1837
319 1969
320 1702
321 1005
322 484
323 135
324 239
325 623
326 1214
327 1770
328 1942
329 1557
330 1008
331 441
332 132
333 263
334 768
335 1520
336 2080
337 2201
338 1749
339 1068
340 514
341 150
342 253
343 816
344 1474
345 2102
346 2183
347 1780
348 1119
349 533
350 164
351 188
352 583
353 1164
354 1671
355 1742
356 1423
357 881
358 410
359 116
360 242
361 741
362 1388
363 2025
364 2041
365 1713
366 1045
367 460
368 127
369 256
370 762
371 1372
372 1996
373 2083
374 1630
375 1101
376 466
377 125
378 261
379 748
380 1358
381 1951
382 2079
383 1721
384 1105
385 455
386 131
387 215
388 590
389 1144
390 1578
391 1793
392 1361
393 837
394 406
395 114
396 185
397 633
398 1242
399 1656
400 1718
401 1365
402 823
403 386
404 97
405 253
406 673
407 1291
408 1819
409 1881
410 1546
411 981
412 426
413 90
414 246
415 646
416 1250
417 1788
418 1859
419 1587
420 1013
421 473
422 130
423 255
424 774
425 1452
426 1891
427 2208
428 1730
429 1021
430 492
431 154
432 0
433 0
434 0
435 0
436 0
437 6
438 30
439 23
440 2
441 1
442 0
443 0
444 0
445 0
446 59
447 110
448 123
449 169
450 188
451 195
452 179
453 160
454 132
455 174
456 138
457 115
458 90
459 53
460 207
461 199
462 168
463 182
464 124
465 75
466 57
467 48
468 82
469 92
470 112
471 154
472 155
473 139
474 19
475 3
476 0
477 0
478 0
479 0
480 0
481 0
482 0
483 0
484 0
485 0
486 4
487 16
488 0
489 0
490 0
491 0
492 0
493 12
494 37
495 30
496 6
497 0
498 0
499 0
500 0
501 0
502 58
503 97
504 139
505 154
506 161
507 178
508 182
509 173
510 213
511 166
512 174
513 142
514 109
515 68
516 183
517 181
518 177
519 134
520 115
521 64
522 41
523 44
524 88
525 117
526 150
527 182
528 183
529 156
530 25
531 4
532 0
533 0
534 0
535 0
536 0
537 0
538 0
539 0
540 0
541 0
542 3
543 22
544 0
545 0
546 0
547 0
548 0
549 10
550 23
551 33
552 9
553 0
554 0
555 0
556 0
557 0
558 65
559 91
560 169
561 212
562 192
563 213
564 213
565 215
566 181
567 159
568 168
569 135
570 98
571 59
572 199
573 212
574 194
575 153
576 127
577 91
578 32
579 40
580 85
581 127
582 159
583 170
584 167
585 179
586 19
587 0
588 0
589 0
590 0
591 0
592 0
593 0
594 0
595 0
596 0
597 1
598 5
599 15
600 0
601 0
602 0
603 0
604 0
605 8
606 22
607 35
608 9
609 0
610 0
611 0
612 0
613 0
614 72
615 101
616 167
617 135
618 175
619 192
620 170
621 198
622 172
623 166
624 153
625 137
626 101
627 73
628 179
629 187
630 166
631 148
632 99
633 93
634 38
635 46
636 78
637 136
638 140
639 192
640 170
641 185
642 22
643 4
644 0
645 0
646 0
647 0
648 0
649 0
650 0
651 0
652 0
653 1
654 8
655 25
656 0
657 0
658 0
659 0
660 0
661 8
662 34
663 27
664 9
665 0
666 0
667 0
668 0
669 0
670 68
671 104
672 150
673 152
674 183
675 190
676 179
677 187
678 210
679 181
680 179
681 152
682 104
683 67
684 184
685 185
686 178
687 160
688 105
689 90
690 43
691 38
692 87
693 132
694 146
695 165
696 213
697 200
698 11
699 1
700 0
701 0
702 0
703 0
704 0
705 0
706 0
707 0
708 0
709 0
710 4
711 16
712 0
713 0
714 0
715 0
716 1
717 10
718 33
719 27
720 12
721 0
722 0
723 0
724 0
725 0
726 63
727 122
728 129
729 206
730 168
731 185
732 198
733 184
734 220
735 210
736 171
737 141
738 103
739 55
740 162
741 158
742 164
743 149
744 98
745 70
746 48
747 35
748 84
749 131
750 182
751 147
752 189
753 198
754 17
755 3
756 1
757 0
758 0
759 0
760 0
761 0
762 0
763 0
764 0
765 0
766 7
767 23
768 0
769 0
770 0
771 0
772 0
773 6
774 32
775 29
776 7
777 0
778 0
779 0
780 0
781 0
782 66
783 101
784 137
785 147
786 174
787 193
788 207
789 199
790 204
791 174
792 163
793 152
794 113
795 53
796 179
797 174
798 192
799 0
800 144
801 85
802 53
803 42
804 77
805 136
806 169
807 164
808 197
809 192
810 22
811 4
812 0
813 0
814 0
815 0
816 0
817 0
818 0
819 0
820 0
821 0
822 5
823 25
824 0
825 0
826 0
827 0
828 0
829 4
830 19
831 29
832 11
833 0
834 0
835 0
836 0
837 0
838 36
839 58
840 74
841 86
842 96
843 103
844 132
845 165
846 151
847 126
848 127
849 99
850 74
851 37
852 185
853 153
854 168
855 143
856 132
857 77
858 39
859 44
860 88
861 143
862 151
863 171
864 167
865 188
866 19
867 4
868 0
869 0
870 0
871 0
872 0
873 0
874 0
875 0
876 0
877 0
878 4
879 31
880 0
881 0
882 0
883 0
884 0
885 1
886 7
887 10
888 2
889 0
890 0
891 0
892 0
893 0
894 10
895 27
896 35
897 26
898 45
899 59
900 89
901 126
902 110
903 97
904 65
905 74
906 45
907 32
908 140
909 168
910 171
911 148
912 122
913 88
914 38
915 39
916 88
917 110
918 141
919 183
920 195
921 167
922 20
923 3
924 0
925 0
926 0
927 0
928 0
929 0
930 0
931 0
932 0
933 0
934 6
935 20
936 0
937 0
938 0
939 0
940 0
941 1
942 3
943 2
944 0
945 0
946 0
947 0
948 0
949 0
950 13
951 15
952 15
953 30
954 42
955 46
956 79
957 76
958 28
959 11
960 10
961 10
962 6
963 3
964 137
965 103
966 129
967 120
968 93
969 70
970 44
971 36
972 90
973 138
974 146
975 181
976 111
977 128
978 12
979 4
980 0
981 0
982 0
983 0
984 0
985 0
986 0
987 0
988 0
989 0
990 3
991 23
992 0
993 0
994 0
995 0
996 0
997 7
998 10
999 11
1000 4
1001 0
1002 0
1003 0
1004 0
1005 0
1006 41
1007 43
1008 85
1009 99
1010 98
1011 109
1012 117
1013 99
1014 83
1015 65
1016 79
1017 51
1018 37
1019 1
1020 101
1021 101
1022 90
1023 80
1024 57
1025 50
1026 24
1027 28
1028 61
1029 79
1030 99
1031 102
1032 118
1033 108
1034 8
1035 6
1036 0
1037 0
1038 0
1039 0
1040 0
1041 0
1042 0
1043 0
1044 0
1045 0
1046 6
1047 8
1048 0
1049 0
1050 0
1051 0
1052 0
1053 8
1054 23
1055 25
1056 2
1057 0
1058 0
1059 0
1060 0
1061 0
1062 63
1063 88
1064 107
1065 140
1066 172
1067 135
1068 104
1069 96
1070 131
1071 126
1072 140
1073 100
1074 81
1075 48
1076 66
1077 37
1078 20
1079 17
1080 9
1081 9
1082 3
1083 14
1084 23
1085 27
1086 50
1087 48
1088 61
1089 89
1090 5
1091 0
1092 0
1093 0
1094 0
1095 0
1096 0
1097 0
1098 0
1099 0
1100 0
1101 0
1102 0
1103 4
1104 0
1105 0
1106 0
1107 0
1108 0
1109 6
1110 32
1111 34
1112 8
1113 0
1114 0
1115 0
1116 0
1117 0
1118 74
1119 104
1120 133
1121 150
1122 214
1123 180
1124 146
1125 129
1126 165
1127 179
1128 174
1129 134
1130 112
1131 74
1132 83
1133 70
1134 59
1135 43
1136 44
1137 32
1138 11
1139 2
1140 8
1141 4
1142 13
1143 22
1144 32
1145 59
1146 7
1147 1
1148 0
1149 0
1150 0
1151 0
1152 0
1153 0
1154 0
1155 0
1156 0
1157 0
1158 0
1159 1
1160 0
1161 0
1162 0
1163 0
1164 1
1165 10
1166 30
1167 35
1168 9
1169 1
1170 0
1171 0
1172 0
1173 0
1174 66
1175 113
1176 142
1177 172
1178 191
1179 178
1180 142
1181 157
1182 181
1183 203
1184 186
1185 163
1186 110
1187 73
1188 137
1189 115
1190 112
1191 102
1192 69
1193 46
1194 25
1195 24
1196 41
1197 64
1198 100
1199 97
1200 105
1201 123
1202 11
1203 3
1204 0
1205 0
1206 0
1207 0
1208 0
1209 0
1210 0
1211 0
1212 0
1213 1
1214 2
1215 6
1216 0
1217 0
1218 0
1219 0
1220 0
1221 9
1222 32
1223 34
1224 5
1225 0
1226 0
1227 0
1228 0
1229 0
1230 64
1231 107
1232 122
1233 137
1234 188
1235 204
1236 184
1237 169
1238 194
1239 186
1240 180
1241 155
1242 131
1243 55
1244 172
1245 190
1246 173
1247 125
1248 116
1249 80
1250 43
1251 43
1252 80
1253 104
1254 136
1255 145
1256 161
1257 181
1258 15
1259 0
1260 0
1261 0
1262 0
1263 0
1264 0
1265 0
1266 0
1267 0
1268 0
1269 0
1270 6
1271 18
1272 0
1273 0
1274 0
1275 0
1276 0
1277 8
1278 30
1279 22
1280 11
1281 0
1282 0
1283 0
1284 0
1285 0
1286 68
1287 110
1288 132
1289 161
1290 179
1291 176
1292 186
1293 175
1294 184
1295 146
1296 106
1297 125
1298 98
1299 59
1300 169
1301 179
1302 158
1303 159
1304 123
1305 87
1306 48
1307 40
1308 73
1309 114
1310 138
1311 176
1312 165
1313 185
1314 23
1315 4
1316 0
1317 0
1318 0
1319 0
1320 0
1321 0
1322 0
1323 0
1324 0
1325 0
1326 6
1327 19
1328 0
1329 0
1330 0
1331 0
1332 0
1333 5
1334 27
1335 25
1336 5
1337 2
1338 0
1339 0
1340 0
1341 0
1342 85
1343 92
1344 148
1345 175
1346 181
1347 179
1348 173
1349 207
1350 196
1351 195
1352 192
1353 151
1354 99
1355 56
1356 190
1357 171
1358 166
1359 144
1360 116
1361 82
1362 40
1363 51
1364 64
1365 130
1366 153
1367 185
1368 194
1369 204
1370 18
1371 6
1372 0
1373 0
1374 0
1375 0
1376 0
1377 0
1378 0
1379 0
1380 0
1381 0
1382 5
1383 13
1384 0
1385 0
1386 0
1387 0
1388 1
1389 10
1390 32
1391 36
1392 11
1393 0
1394 0
1395 0
1396 0
1397 0
1398 71
1399 101
1400 164
1401 174
1402 161
1403 189
1404 161
1405 179
1406 207
1407 184
1408 182
1409 155
1410 107
1411 69
1412 200
1413 184
1414 164
1415 132
1416 126
1417 88
1418 51
1419 47
1420 104
1421 119
1422 152
1423 199
1424 210
1425 202
1426 20
1427 5
1428 0
1429 0
1430 0
1431 0
1432 0
1433 0
1434 0
1435 0
1436 0
1437 0
1438 2
1439 27
1440 0
1441 0
1442 0
1443 0
1444 0
1445 9
1446 34
1447 29
1448 7
1449 0
1450 0
1451 0
1452 0
1453 0
1454 70
1455 70
1456 72
1457 115
1458 125
1459 124
1460 136
1461 189
1462 173
1463 180
1464 161
1465 151
1466 91
1467 61
1468 179
1469 217
1470 182
1471 152
1472 127
1473 85
1474 43
1475 47
1476 79
1477 132
1478 159
1479 173
1480 189
1481 204
1482 17
1483 7
1484 0
1485 0
1486 0
1487 0
1488 0
1489 0
1490 0
1491 0
1492 0
1493 0
1494 7
1495 28
1496 0
1497 0
1498 0
1499 0
1500 2
1501 15
1502 24
1503 22
1504 6
1505 0
1506 0
1507 0
1508 0
1509 0
1510 66
1511 93
1512 156
1513 159
1514 171
1515 171
1516 159
1517 139
1518 121
1519 131
1520 115
1521 77
1522 60
1523 79
1524 170
1525 174
1526 193
1527 161
1528 126
1529 94
1530 33
1531 42
1532 85
1533 99
1534 143
1535 185
1536 164
1537 195
1538 18
1539 5
1540 0
1541 0
1542 0
1543 0
1544 0
1545 0
1546 0
1547 0
1548 0
1549 0
1550 7
1551 17
1552 0
1553 0
1554 0
1555 0
1556 0
1557 12
1558 26
1559 35
1560 3
1561 0
1562 0
1563 0
1564 0
1565 0
1566 68
1567 103
1568 130
1569 165
1570 161
1571 194
1572 198
1573 178
1574 180
1575 164
1576 142
1577 125
1578 103
1579 75
1580 172
1581 192
1582 185
1583 142
1584 123
1585 68
1586 41
1587 43
1588 76
1589 109
1590 173
1591 167
1592 192
1593 170
1594 22
1595 3
1596 0
1597 0
1598 0
1599 0
1600 0
1601 0
1602 0
1603 0
1604 0
1605 0
1606 7
1607 25
1608 0
1609 0
1610 0
1611 0
1612 0
1613 13
1614 29
1615 33
1616 7
1617 1
1618 0
1619 0
1620 0
1621 0
1622 61
1623 110
1624 135
1625 174
1626 177
1627 182
1628 174
1629 193
1630 191
1631 195
1632 149
1633 124
1634 106
1635 69
1636 162
1637 166
1638 183
1639 133
1640 98
1641 83
1642 64
1643 41
1644 88
1645 109
1646 145
1647 180
1648 184
1649 201
1650 17
1651 3
1652 0
1653 0
1654 0
1655 0
1656 0
1657 0
1658 0
1659 0
1660 0
1661 0
1662 6
1663 19
1664 0
1665 0
1666 0
1667 0
1668 0
1669 9
1670 26
1671 42
1672 8
1673 0
1674 0
1675 0
1676 0
1677 0
1678 70
1679 118
1680 156
1681 180
1682 187
1683 196
1684 198
1685 186
1686 178
1687 194
1688 161
1689 129
1690 110
1691 73
1692 205
1693 191
1694 189
1695 170
1696 133
1697 75
1698 46
1699 43
1700 86
1701 141
1702 165
1703 174
1704 187
1705 193
1706 28
1707 1
1708 0
1709 0
1710 0
1711 0
1712 0
1713 0
1714 0
1715 0
1716 0
1717 0
1718 9
1719 19
1720 0
1721 0
1722 0
1723 0
1724 0
1725 7
1726 22
1727 24
1728 3
1729 0
1730 0
1731 0
1732 0
1733 0
1734 34
1735 83
1736 108
1737 140
1738 139
1739 137
1740 147
1741 191
1742 180
1743 175
1744 151
1745 130
1746 108
1747 56
1748 120
1749 131
1750 133
1751 130
1752 83
1753 69
1754 50
1755 53
1756 73
1757 99
1758 135
1759 167
1760 156
1761 169
1762 21
1763 6
1764 0
1765 0
1766 0
1767 0
1768 0
1769 0
1770 0
1771 0
1772 0
1773 0
1774 4
1775 15
1776 0
1777 0
1778 0
1779 0
1780 0
1781 8
1782 28
1783 27
1784 5
1785 0
1786 0
1787 0
1788 0
1789 0
1790 58
1791 118
1792 161
1793 174
1794 187
1795 196
1796 192
1797 188
1798 194
1799 176
1800 180
1801 137
1802 98
1803 60
1804 210
1805 200
1806 168
1807 159
1808 130
1809 75
1810 53
1811 62
1812 101
1813 131
1814 136
1815 185
1816 192
1817 217
1818 13
1819 6
1820 0
1821 0
1822 0
1823 0
1824 0
1825 0
1826 0
1827 0
1828 0
1829 0
1830 5
1831 20
1832 0
1833 0
1834 0
1835 0
1836 0
1837 8
1838 31
1839 29
1840 7
1841 0
1842 0
1843 0
1844 0
1845 0
1846 56
1847 87
1848 137
1849 171
1850 156
1851 169
1852 186
1853 162
1854 175
1855 198
1856 157
1857 133
1858 113
1859 60
1860 188
1861 186
1862 145
1863 141
1864 134
1865 81
1866 44
1867 55
1868 81
1869 112
1870 150
1871 186
1872 194
1873 184
1874 19
1875 5
1876 0
1877 0
1878 0
1879 0
1880 0
1881 0
1882 0
1883 0
1884 0
1885 0
1886 6
1887 23
1888 0
1889 0
1890 0
1891 0
1892 0
1893 7
1894 27
1895 29
1896 5
1897 0
1898 0
1899 0
1900 0
1901 0
1902 52
1903 104
1904 137
1905 164
1906 211
1907 186
1908 192
1909 200
1910 193
1911 194
1912 174
1913 153
1914 112
1915 58
1916 202
1917 184
1918 208
1919 187
1920 119
1921 92
1922 54
1923 53
1924 66
1925 104
1926 154
1927 177
1928 197
1929 213
1930 14
1931 0
1932 0
1933 0
1934 0
1935 0
1936 0
1937 0
1938 0
1939 0
1940 0
1941 0
1942 1
1943 18
1944 0
1945 0
1946 0
1947 0
1948 0
1949 0
1950 1
1951 11
1952 6
1953 0
1954 0
1955 0
1956 0
1957 0
1958 8
1959 61
1960 100
1961 99
1962 134
1963 134
1964 138
1965 162
1966 122
1967 152
1968 120
1969 138
1970 80
1971 28
1972 131
1973 120
1974 119
1975 91
1976 92
1977 51
1978 27
1979 36
1980 69
1981 124
1982 132
1983 129
1984 142
1985 135
1986 15
1987 4
1988 0
1989 0
1990 0
1991 0
1992 0
1993 0
1994 0
1995 0
1996 0
1997 0
1998 7
1999 21
2000 0
2001 0
2002 0
2003 0
2004 0
2005 6
2006 17
2007 29
2008 9
2009 0
2010 0
2011 0
2012 0
2013 0
2014 49
2015 96
2016 142
2017 129
2018 154
2019 177
2020 145
2021 143
2022 134
2023 140
2024 143
2025 99
2026 83
2027 46
2028 162
2029 155
2030 134
2031 132
2032 114
2033 68
2034 46
2035 36
2036 52
2037 95
2038 99
2039 158
2040 113
2041 135
2042 17
2043 6
2044 0
2045 0
2046 0
2047 0
2048 0
2049 0
2050 0
2051 0
2052 0
2053 0
2054 2
2055 17
2056 0
2057 0
2058 0
2059 0
2060 1
2061 14
2062 31
2063 37
2064 9
2065 0
2066 0
2067 0
2068 0
2069 0
2070 66
2071 96
2072 138
2073 162
2074 210
2075 189
2076 196
2077 182
2078 199
2079 187
2080 176
2081 151
2082 131
2083 60
2084 196
2085 190
2086 172
2087 131
2088 126
2089 75
2090 44
2091 35
2092 101
2093 128
2094 153
2095 186
2096 174
2097 183
2098 24
2099 5
2100 0
2101 0
2102 0
2103 0
2104 0
2105 0
2106 0
2107 0
2108 0
2109 0
2110 1
2111 21
2112 0
2113 0
2114 0
2115 0
2116 0
2117 3
2118 27
2119 30
2120 8
2121 0
2122 0
2123 0
2124 0
2125 0
2126 78
2127 111
2128 151
2129 181
2130 191
2131 190
2132 212
2133 199
2134 189
2135 204
2136 140
2137 134
2138 106
2139 48
2140 203
2141 200
2142 179
2143 164
2144 131
2145 80
2146 53
2147 46
2148 86
2149 121
2150 148
2151 159
2152 184
2153 184
2154 24
2155 3
2156 0
2157 0
2158 0
2159 0
2160 0
2161 0
2162 0
2163 0
2164 0
2165 0
2166 2
2167 18
2168 0
2169 0
2170 0
2171 0
2172 0
2173 4
2174 36
2175 25
2176 16
2177 0
2178 0
2179 0
2180 0
2181 0
2182 63
2183 104
2184 142
2185 177
2186 177
2187 150
2188 185
2189 204
2190 211
2191 167
2192 186
2193 143
2194 108
2195 64
2196 182
2197 171
2198 149
2199 141
2200 123
2201 84
2202 57
2203 42
2204 78
2205 114
2206 148
2207 165
2208 189
2209 179
2210 18
2211 6
2212 0
2213 0
2214 0
2215 0
2216 0
2217 0
2218 0
2219 0
2220 0
2221 0
2222 6
2223 16
2224 0
2225 0
2226 0
2227 0
2228 0
2229 7
2230 29
2231 41
2232 5
2233 0
2234 0
2235 0
2236 0
2237 0
2238 51
2239 105
2240 148
2241 155
2242 201
2243 169
2244 170
2245 220
2246 210
2247 177
2248 164
2249 160
2250 117
2251 70
2252 194
2253 172
2254 136
2255 137
2256 124
2257 82
2258 55
2259 53
2260 93
2261 137
2262 159
2263 186
2264 218
2265 204
2266 15
2267 3
2268 0
2269 0
2270 0
2271 0
2272 0
2273 0
2274 0
2275 0
2276 0
2277 0
2278 8
2279 21
2280 0
2281 0
2282 0
2283 0
2284 0
2285 11
2286 36
2287 33
2288 11
2289 0
2290 0
2291 0
2292 0
2293 0
2294 61
2295 99
2296 146
2297 173
2298 194
2299 175
2300 138
2301 184
2302 166
2303 187
2304 163
2305 147
2306 104
2307 68
2308 155
2309 153
2310 160
2311 149
2312 110
2313 82
2314 41
2315 36
2316 81
2317 106
2318 147
2319 169
2320 168
2321 178
2322 14
2323 5
2324 1
2325 0
2326 0
2327 0
2328 0
2329 0
2330 0
2331 0
2332 0
2333 0
2334 8
2335 16
2336 0
2337 0
2338 0
2339 0
2340 0
2341 7
2342 32
2343 36
2344 9
2345 0
2346 0
2347 0
2348 0
2349 0
2350 77
2351 117
2352 154
2353 199
2354 175
2355 199
2356 184
2357 199
2358 195
2359 181
2360 178
2361 131
2362 98
2363 80
2364 203
2365 164
2366 205
2367 177
2368 141
2369 79
2370 62
2371 49
2372 90
2373 144
2374 136
2375 161
2376 162
2377 180
2378 18
2379 4
2380 0
2381 0
2382 0
2383 0
2384 0
2385 0
2386 0
2387 0
2388 0
2389 0
2390 5
2391 18
2392 0
2393 0
2394 0
2395 0
2396 0
2397 15
2398 21
2399 35
2400 9
2401 0
2402 0
2403 0
2404 0
2405 0
2406 61
2407 97
2408 131
2409 154
2410 152
2411 183
2412 171
2413 174
2414 180
2415 174
2416 158
2417 144
2418 95
2419 73
2420 177
2421 186
2422 155
2423 153
2424 101
2425 84
2426 41
2427 53
2428 71
2429 131
2430 165
2431 177
2432 185
2433 178
2434 21
2435 3
2436 0
2437 0
2438 0
2439 0
2440 0
2441 0
2442 0
2443 0
2444 0
2445 0
2446 5
2447 15
2448 0
2449 0
2450 0
2451 0
2452 0
2453 7
2454 37
2455 17
2456 5
2457 0
2458 0
2459 0
2460 0
2461 0
2462 64
2463 79
2464 137
2465 143
2466 154
2467 163
2468 172
2469 165
2470 175
2471 162
2472 147
2473 135
2474 109
2475 55
2476 149
2477 172
2478 141
2479 151
2480 116
2481 65
2482 39
2483 37
2484 74
2485 112
2486 134
2487 163
2488 170
2489 186
2490 16
2491 6
2492 0
2493 0
2494 0
2495 0
2496 0
2497 0
2498 0
2499 0
2500 0
2501 0
2502 2
2503 26
2504 0
2505 0
2506 0
2507 0
2508 0
2509 5
2510 22
2511 20
2512 12
2513 0
2514 0
2515 0
2516 0
2517 0
2518 44
2519 76
2520 86
2521 126
2522 126
2523 128
2524 149
2525 155
2526 168
2527 134
2528 129
2529 105
2530 80
2531 52
2532 123
2533 145
2534 108
2535 102
2536 102
2537 54
2538 27
2539 55
2540 74
2541 95
2542 119
2543 138
2544 118
2545 166
2546 18
2547 2
2548 0
2549 0
2550 0
2551 0
2552 0
2553 0
2554 0
2555 0
2556 0
2557 0
2558 6
2559 8
2560 0
2561 0
2562 0
2563 0
2564 1
2565 3
2566 25
2567 0
2568 0
2569 0
2570 0
2571 0
2572 0
2573 0
2574 46
2575 91
2576 117
2577 131
2578 131
2579 125
2580 126
2581 133
2582 134
2583 151
2584 128
2585 117
2586 80
2587 21
2588 143
2589 134
2590 135
2591 128
2592 77
2593 61
2594 41
2595 28
2596 54
2597 88
2598 124
2599 149
2600 160
2601 152
2602 7
2603 5
2604 0
2605 0
2606 0
2607 0
2608 0
2609 0
2610 0
2611 0
2612 0
2613 0
2614 3
2615 14
2616 0
2617 0
2618 0
2619 0
2620 0
2621 7
2622 29
2623 27
2624 5
2625 0
2626 0
2627 0
2628 0
2629 0
2630 55
2631 88
2632 112
2633 117
2634 111
2635 122
2636 129
2637 145
2638 132
2639 129
2640 125
2641 102
2642 71
2643 59
2644 148
2645 123
2646 118
2647 97
2648 89
2649 55
2650 40
2651 22
2652 53
2653 94
2654 122
2655 122
2656 136
2657 146
2658 10
2659 2
2660 2
2661 0
2662 0
2663 0
2664 0
2665 0
2666 0
2667 0
2668 0
2669 0
2670 4
2671 7
2672 0
2673 0
2674 0
2675 0
2676 0
2677 4
2678 23
2679 36
2680 2
2681 0
2682 0
2683 0
2684 0
2685 0
2686 75
2687 120
2688 146
2689 164
2690 209
2691 183
2692 195
2693 210
2694 205
2695 211
2696 191
2697 150
2698 108
2699 72
2700 192
2701 182
2702 172
2703 155
2704 117
2705 88
2706 34
2707 45
2708 92
2709 127
2710 157
2711 190
2712 196
2713 201
2714 12
2715 2
2716 0
2717 0
2718 0
2719 0
2720 0
2721 0
2722 0
2723 0
2724 0
2725 0
2726 4
2727 16
2728 0
2729 0
2730 0
2731 0
2732 0
2733 6
2734 34
2735 41
2736 11
2737 0
2738 0
2739 0
2740 0
2741 0
2742 62
2743 100
2744 121
2745 138
2746 153
2747 157
2748 165
2749 178
2750 177
2751 184
2752 179
2753 140
2754 99
2755 63
2756 167
2757 167
2758 155
2759 132
2760 94
2761 62
2762 32
2763 40
2764 84
2765 105
2766 154
2767 158
2768 155
2769 186
2770 17
2771 5
2772 0
2773 0
2774 0
2775 0
2776 0
2777 0
2778 0
2779 0
2780 0
2781 0
2782 5
2783 16
2784 0
2785 0
2786 0
2787 0
2788 0
2789 11
2790 35
2791 24
2792 10
2793 0
2794 0
2795 0
2796 0
2797 0
2798 64
2799 110
2800 132
2801 164
2802 170
2803 178
2804 190
2805 148
2806 172
2807 143
2808 159
2809 134
2810 65
2811 41
2812 193
2813 172
2814 205
2815 162
2816 118
2817 87
2818 32
2819 29
2820 85
2821 109
2822 142
2823 159
2824 168
2825 150
2826 8
2827 4
2828 0
2829 0
2830 0
2831 0
2832 0
2833 0
2834 0
2835 0
2836 0
2837 0
2838 2
2839 16
2840 0
2841 0
2842 0
2843 0
2844 1
2845 7
2846 34
2847 36
2848 8
2849 2
2850 0
2851 0
2852 0
2853 0
2854 52
2855 101
2856 145
2857 159
2858 170
2859 192
2860 185
2861 146
2862 189
2863 198
2864 155
2865 124
2866 93
2867 66
2868 166
2869 176
2870 199
2871 176
2872 121
2873 90
2874 41
2875 53
2876 67
2877 99
2878 118
2879 172
2880 179
2881 172
2882 23
2883 2
2884 0
2885 0
2886 0
2887 0
2888 0
2889 0
2890 0
2891 0
2892 0
2893 0
2894 6
2895 20
2896 0
2897 0
2898 0
2899 0
2900 0
2901 10
2902 24
2903 37
2904 12
2905 0
2906 0
2907 0
2908 0
2909 0
2910 61
2911 55
2912 81
2913 99
2914 87
2915 86
2916 97
2917 173
2918 160
2919 153
2920 131
2921 103
2922 95
2923 60
2924 166
2925 178
2926 183
2927 164
2928 90
2929 74
2930 26
2931 67
2932 98
2933 113
2934 147
2935 193
2936 184
2937 182
2938 14
2939 7
2940 0
2941 0
2942 0
2943 0
2944 0
2945 0
2946 0
2947 0
2948 0
2949 0
2950 1
2951 21
2952 0
2953 0
2954 0
2955 0
2956 0
2957 10
2958 35
2959 35
2960 9
2961 0
2962 0
2963 0
2964 0
2965 0
2966 61
2967 121
2968 120
2969 166
2970 191
2971 172
2972 166
2973 188
2974 170
2975 203
2976 160
2977 122
2978 103
2979 81
2980 178
2981 163
2982 165
2983 152
2984 112
2985 81
2986 50
2987 40
2988 83
2989 124
2990 165
2991 172
2992 199
2993 188
2994 25
2995 9
2996 0
2997 0
2998 0
2999 0
3000 0
3001 0
3002 0
3003 0
3004 0
3005 1
3006 11
3007 20
3008 0
3009 0
3010 0
3011 0
3012 0
3013 5
3014 28
3015 36
3016 8
3017 0
3018 0
3019 0
3020 0
3021 0
3022 55
3023 122
3024 145
3025 176
3026 187
3027 185
3028 200
3029 169
3030 203
3031 162
3032 171
3033 141
3034 105
3035 58
3036 207
3037 174
3038 179
3039 154
3040 127
3041 105
3042 43
3043 50
3044 83
3045 100
3046 135
3047 181
3048 190
3049 176
3050 28
3051 0
3052 0
3053 0
3054 0
3055 0
3056 0
3057 0
3058 0
3059 0
3060 0
3061 0
3062 4
3063 11
3064 0
3065 0
3066 0
3067 0
3068 0
3069 8
3070 19
3071 41
3072 7
3073 0
3074 0
3075 0
3076 0
3077 0
3078 46
3079 91
3080 107
3081 119
3082 149
3083 143
3084 140
3085 148
3086 140
3087 144
3088 134
3089 127
3090 88
3091 65
3092 154
3093 132
3094 141
3095 110
3096 113
3097 81
3098 47
3099 32
3100 79
3101 110
3102 154
3103 169
3104 188
3105 183
3106 25
3107 4
3108 0
3109 0
3110 0
3111 0
3112 0
3113 0
3114 0
3115 0
3116 0
3117 0
3118 9
3119 18
3120 0
3121 0
3122 0
3123 1
3124 7
3125 20
3126 43
3127 38
3128 22
3129 5
3130 1
3131 0
3132 0
3133 0
3134 81
3135 104
3136 115
3137 129
3138 122
3139 123
3140 114
3141 84
3142 88
3143 106
3144 95
3145 94
3146 68
3147 66
3148 130
3149 118
3150 107
3151 122
3152 100
3153 87
3154 56
3155 60
3156 57
3157 77
3158 96
3159 103
3160 77
3161 98
3162 53
3163 17
3164 8
3165 0
3166 0
3167 0
3168 0
3169 0
3170 0
3171 0
3172 2
3173 6
3174 7
3175 37
3176 0
3177 0
3178 0
3179 1
3180 10
3181 27
3182 56
3183 49
3184 35
3185 13
3186 0
3187 0
3188 0
3189 0
3190 90
3191 100
3192 121
3193 119
3194 120
3195 120
3196 114
3197 107
3198 112
3199 134
3200 104
3201 69
3202 92
3203 71
3204 114
3205 120
3206 124
3207 125
3208 97
3209 88
3210 62
3211 63
3212 93
3213 98
3214 113
3215 121
3216 122
3217 114
3218 37
3219 20
3220 12
3221 0
3222 0
3223 0
3224 0
3225 0
3226 0
3227 0
3228 0
3229 5
3230 24
3231 43
3232 0
3233 0
3234 0
3235 0
3236 15
3237 28
3238 47
3239 45
3240 31
3241 8
3242 1
3243 0
3244 0
3245 0
3246 65
3247 105
3248 102
3249 105
3250 112
3251 133
3252 125
3253 116
3254 121
3255 115
3256 96
3257 123
3258 89
3259 63
3260 123
3261 126
3262 111
3263 106
3264 117
3265 72
3266 69
3267 50
3268 89
3269 91
3270 111
3271 122
3272 106
3273 135
3274 32
3275 10
3276 6
3277 2
3278 0
3279 0
3280 0
3281 0
3282 0
3283 0
3284 1
3285 6
3286 17
3287 36
3288 0
3289 0
3290 0
3291 1
3292 12
3293 19
3294 55
3295 61
3296 31
3297 9
3298 3
3299 0
3300 0
3301 0
3302 63
3303 107
3304 108
3305 120
3306 107
3307 123
3308 117
3309 138
3310 112
3311 117
3312 130
3313 110
3314 100
3315 68
3316 123
3317 110
3318 116
3319 138
3320 66
3321 82
3322 49
3323 78
3324 93
3325 105
3326 119
3327 118
3328 132
3329 106
3330 33
3331 21
3332 3
3333 0
3334 0
3335 0
3336 0
3337 0
3338 0
3339 0
3340 0
3341 5
3342 19
3343 39
3344 0
3345 0
3346 0
3347 0
3348 9
3349 23
3350 59
3351 51
3352 30
3353 8
3354 2
3355 0
3356 0
3357 0
3358 83
3359 115
3360 96
3361 130
3362 127
3363 139
3364 118
3365 112
3366 132
3367 102
3368 113
3369 105
3370 102
3371 84
3372 141
3373 132
3374 132
3375 125
3376 107
3377 87
3378 53
3379 59
3380 103
3381 104
3382 107
3383 118
3384 129
3385 131
3386 36
3387 16
3388 0
3389 1
3390 0
3391 0
3392 0
3393 0
3394 0
3395 0
3396 1
3397 14
3398 20
3399 38
3400 0
3401 0
3402 0
3403 4
3404 5
3405 35
3406 45
3407 56
3408 34
3409 9
3410 2
3411 0
3412 0
3413 0
3414 66
3415 96
3416 68
3417 127
3418 117
3419 111
3420 115
3421 133
3422 130
3423 108
3424 127
3425 126
3426 98
3427 81
3428 85
3429 113
3430 111
3431 103
3432 102
3433 82
3434 82
3435 77
3436 82
3437 94
3438 98
3439 121
3440 143
3441 104
3442 40
3443 14
3444 4
3445 0
3446 0
3447 0
3448 0
3449 0
3450 0
3451 0
3452 1
3453 9
3454 14
3455 45
3456 0
3457 0
3458 0
3459 0
3460 9
3461 30
3462 52
3463 54
3464 17
3465 14
3466 1
3467 0
3468 0
3469 0
3470 88
3471 109
3472 107
3473 139
3474 129
3475 154
3476 121
3477 129
3478 120
3479 139
3480 109
3481 99
3482 91
3483 73
3484 131
3485 137
3486 111
3487 129
3488 119
3489 80
3490 56
3491 58
3492 85
3493 110
3494 115
3495 111
3496 88
3497 134
3498 39
3499 20
3500 4
3501 2
3502 0
3503 0
3504 0
3505 0
3506 0
3507 0
3508 0
3509 4
3510 13
3511 34
3512 0
3513 0
3514 0
3515 1
3516 3
3517 33
3518 49
3519 58
3520 23
3521 12
3522 3
3523 0
3524 0
3525 0
3526 84
3527 96
3528 110
3529 97
3530 125
3531 131
3532 104
3533 121
3534 121
3535 112
3536 127
3537 136
3538 83
3539 78
3540 125
3541 118
3542 108
3543 101
3544 104
3545 91
3546 64
3547 57
3548 74
3549 101
3550 92
3551 111
3552 91
3553 125
3554 44
3555 18
3556 7
3557 1
3558 0
3559 0
3560 0
3561 0
3562 0
3563 0
3564 1
3565 6
3566 21
3567 25
3568 0
3569 0
3570 0
3571 0
3572 13
3573 25
3574 54
3575 49
3576 25
3577 14
3578 1
3579 0
3580 0
3581 0
3582 60
3583 80
3584 86
3585 122
3586 123
3587 123
3588 133
3589 111
3590 143
3591 124
3592 104
3593 98
3594 112
3595 83
3596 121
3597 120
3598 118
3599 102
3600 86
3601 82
3602 70
3603 68
3604 91
3605 60
3606 100
3607 130
3608 139
3609 115
3610 40
3611 22
3612 9
3613 0
3614 0
3615 0
3616 0
3617 0
3618 0
3619 0
3620 0
3621 7
3622 27
3623 39
3624 0
3625 0
3626 0
3627 2
3628 4
3629 18
3630 27
3631 43
3632 20
3633 8
3634 1
3635 0
3636 0
3637 0
3638 45
3639 46
3640 60
3641 65
3642 58
3643 55
3644 92
3645 94
3646 86
3647 67
3648 72
3649 75
3650 68
3651 45
3652 125
3653 114
3654 110
3655 102
3656 113
3657 81
3658 74
3659 67
3660 87
3661 79
3662 96
3663 118
3664 108
3665 102
3666 34
3667 16
3668 6
3669 0
3670 0
3671 0
3672 0
3673 0
3674 0
3675 0
3676 0
3677 5
3678 28
3679 42
3680 0
3681 0
3682 0
3683 0
3684 3
3685 5
3686 7
3687 27
3688 13
3689 2
3690 0
3691 0
3692 0
3693 0
3694 25
3695 27
3696 26
3697 20
3698 38
3699 41
3700 55
3701 94
3702 72
3703 65
3704 55
3705 45
3706 53
3707 38
3708 94
3709 127
3710 111
3711 127
3712 105
3713 72
3714 71
3715 56
3716 86
3717 92
3718 122
3719 123
3720 138
3721 107
3722 26
3723 19
3724 8
3725 0
3726 0
3727 0
3728 0
3729 0
3730 0
3731 0
3732 4
3733 6
3734 20
3735 31
3736 0
3737 0
3738 0
3739 0
3740 0
3741 0
3742 1
3743 7
3744 3
3745 1
3746 0
3747 0
3748 0
3749 0
3750 2
3751 3
3752 1
3753 1
3754 7
3755 15
3756 47
3757 59
3758 18
3759 8
3760 5
3761 13
3762 3
3763 10
3764 80
3765 76
3766 107
3767 103
3768 103
3769 88
3770 66
3771 69
3772 84
3773 88
3774 110
3775 111
3776 86
3777 71
3778 41
3779 23
3780 10
3781 0
3782 0
3783 0
3784 0
3785 0
3786 0
3787 0
3788 0
3789 5
3790 15
3791 34
3792 0
3793 0
3794 0
3795 1
3796 2
3797 7
3798 5
3799 13
3800 3
3801 1
3802 0
3803 0
3804 0
3805 0
3806 23
3807 26
3808 36
3809 51
3810 38
3811 55
3812 68
3813 55
3814 30
3815 22
3816 28
3817 21
3818 11
3819 9
3820 68
3821 72
3822 93
3823 71
3824 63
3825 52
3826 44
3827 57
3828 74
3829 98
3830 90
3831 85
3832 90
3833 101
3834 22
3835 12
3836 5
3837 1
3838 0
3839 0
3840 0
3841 0
3842 0
3843 0
3844 1
3845 2
3846 9
3847 37
3848 0
3849 0
3850 0
3851 1
3852 5
3853 12
3854 33
3855 21
3856 10
3857 8
3858 1
3859 0
3860 0
3861 0
3862 43
3863 64
3864 76
3865 67
3866 75
3867 84
3868 71
3869 65
3870 57
3871 55
3872 57
3873 57
3874 50
3875 29
3876 61
3877 52
3878 48
3879 35
3880 37
3881 29
3882 21
3883 48
3884 54
3885 59
3886 58
3887 57
3888 65
3889 60
3890 18
3891 5
3892 1
3893 1
3894 0
3895 0
3896 0
3897 0
3898 0
3899 0
3900 0
3901 9
3902 12
3903 21
3904 0
3905 0
3906 0
3907 1
3908 8
3909 21
3910 40
3911 47
3912 23
3913 5
3914 0
3915 0
3916 0
3917 0
3918 73
3919 81
3920 98
3921 112
3922 128
3923 100
3924 72
3925 62
3926 90
3927 98
3928 96
3929 108
3930 81
3931 66
3932 44
3933 19
3934 8
3935 2
3936 2
3937 5
3938 3
3939 15
3940 15
3941 28
3942 29
3943 19
3944 37
3945 47
3946 1
3947 2
3948 2
3949 0
3950 0
3951 0
3952 0
3953 0
3954 0
3955 0
3956 0
3957 0
3958 3
3959 7
3960 0
3961 0
3962 0
3963 1
3964 7
3965 37
3966 48
3967 60
3968 35
3969 15
3970 1
3971 0
3972 0
3973 0
3974 61
3975 93
3976 103
3977 111
3978 120
3979 113
3980 68
3981 73
3982 116
3983 115
3984 117
3985 108
3986 100
3987 97
3988 52
3989 34
3990 29
3991 19
3992 20
3993 13
3994 13
3995 3
3996 1
3997 4
3998 3
3999 8
4000 12
4001 39
4002 6
4003 4
4004 1
4005 0
4006 0
4007 0
4008 0
4009 0
4010 0
4011 0
4012 0
4013 0
4014 0
4015 3
4016 0
4017 0
4018 0
4019 3
4020 12
4021 33
4022 59
4023 54
4024 25
4025 9
4026 1
4027 0
4028 0
4029 0
4030 82
4031 113
4032 126
4033 142
4034 131
4035 117
4036 114
4037 94
4038 135
4039 152
4040 115
4041 120
4042 98
4043 74
4044 85
4045 70
4046 68
4047 76
4048 73
4049 46
4050 26
4051 31
4052 42
4053 42
4054 49
4055 46
4056 51
4057 64
4058 20
4059 8
4060 1
4061 1
4062 0
4063 0
4064 0
4065 0
4066 0
4067 0
4068 2
4069 1
4070 6
4071 21
4072 0
4073 0
4074 0
4075 1
4076 9
4077 23
4078 49
4079 58
4080 25
4081 16
4082 1
4083 0
4084 0
4085 0
4086 89
4087 114
4088 110
4089 118
4090 104
4091 114
4092 85
4093 92
4094 117
4095 130
4096 125
4097 123
4098 84
4099 76
4100 109
4101 101
4102 95
4103 100
4104 95
4105 82
4106 56
4107 33
4108 52
4109 75
4110 77
4111 66
4112 97
4113 83
4114 37
4115 18
4116 8
4117 0
4118 0
4119 0
4120 0
4121 0
4122 0
4123 0
4124 0
4125 7
4126 10
4127 28
4128 0
4129 0
4130 0
4131 1
4132 16
4133 26
4134 54
4135 53
4136 28
4137 10
4138 1
4139 0
4140 0
4141 0
4142 87
4143 101
4144 0
4145 120
4146 107
4147 143
4148 110
4149 113
4150 140
4151 135
4152 125
4153 114
4154 92
4155 86
4156 123
4157 111
4158 127
4159 121
4160 107
4161 91
4162 43
4163 55
4164 76
4165 85
4166 90
4167 117
4168 123
4169 118
4170 35
4171 21
4172 3
4173 0
4174 0
4175 0
4176 0
4177 0
4178 0
4179 0
4180 0
4181 6
4182 17
4183 36
4184 0
4185 0
4186 0
4187 1
4188 8
4189 33
4190 63
4191 45
4192 19
4193 7
4194 1
4195 0
4196 0
4197 0
4198 66
4199 109
4200 121
4201 114
4202 118
4203 111
4204 135
4205 113
4206 117
4207 107
4208 85
4209 95
4210 89
4211 56
4212 110
4213 121
4214 116
4215 106
4216 114
4217 93
4218 65
4219 66
4220 85
4221 88
4222 111
4223 124
4224 105
4225 104
4226 38
4227 21
4228 5
4229 0
4230 0
4231 0
4232 0
4233 0
4234 0
4235 0
4236 2
4237 6
4238 16
4239 30
4240 0
4241 0
4242 0
4243 0
4244 7
4245 25
4246 60
4247 49
4248 21
4249 11
4250 3
4251 0
4252 0
4253 0
4254 57
4255 81
4256 123
4257 127
4258 104
4259 116
4260 116
4261 139
4262 135
4263 133
4264 126
4265 114
4266 110
4267 79
4268 100
4269 110
4270 106
4271 90
4272 101
4273 82
4274 61
4275 45
4276 92
4277 95
4278 136
4279 116
4280 136
4281 125
4282 24
4283 13
4284 7
4285 0
4286 0
4287 0
4288 0
4289 0
4290 0
4291 0
4292 0
4293 3
4294 16
4295 55
4296 0
4297 0
4298 0
4299 1
4300 14
4301 34
4302 60
4303 60
4304 26
4305 18
4306 1
4307 0
4308 0
4309 0
4310 75
4311 117
4312 113
4313 121
4314 118
4315 125
4316 128
4317 113
4318 127
4319 109
4320 114
4321 111
4322 110
4323 66
4324 105
4325 134
4326 128
4327 119
4328 76
4329 91
4330 79
4331 64
4332 78
4333 105
4334 138
4335 117
4336 125
4337 128
4338 47
4339 25
4340 3
4341 1
4342 0
4343 0
4344 0
4345 0
4346 0
4347 0
4348 1
4349 8
4350 17
4351 45
4352 0
4353 0
4354 0
4355 1
4356 10
4357 24
4358 43
4359 60
4360 23
4361 9
4362 1
4363 0
4364 0
4365 0
4366 72
4367 104
4368 104
4369 107
4370 136
4371 104
4372 129
4373 117
4374 129
4375 121
4376 122
4377 118
4378 110
4379 69
4380 137
4381 107
4382 131
4383 106
4384 111
4385 90
4386 62
4387 68
4388 95
4389 111
4390 116
4391 136
4392 115
4393 127
4394 36
4395 21
4396 10
4397 1
4398 0
4399 0
4400 0
4401 0
4402 0
4403 0
4404 0
4405 6
4406 20
4407 40
4408 0
4409 0
4410 0
4411 1
4412 8
4413 34
4414 44
4415 59
4416 32
4417 12
4418 3
4419 0
4420 0
4421 0
4422 0
4423 0
4424 0
4425 0
4426 0
4427 0
4428 0
4429 120
4430 123
4431 124
4432 105
4433 132
4434 86
4435 70
4436 123
4437 115
4438 109
4439 120
4440 96
4441 77
4442 52
4443 56
4444 96
4445 105
4446 100
4447 126
4448 119
4449 111
4450 39
4451 14
4452 8
4453 2
4454 0
4455 0
4456 0
4457 0
4458 0
4459 0
4460 1
4461 6
4462 21
4463 47
4464 0
4465 0
4466 0
4467 3
4468 9
4469 25
4470 61
4471 67
4472 27
4473 9
4474 2
4475 0
4476 0
4477 0
4478 60
4479 116
4480 112
4481 108
4482 110
4483 131
4484 110
4485 106
4486 125
4487 141
4488 137
4489 112
4490 92
4491 63
4492 115
4493 121
4494 126
4495 140
4496 111
4497 115
4498 65
4499 62
4500 87
4501 79
4502 123
4503 115
4504 127
4505 151
4506 36
4507 16
4508 4
4509 1
4510 0
4511 0
4512 0
4513 0
4514 0
4515 0
4516 1
4517 7
4518 16
4519 31
4520 0
4521 0
4522 0
4523 1
4524 11
4525 25
4526 46
4527 57
4528 44
4529 9
4530 1
4531 0
4532 0
4533 0
4534 77
4535 84
4536 106
4537 86
4538 80
4539 112
4540 95
4541 107
4542 117
4543 124
4544 111
4545 85
4546 98
4547 71
4548 99
4549 112
4550 105
4551 96
4552 88
4553 73
4554 57
4555 60
4556 84
4557 110
4558 114
4559 127
4560 115
4561 117
4562 30
4563 16
4564 7
4565 1
4566 0
4567 0
4568 0
4569 0
4570 0
4571 0
4572 2
4573 9
4574 22
4575 35
4576 0
4577 0
4578 0
4579 0
4580 10
4581 29
4582 52
4583 53
4584 43
4585 8
4586 3
4587 0
4588 0
4589 0
4590 73
4591 84
4592 123
4593 141
4594 142
4595 127
4596 138
4597 119
4598 119
4599 140
4600 122
4601 89
4602 81
4603 71
4604 144
4605 126
4606 153
4607 121
4608 99
4609 85
4610 71
4611 60
4612 96
4613 89
4614 129
4615 100
4616 123
4617 115
4618 27
4619 14
4620 7
4621 2
4622 0
4623 0
4624 0
4625 0
4626 0
4627 0
4628 1
4629 7
4630 26
4631 42
4632 0
4633 0
4634 0
4635 2
4636 10
4637 30
4638 61
4639 53
4640 25
4641 15
4642 2
4643 0
4644 0
4645 0
4646 75
4647 89
4648 94
4649 105
4650 104
4651 117
4652 111
4653 119
4654 115
4655 110
4656 110
4657 115
4658 93
4659 82
4660 108
4661 112
4662 115
4663 109
4664 86
4665 102
4666 68
4667 62
4668 70
4669 97
4670 99
4671 101
4672 107
4673 112
4674 41
4675 12
4676 7
4677 2
4678 0
4679 0
4680 0
4681 0
4682 0
4683 0
4684 0
4685 4
4686 18
4687 55
4688 0
4689 0
4690 0
4691 1
4692 9
4693 15
4694 64
4695 53
4696 35
4697 8
4698 2
4699 0
4700 0
4701 0
4702 86
4703 99
4704 121
4705 107
4706 136
4707 114
4708 139
4709 128
4710 139
4711 113
4712 129
4713 102
4714 113
4715 94
4716 129
4717 115
4718 129
4719 113
4720 104
4721 102
4722 60
4723 59
4724 85
4725 113
4726 134
4727 110
4728 121
4729 139
4730 42
4731 22
4732 6
4733 0
4734 0
4735 0
4736 0
4737 0
4738 0
4739 0
4740 1
4741 7
4742 26
4743 31
4744 0
4745 0
4746 0
4747 2
4748 8
4749 19
4750 43
4751 37
4752 16
4753 7
4754 1
4755 0
4756 0
4757 0
4758 63
4759 80
4760 98
4761 100
4762 86
4763 97
4764 96
4765 112
4766 92
4767 113
4768 98
4769 89
4770 84
4771 59
4772 95
4773 96
4774 95
4775 102
4776 90
4777 64
4778 53
4779 52
4780 49
4781 86
4782 97
4783 87
4784 77
4785 96
4786 38
4787 20
4788 12
4789 0
4790 0
4791 0
4792 0
4793 0
4794 0
4795 0
4796 0
4797 6
4798 10
4799 47
4800 0
4801 0
4802 0
4803 0
4804 14
4805 21
4806 51
4807 42
4808 21
4809 8
4810 1
4811 0
4812 0
4813 0
4814 83
4815 115
4816 102
4817 114
4818 110
4819 125
4820 114
4821 137
4822 125
4823 116
4824 118
4825 109
4826 99
4827 62
4828 121
4829 139
4830 121
4831 102
4832 105
4833 95
4834 60
4835 61
4836 95
4837 94
4838 115
4839 117
4840 117
4841 133
4842 38
4843 15
4844 5
4845 1
4846 0
4847 0
4848 0
4849 0
4850 0
4851 0
4852 1
4853 9
4854 20
4855 60
4856 0
4857 0
4858 0
4859 2
4860 9
4861 28
4862 58
4863 50
4864 23
4865 10
4866 2
4867 0
4868 0
4869 0
4870 74
4871 97
4872 100
4873 122
4874 120
4875 116
4876 90
4877 111
4878 120
4879 123
4880 126
4881 113
4882 105
4883 86
4884 124
4885 117
4886 127
4887 115
4888 87
4889 90
4890 62
4891 61
4892 87
4893 100
4894 120
4895 121
4896 127
4897 134
4898 45
4899 21
4900 8
4901 1
4902 0
4903 0
4904 0
4905 0
4906 0
4907 0
4908 0
4909 11
4910 18
4911 44
4912 0
4913 0
4914 0
4915 0
4916 13
4917 17
4918 54
4919 45
4920 26
4921 10
4922 0
4923 0
4924 0
4925 0
4926 71
4927 112
4928 105
4929 138
4930 130
4931 111
4932 132
4933 131
4934 133
4935 110
4936 124
4937 107
4938 102
4939 53
4940 127
4941 151
4942 111
4943 114
4944 109
4945 68
4946 62
4947 63
4948 90
4949 106
4950 97
4951 110
4952 137
4953 124
4954 37
4955 19
4956 4
4957 0
4958 0
4959 0
4960 0
4961 0
4962 0
4963 0
4964 2
4965 3
4966 19
4967 33
4968 0
4969 0
4970 0
4971 6
4972 8
4973 25
4974 52
4975 53
4976 21
4977 12
4978 0
4979 0
4980 0
4981 0
4982 79
4983 82
4984 92
4985 118
4986 122
4987 99
4988 123
4989 112
4990 126
4991 120
4992 118
4993 120
4994 95
4995 71
4996 111
4997 100
4998 129
4999 116
5000 123
5001 84
5002 68
5003 60
5004 83
5005 113
5006 129
5007 119
5008 106
5009 126
5010 37
5011 25
5012 8
5013 0
5014 0
5015 0
5016 0
5017 0
5018 0
5019 0
5020 0
5021 2
5022 19
5023 40
5024 0
5025 0
5026 0
5027 0
5028 0
5029 0
5030 0
5031 0
5032 0
5033 0
5034 0
5035 0
5036 0
5037 0
5038 57
5039 86
5040 84
5041 86
5042 101
5043 98
5044 98
5045 98
5046 66
5047 82
5048 72
5049 74
5050 71
5051 57
5052 100
5053 91
5054 86
5055 105
5056 64
5057 78
5058 49
5059 50
5060 74
5061 78
5062 77
5063 57
5064 84
5065 75
5066 27
5067 10
5068 3
5069 1
5070 0
5071 0
5072 0
5073 0
5074 0
5075 0
5076 0
5077 8
5078 15
5079 21
5080 0
5081 0
5082 0
5083 1
5084 6
5085 25
5086 32
5087 38
5088 30
5089 15
5090 1
5091 0
5092 0
5093 0
5094 51
5095 70
5096 78
5097 73
5098 88
5099 72
5100 68
5101 88
5102 96
5103 76
5104 87
5105 93
5106 66
5107 49
5108 70
5109 84
5110 70
5111 73
5112 64
5113 51
5114 49
5115 38
5116 67
5117 61
5118 90
5119 91
5120 68
5121 70
5122 33
5123 10
5124 7
5125 0
5126 0
5127 0
5128 0
5129 0
5130 0
5131 0
5132 0
5133 3
5134 20
5135 29
5136 0
5137 0
5138 0
5139 2
5140 11
5141 30
5142 41
5143 37
5144 25
5145 10
5146 1
5147 0
5148 0
5149 0
5150 93
5151 119
5152 119
5153 141
5154 151
5155 115
5156 137
5157 126
5158 133
5159 147
5160 109
5161 113
5162 105
5163 103
5164 125
5165 114
5166 138
5167 142
5168 118
5169 99
5170 68
5171 64
5172 94
5173 99
5174 131
5175 110
5176 120
5177 122
5178 39
5179 26
5180 1
5181 0
5182 0
5183 0
5184 0
5185 0
5186 0
5187 0
5188 0
5189 7
5190 18
5191 36
5192 0
5193 0
5194 0
5195 1
5196 8
5197 24
5198 44
5199 54
5200 35
5201 14
5202 1
5203 0
5204 0
5205 0
5206 67
5207 86
5208 81
5209 115
5210 118
5211 131
5212 110
5213 114
5214 117
5215 115
5216 125
5217 100
5218 86
5219 71
5220 121
5221 94
5222 126
5223 78
5224 99
5225 69
5226 59
5227 52
5228 74
5229 97
5230 96
5231 105
5232 131
5233 118
5234 46
5235 21
5236 6
5237 1
5238 0
5239 0
5240 0
5241 0
5242 0
5243 0
5244 1
5245 8
5246 19
5247 35
5248 0
5249 0
5250 0
5251 0
5252 12
5253 25
5254 53
5255 63
5256 38
5257 8
5258 0
5259 0
5260 0
5261 0
5262 94
5263 113
5264 119
5265 133
5266 145
5267 139
5268 134
5269 104
5270 130
5271 121
5272 121
5273 119
5274 103
5275 60
5276 146
5277 142
5278 107
5279 126
5280 120
5281 109
5282 63
5283 65
5284 88
5285 113
5286 109
5287 131
5288 126
5289 146
5290 43
5291 16
5292 9
5293 0
5294 0
5295 0
5296 0
5297 0
5298 0
5299 0
5300 0
5301 3
5302 25
5303 41
5304 0
5305 0
5306 0
5307 3
5308 9
5309 32
5310 61
5311 50
5312 19
5313 13
5314 0
5315 0
5316 0
5317 0
5318 88
5319 85
5320 121
5321 111
5322 107
5323 110
5324 105
5325 117
5326 133
5327 116
5328 107
5329 113
5330 100
5331 62
5332 115
5333 109
5334 102
5335 105
5336 88
5337 86
5338 68
5339 48
5340 74
5341 100
5342 109
5343 103
5344 106
5345 105
5346 41
5347 15
5348 9
5349 1
5350 0
5351 0
5352 0
5353 0
5354 0
5355 0
5356 0
5357 4
5358 23
5359 37
5360 0
5361 0
5362 0
5363 0
5364 9
5365 38
5366 48
5367 59
5368 34
5369 7
5370 0
5371 0
5372 0
5373 0
5374 81
5375 94
5376 107
5377 104
5378 126
5379 122
5380 129
5381 147
5382 149
5383 126
5384 121
5385 104
5386 116
5387 84
5388 112
5389 113
5390 116
5391 89
5392 105
5393 90
5394 65
5395 69
5396 90
5397 122
5398 123
5399 127
5400 138
5401 128
5402 43
5403 12
5404 7
5405 0
5406 0
5407 0
5408 0
5409 0
5410 0
5411 0
5412 0
5413 5
5414 21
5415 50
5416 0
5417 0
5418 0
5419 1
5420 6
5421 33
5422 54
5423 47
5424 23
5425 14
5426 1
5427 0
5428 0
5429 0
5430 74
5431 82
5432 116
5433 120
5434 110
5435 118
5436 91
5437 124
5438 101
5439 129
5440 119
5441 102
5442 104
5443 71
5444 120
5445 103
5446 109
5447 103
5448 97
5449 74
5450 56
5451 58
5452 71
5453 98
5454 75
5455 114
5456 104
5457 98
5458 35
5459 13
5460 8
5461 0
5462 0
5463 0
5464 0
5465 0
5466 0
5467 0
5468 0
5469 11
5470 16
5471 40
5472 0
5473 0
5474 0
5475 2
5476 9
5477 31
5478 59
5479 47
5480 31
5481 16
5482 0
5483 0
5484 0
5485 0
5486 77
5487 90
5488 111
5489 114
5490 140
5491 130
5492 114
5493 100
5494 122
5495 135
5496 132
5497 132
5498 106
5499 75
5500 117
5501 115
5502 112
5503 95
5504 107
5505 100
5506 64
5507 62
5508 98
5509 119
5510 117
5511 98
5512 102
5513 95
5514 39
5515 13
5516 12
5517 0
5518 0
5519 0
5520 0
5521 0
5522 0
5523 0
5524 1
5525 4
5526 18
5527 36
5528 0
5529 0
5530 0
5531 3
5532 11
5533 36
5534 72
5535 52
5536 38
5537 14
5538 1
5539 0
5540 0
5541 0
5542 77
5543 97
5544 123
5545 133
5546 99
5547 128
5548 99
5549 117
5550 115
5551 119
5552 97
5553 118
5554 114
5555 72
5556 104
5557 102
5558 110
5559 131
5560 108
5561 98
5562 63
5563 48
5564 93
5565 100
5566 117
5567 115
5568 97
5569 126
5570 57
5571 25
5572 6
5573 0
5574 0
5575 0
5576 0
5577 0
5578 0
5579 0
5580 1
5581 4
5582 15
5583 50
5584 0
5585 0
5586 0
5587 2
5588 11
5589 20
5590 50
5591 37
5592 28
5593 8
5594 0
5595 0
5596 0
5597 0
5598 92
5599 104
5600 106
5601 110
5602 125
5603 138
5604 143
5605 124
5606 121
5607 93
5608 115
5609 99
5610 85
5611 68
5612 122
5613 124
5614 128
5615 124
5616 105
5617 74
5618 66
5619 64
5620 83
5621 98
5622 121
5623 118
5624 131
5625 100
5626 37
5627 18
5628 4
5629 0
5630 0
5631 0
5632 0
5633 0
5634 0
5635 0
5636 1
5637 4
5638 17
5639 32
5640 0
5641 0
5642 0
5643 2
5644 11
5645 28
5646 56
5647 45
5648 14
5649 11
5650 0
5651 0
5652 0
5653 0
5654 61
5655 78
5656 99
5657 86
5658 110
5659 110
5660 119
5661 100
5662 107
5663 116
5664 105
5665 88
5666 107
5667 73
5668 95
5669 107
5670 103
5671 103
5672 96
5673 77
5674 60
5675 54
5676 84
5677 92
5678 112
5679 114
5680 103
5681 100
5682 29
5683 22
5684 5
5685 2
5686 0
5687 0
5688 0
5689 0
5690 0
5691 0
5692 1
5693 5
5694 21
5695 30
5696 0
5697 0
5698 0
5699 1
5700 10
5701 18
5702 40
5703 51
5704 25
5705 9
5706 1
5707 0
5708 0
5709 0
5710 59
5711 64
5712 90
5713 90
5714 108
5715 101
5716 107
5717 97
5718 110
5719 73
5720 72
5721 89
5722 79
5723 59
5724 99
5725 88
5726 87
5727 75
5728 79
5729 73
5730 57
5731 47
5732 50
5733 105
5734 94
5735 86
5736 79
5737 108
5738 38
5739 13
5740 6
5741 0
5742 0
5743 0
5744 0
5745 0
5746 0
5747 0
5748 0
5749 5
5750 13
5751 37
5752 0
5753 0
5754 0
5755 0
5756 0
5757 0
5758 0
5759 39
5760 14
5761 5
5762 1
5763 0
5764 0
5765 0
5766 64
5767 81
5768 81
5769 81
5770 100
5771 69
5772 82
5773 104
5774 86
5775 78
5776 100
5777 65
5778 72
5779 52
5780 89
5781 95
5782 105
5783 85
5784 77
5785 64
5786 47
5787 38
5788 78
5789 65
5790 82
5791 90
5792 90
5793 74
5794 24
5795 18
5796 5
5797 1
5798 0
5799 0
5800 0
5801 0
5802 0
5803 0
5804 0
5805 4
5806 14
5807 18
5808 0
5809 0
5810 0
5811 0
5812 4
5813 19
5814 53
5815 46
5816 17
5817 6
5818 2
5819 0
5820 0
5821 0
5822 63
5823 89
5824 87
5825 90
5826 99
5827 78
5828 90
5829 76
5830 88
5831 85
5832 84
5833 87
5834 80
5835 67
5836 104
5837 111
5838 71
5839 85
5840 86
5841 56
5842 41
5843 39
5844 60
5845 82
5846 96
5847 110
5848 81
5849 68
5850 27
5851 13
5852 2
5853 0
5854 0
5855 0
5856 0
5857 0
5858 0
5859 0
5860 0
5861 6
5862 12
5863 26
5864 0
5865 0
5866 0
5867 1
5868 9
5869 31
5870 36
5871 42
5872 25
5873 9
5874 0
5875 0
5876 0
5877 0
5878 69
5879 78
5880 68
5881 75
5882 95
5883 88
5884 80
5885 93
5886 86
5887 80
5888 72
5889 72
5890 66
5891 46
5892 96
5893 89
5894 100
5895 81
5896 67
5897 68
5898 43
5899 43
5900 64
5901 88
5902 84
5903 75
5904 84
5905 92
5906 31
5907 14
5908 3
5909 3
5910 0
5911 0
5912 0
5913 0
5914 0
5915 0
5916 1
5917 3
5918 10
5919 17
5920 0
5921 0
5922 0
5923 1
5924 5
5925 25
5926 60
5927 54
5928 26
5929 7
5930 0
5931 0
5932 0
5933 0
5934 84
5935 85
5936 119
5937 127
5938 140
5939 109
5940 120
5941 132
5942 139
5943 129
5944 141
5945 124
5946 100
5947 78
5948 123
5949 118
5950 107
5951 126
5952 81
5953 79
5954 65
5955 65
5956 84
5957 110
5958 106
5959 139
5960 121
5961 135
5962 37
5963 11
5964 4
5965 0
5966 0
5967 0
5968 0
5969 0
5970 0
5971 0
5972 0
5973 5
5974 17
5975 42
5976 0
5977 0
5978 0
5979 1
5980 16
5981 30
5982 44
5983 55
5984 33
5985 16
5986 2
5987 0
5988 0
5989 0
5990 77
5991 81
5992 104
5993 120
5994 127
5995 109
5996 116
5997 121
5998 115
5999 117
6000 119
6001 116
6002 82
6003 101
6004 129
6005 97
6006 102
6007 106
6008 79
6009 67
6010 61
6011 69
6012 84
6013 110
6014 96
6015 119
6016 122
6017 119
6018 36
6019 16
6020 6
6021 1
6022 0
6023 0
6024 0
6025 0
6026 0
6027 0
6028 0
6029 6
6030 14
6031 37
6032 0
6033 0
6034 0
6035 1
6036 12
6037 19
6038 29
6039 54
6040 27
6041 7
6042 1
6043 0
6044 0
6045 0
6046 53
6047 79
6048 109
6049 100
6050 99
6051 113
6052 93
6053 111
6054 92
6055 105
6056 118
6057 95
6058 97
6059 69
6060 106
6061 102
6062 108
6063 93
6064 100
6065 76
6066 60
6067 40
6068 82
6069 92
6070 114
6071 114
6072 107
6073 107
6074 23
6075 14
6076 4
6077 1
6078 0
6079 0
6080 0
6081 0
6082 0
6083 0
6084 0
6085 8
6086 16
6087 23
6088 0
6089 0
6090 0
6091 2
6092 16
6093 33
6094 51
6095 37
6096 29
6097 15
6098 2
6099 0
6100 0
6101 0
6102 81
6103 85
6104 78
6105 108
6106 105
6107 103
6108 78
6109 116
6110 110
6111 94
6112 109
6113 109
6114 100
6115 56
6116 102
6117 86
6118 109
6119 104
6120 77
6121 58
6122 64
6123 65
6124 75
6125 96
6126 132
6127 112
6128 109
6129 112
6130 32
6131 11
6132 2
6133 0
6134 0
6135 0
6136 0
6137 0
6138 0
6139 0
6140 2
6141 5
6142 8
6143 36
6144 0
6145 0
6146 0
6147 0
6148 11
6149 27
6150 50
6151 39
6152 34
6153 11
6154 2
6155 0
6156 0
6157 0
6158 79
6159 102
6160 117
6161 117
6162 132
6163 133
6164 133
6165 104
6166 130
6167 146
6168 130
6169 100
6170 98
6171 64
6172 123
6173 117
6174 149
6175 114
6176 142
6177 84
6178 70
6179 48
6180 83
6181 101
6182 117
6183 144
6184 115
6185 126
6186 35
6187 23
6188 5
6189 0
6190 0
6191 0
6192 0
6193 0
6194 0
6195 0
6196 0
6197 12
6198 16
6199 39
6200 0
6201 0
6202 0
6203 2
6204 10
6205 24
6206 47
6207 58
6208 34
6209 14
6210 1
6211 0
6212 0
6213 0
6214 0
6215 0
6216 0
6217 0
6218 0
6219 0
6220 0
6221 128
6222 132
6223 133
6224 116
6225 106
6226 86
6227 73
6228 98
6229 82
6230 111
6231 114
6232 101
6233 68
6234 53
6235 60
6236 79
6237 89
6238 126
6239 132
6240 126
6241 110
6242 34
6243 18
6244 6
6245 0
6246 0
6247 0
6248 0
6249 0
6250 0
6251 0
6252 0
6253 3
6254 27
6255 55
6256 0
6257 0
6258 0
6259 3
6260 12
6261 33
6262 66
6263 55
6264 26
6265 12
6266 1
6267 0
6268 0
6269 0
6270 82
6271 91
6272 124
6273 134
6274 136
6275 121
6276 140
6277 118
6278 111
6279 132
6280 136
6281 112
6282 92
6283 73
6284 115
6285 144
6286 119
6287 131
6288 105
6289 89
6290 64
6291 51
6292 91
6293 109
6294 123
6295 141
6296 109
6297 134
6298 33
6299 21
6300 13
6301 2
6302 0
6303 0
6304 0
6305 0
6306 0
6307 0
6308 0
6309 8
6310 14
6311 35
6312 0
6313 0
6314 0
6315 0
6316 15
6317 28
6318 44
6319 45
6320 28
6321 12
6322 2
6323 0
6324 0
6325 0
6326 73
6327 93
6328 113
6329 98
6330 113
6331 99
6332 122
6333 98
6334 121
6335 121
6336 121
6337 101
6338 90
6339 78
6340 84
6341 117
6342 119
6343 95
6344 93
6345 66
6346 66
6347 64
6348 75
6349 103
6350 91
6351 125
6352 112
6353 103
6354 32
6355 19
6356 5
6357 2
6358 0
6359 0
6360 0
6361 0
6362 0
6363 0
6364 2
6365 7
6366 17
6367 42
6368 0
6369 0
6370 0
6371 1
6372 8
6373 31
6374 53
6375 55
6376 31
6377 9
6378 1
6379 0
6380 0
6381 0
6382 70
6383 99
6384 100
6385 117
6386 120
6387 127
6388 115
6389 134
6390 142
6391 113
6392 120
6393 120
6394 97
6395 91
6396 111
6397 129
6398 132
6399 133
6400 117
6401 110
6402 73
6403 81
6404 78
6405 91
6406 107
6407 128
6408 130
6409 137
6410 37
6411 21
6412 10
6413 0
6414 0
6415 0
6416 0
6417 0
6418 0
6419 0
6420 0
6421 4
6422 14
6423 48
6424 0
6425 0
6426 0
6427 1
6428 8
6429 16
6430 32
6431 51
6432 35
6433 8
6434 3
6435 0
6436 0
6437 0
6438 60
6439 75
6440 63
6441 81
6442 104
6443 89
6444 88
6445 105
6446 76
6447 87
6448 96
6449 90
6450 86
6451 74
6452 94
6453 82
6454 77
6455 104
6456 64
6457 69
6458 65
6459 53
6460 76
6461 89
6462 85
6463 107
6464 95
6465 111
6466 41
6467 20
6468 7
6469 0
6470 0
6471 0
6472 0
6473 0
6474 0
6475 0
6476 1
6477 4
6478 21
6479 31
6480 0
6481 0
6482 0
6483 0
6484 0
6485 0
6486 0
6487 0
6488 0
6489 0
6490 0
6491 0
6492 0
6493 0
6494 0
6495 0
6496 0
6497 0
6498 1
6499 5
6500 14
6501 16
6502 6
6503 2
6504 0
6505 0
6506 0
6507 0
6508 18
6509 33
6510 28
6511 55
6512 38
6513 55
6514 50
6515 45
6516 42
6517 59
6518 53
6519 40
6520 44
6521 28
6522 49
6523 58
6524 35
6525 45
6526 49
6527 44
6528 38
6529 42
6530 42
6531 53
6532 55
6533 36
6534 64
6535 52
6536 60
6537 59
6538 51
6539 43
6540 32
6541 30
6542 27
6543 22
6544 25
6545 31
6546 37
6547 55
6548 48
6549 50
6550 10
6551 5
6552 1
6553 0
6554 0
6555 0
6556 0
6557 0
6558 0
6559 0
6560 0
6561 1
6562 4
6563 12
6564 0
6565 0
6566 0
6567 0
6568 0
6569 0
6570 0
6571 0
6572 0
6573 0
6574 0
6575 0
6576 0
6577 0
6578 0
6579 0
6580 0
6581 0
6582 0
6583 0
6584 0
6585 0
6586 0
6587 0
6588 0
6589 0
6590 0
6591 0
6592 0
6593 0
6594 0
6595 0
6596 0
6597 8
6598 25
6599 12
6600 10
6601 1
6602 0
6603 0
6604 0
6605 0
6606 32
6607 33
6608 55
6609 47
6610 42
6611 52
6612 50
6613 58
6614 59
6615 64
6616 57
6617 56
6618 36
6619 27
6620 67
6621 50
6622 54
6623 64
6624 46
6625 69
6626 58
6627 55
6628 61
6629 59
6630 55
6631 56
6632 54
6633 51
6634 53
6635 49
6636 63
6637 46
6638 49
6639 31
6640 24
6641 31
6642 32
6643 48
6644 51
6645 41
6646 50
6647 66
6648 15
6649 5
6650 0
6651 0
6652 0
6653 0
6654 0
6655 0
6656 0
6657 0
6658 0
6659 1
6660 8
6661 17
6662 0
6663 0
6664 0
6665 0
6666 0
6667 0
6668 0
6669 0
6670 0
6671 0
6672 0
6673 0
6674 0
6675 0
6676 0
6677 0
6678 0
6679 0
6680 0
6681 0
6682 0
6683 0
6684 0
6685 0
6686 0
6687 0
6688 0
6689 0
6690 0
6691 0
6692 0
6693 0
6694 1
6695 4
6696 25
6697 14
6698 4
6699 3
6700 0
6701 0
6702 0
6703 0
6704 20
6705 47
6706 52
6707 60
6708 69
6709 63
6710 62
6711 71
6712 64
6713 50
6714 62
6715 57
6716 33
6717 38
6718 65
6719 85
6720 72
6721 56
6722 65
6723 67
6724 54
6725 76
6726 65
6727 62
6728 68
6729 64
6730 56
6731 60
6732 66
6733 71
6734 50
6735 61
6736 53
6737 35
6738 21
6739 23
6740 36
6741 54
6742 46
6743 60
6744 66
6745 69
6746 17
6747 7
6748 0
6749 0
6750 0
6751 0
6752 0
6753 0
6754 0
6755 0
6756 0
6757 1
6758 8
6759 14
6760 0
6761 0
6762 0
6763 0
6764 0
6765 0
6766 0
6767 0
6768 0
6769 0
6770 0
6771 0
6772 0
6773 0
6774 0
6775 0
6776 0
6777 0
6778 0
6779 0
6780 0
6781 0
6782 0
6783 0
6784 0
6785 0
6786 0
6787 0
6788 0
6789 0
6790 0
6791 0
6792 4
6793 10
6794 21
6795 19
6796 8
6797 3
6798 0
6799 0
6800 0
6801 0
6802 35
6803 29
6804 48
6805 44
6806 51
6807 48
6808 57
6809 48
6810 44
6811 62
6812 53
6813 37
6814 40
6815 32
6816 43
6817 59
6818 51
6819 47
6820 63
6821 62
6822 65
6823 56
6824 48
6825 71
6826 58
6827 77
6828 53
6829 48
6830 56
6831 49
6832 55
6833 47
6834 48
6835 31
6836 30
6837 21
6838 29
6839 43
6840 34
6841 55
6842 56
6843 48
6844 6
6845 8
6846 1
6847 1
6848 0
6849 0
6850 0
6851 0
6852 0
6853 0
6854 0
6855 3
6856 3
6857 14
6858 0
6859 0
6860 0
6861 0
6862 0
6863 0
6864 0
6865 0
6866 0
6867 0
6868 0
6869 0
6870 0
6871 0
6872 0
6873 0
6874 0
6875 0
6876 0
6877 0
6878 0
6879 0
6880 0
6881 0
6882 0
6883 0
6884 0
6885 0
6886 0
6887 0
6888 0
6889 0
6890 3
6891 7
6892 22
6893 12
6894 8
6895 1
6896 0
6897 0
6898 0
6899 0
6900 40
6901 30
6902 46
6903 59
6904 48
6905 67
6906 57
6907 61
6908 72
6909 53
6910 62
6911 46
6912 38
6913 29
6914 83
6915 70
6916 54
6917 68
6918 63
6919 57
6920 88
6921 53
6922 49
6923 67
6924 68
6925 55
6926 72
6927 52
6928 67
6929 56
6930 54
6931 0
6932 49
6933 47
6934 23
6935 18
6936 40
6937 38
6938 57
6939 67
6940 64
6941 51
6942 12
6943 7
6944 0
6945 0
6946 0
6947 0
6948 0
6949 0
6950 0
6951 0
6952 0
6953 1
6954 3
6955 8
6956 0
6957 0
6958 0
6959 0
6960 0
6961 0
6962 0
6963 0
6964 0
6965 0
6966 0
6967 0
6968 0
6969 0
6970 0
6971 0
6972 0
6973 0
6974 0
6975 0
6976 0
6977 0
6978 0
6979 0
6980 0
6981 0
6982 0
6983 0
6984 0
6985 0
6986 0
6987 0
6988 3
6989 8
6990 16
6991 17
6992 7
6993 1
6994 0
6995 0
6996 0
6997 0
6998 33
6999 44
7000 30
7001 55
7002 53
7003 43
7004 48
7005 57
7006 46
7007 52
7008 50
7009 59
7010 29
7011 30
7012 60
7013 54
7014 49
7015 73
7016 59
7017 55
7018 60
7019 56
7020 47
7021 50
7022 58
7023 75
7024 53
7025 53
7026 56
7027 59
7028 54
7029 43
7030 41
7031 46
7032 22
7033 21
7034 17
7035 39
7036 49
7037 40
7038 62
7039 52
7040 15
7041 8
7042 1
7043 0
7044 0
7045 0
7046 0
7047 0
7048 0
7049 0
7050 0
7051 0
7052 6
7053 8
7054 0
7055 0
7056 0
7057 0
7058 0
7059 0
7060 0
7061 0
7062 0
7063 0
7064 0
7065 0
7066 0
7067 0
7068 0
7069 0
7070 0
7071 0
7072 0
7073 0
7074 0
7075 0
7076 0
7077 0
7078 0
7079 0
7080 0
7081 0
7082 0
7083 0
7084 0
7085 0
7086 2
7087 6
7088 21
7089 20
7090 8
7091 2
7092 0
7093 0
7094 0
7095 0
7096 31
7097 38
7098 53
7099 55
7100 56
7101 64
7102 79
7103 67
7104 65
7105 54
7106 62
7107 60
7108 36
7109 33
7110 60
7111 79
7112 61
7113 81
7114 63
7115 72
7116 67
7117 81
7118 59
7119 58
7120 72
7121 59
7122 52
7123 66
7124 77
7125 56
7126 70
7127 60
7128 39
7129 26
7130 24
7131 27
7132 29
7133 53
7134 47
7135 58
7136 70
7137 56
7138 7
7139 3
7140 1
7141 0
7142 0
7143 0
7144 0
7145 0
7146 0
7147 0
7148 0
7149 1
7150 10
7151 9
7152 0
7153 0
7154 0
7155 0
7156 0
7157 0
7158 0
7159 0
7160 0
7161 0
7162 0
7163 0
7164 0
7165 0
7166 0
7167 0
7168 0
7169 0
7170 0
7171 0
7172 0
7173 0
7174 0
7175 0
7176 0
7177 0
7178 0
7179 0
7180 0
7181 0
7182 0
7183 0
7184 0
7185 6
7186 24
7187 19
7188 6
7189 2
7190 0
7191 0
7192 0
7193 0
7194 30
7195 43
7196 48
7197 47
7198 49
7199 73
7200 53
7201 54
7202 77
7203 55
7204 67
7205 56
7206 49
7207 37
7208 68
7209 53
7210 61
7211 46
7212 55
7213 53
7214 57
7215 73
7216 64
7217 58
7218 51
7219 57
7220 79
7221 66
7222 64
7223 45
7224 52
7225 50
7226 46
7227 42
7228 26
7229 43
7230 46
7231 40
7232 62
7233 49
7234 57
7235 64
7236 7
7237 6
7238 0
7239 0
7240 0
7241 0
7242 0
7243 0
7244 0
7245 0
7246 0
7247 3
7248 8
7249 8
7250 0
7251 0
7252 0
7253 0
7254 0
7255 0
7256 0
7257 0
7258 0
7259 0
7260 0
7261 0
7262 0
7263 0
7264 0
7265 0
7266 0
7267 0
7268 0
7269 0
7270 0
7271 0
7272 0
7273 0
7274 0
7275 0
7276 0
7277 0
7278 0
7279 0
7280 0
7281 0
7282 1
7283 4
7284 10
7285 12
7286 4
7287 4
7288 0
7289 0
7290 0
7291 0
7292 15
7293 31
7294 29
7295 28
7296 30
7297 41
7298 40
7299 37
7300 46
7301 47
7302 24
7303 41
7304 31
7305 25
7306 44
7307 44
7308 45
7309 48
7310 57
7311 54
7312 0
7313 41
7314 35
7315 31
7316 39
7317 45
7318 43
7319 41
7320 37
7321 31
7322 35
7323 41
7324 38
7325 23
7326 16
7327 20
7328 24
7329 35
7330 37
7331 37
7332 35
7333 41
7334 3
7335 1
7336 0
7337 0
7338 0
7339 0
7340 0
7341 0
7342 0
7343 0
7344 0
7345 0
7346 0
7347 7
7348 0
7349 0
7350 0
7351 0
7352 0
7353 0
7354 0
7355 0
7356 0
7357 0
7358 0
7359 0
7360 0
7361 0
7362 0
7363 0
7364 0
7365 0
7366 0
7367 0
7368 0
7369 0
7370 0
7371 0
7372 0
7373 0
7374 0
7375 0
7376 0
7377 0
7378 0
7379 0
7380 0
7381 1
7382 13
7383 15
7384 7
7385 5
7386 0
7387 0
7388 0
7389 0
7390 21
7391 28
7392 40
7393 31
7394 37
7395 40
7396 36
7397 56
7398 47
7399 39
7400 38
7401 32
7402 35
7403 21
7404 46
7405 49
7406 49
7407 41
7408 32
7409 46
7410 36
7411 39
7412 46
7413 49
7414 44
7415 44
7416 43
7417 48
7418 42
7419 36
7420 29
7421 32
7422 26
7423 18
7424 15
7425 18
7426 17
7427 35
7428 37
7429 37
7430 48
7431 52
7432 8
7433 1
7434 2
7435 0
7436 0
7437 0
7438 0
7439 0
7440 0
7441 0
7442 0
7443 1
7444 4
7445 11
7446 0
7447 0
7448 0
7449 0
7450 0
7451 0
7452 0
7453 0
7454 0
7455 0
7456 0
7457 0
7458 0
7459 0
7460 0
7461 0
7462 0
7463 0
7464 0
7465 0
7466 0
7467 0
7468 0
7469 0
7470 0
7471 0
7472 0
7473 0
7474 0
7475 0
7476 0
7477 1
7478 1
7479 7
7480 19
7481 12
7482 8
7483 2
7484 0
7485 0
7486 0
7487 0
7488 26
7489 47
7490 58
7491 51
7492 67
7493 59
7494 65
7495 66
7496 79
7497 63
7498 54
7499 47
7500 31
7501 36
7502 69
7503 56
7504 59
7505 66
7506 60
7507 53
7508 59
7509 56
7510 44
7511 56
7512 82
7513 56
7514 77
7515 54
7516 54
7517 51
7518 51
7519 58
7520 41
7521 47
7522 23
7523 10
7524 35
7525 32
7526 61
7527 57
7528 57
7529 61
7530 12
7531 6
7532 2
7533 0
7534 0
7535 0
7536 0
7537 0
7538 0
7539 0
7540 0
7541 0
7542 7
7543 12
7544 0
7545 0
7546 0
7547 0
7548 0
7549 0
7550 0
7551 0
7552 0
7553 0
7554 0
7555 0
7556 0
7557 0
7558 0
7559 0
7560 0
7561 0
7562 0
7563 0
7564 0
7565 0
7566 0
7567 0
7568 0
7569 0
7570 0
7571 0
7572 0
7573 0
7574 0
7575 0
7576 1
7577 17
7578 10
7579 22
7580 3
7581 1
7582 0
7583 0
7584 0
7585 0
7586 42
7587 40
7588 55
7589 47
7590 43
7591 46
7592 64
7593 65
7594 54
7595 57
7596 55
7597 62
7598 44
7599 32
7600 61
7601 72
7602 48
7603 59
7604 57
7605 51
7606 77
7607 66
7608 65
7609 64
7610 58
7611 60
7612 72
7613 63
7614 54
7615 51
7616 37
7617 35
7618 55
7619 39
7620 30
7621 25
7622 37
7623 48
7624 44
7625 58
7626 64
7627 69
7628 21
7629 6
7630 2
7631 0
7632 0
7633 0
7634 0
7635 0
7636 0
7637 0
7638 0
7639 0
7640 7
7641 14
7642 0
7643 0
7644 0
7645 0
7646 0
7647 0
7648 0
7649 0
7650 0
7651 0
7652 0
7653 0
7654 0
7655 0
7656 0
7657 0
7658 0
7659 0
7660 0
7661 0
7662 0
7663 0
7664 0
7665 0
7666 0
7667 0
7668 0
7669 0
7670 0
7671 0
7672 0
7673 0
7674 1
7675 12
7676 13
7677 17
7678 6
7679 0
7680 0
7681 0
7682 0
7683 0
7684 25
7685 32
7686 42
7687 45
7688 39
7689 49
7690 56
7691 66
7692 63
7693 55
7694 52
7695 38
7696 33
7697 37
7698 36
7699 41
7700 59
7701 64
7702 57
7703 58
7704 68
7705 58
7706 67
7707 58
7708 67
7709 61
7710 71
7711 69
7712 73
7713 46
7714 55
7715 59
7716 35
7717 38
7718 35
7719 28
7720 29
7721 37
7722 46
7723 45
7724 48
7725 62
7726 20
7727 6
7728 0
7729 0
7730 0
7731 0
7732 0
7733 0
7734 0
7735 0
7736 0
7737 0
7738 7
7739 14
7740 0
7741 0
7742 0
7743 0
7744 0
7745 0
7746 0
7747 0
7748 0
7749 0
7750 0
7751 0
7752 0
7753 0
7754 0
7755 0
7756 0
7757 0
7758 0
7759 0
7760 0
7761 0
7762 0
7763 0
7764 0
7765 0
7766 0
7767 0
7768 0
7769 0
7770 0
7771 0
7772 3
7773 5
7774 7
7775 16
7776 3
7777 1
7778 0
7779 0
7780 0
7781 0
7782 14
7783 23
7784 16
7785 22
7786 34
7787 31
7788 29
7789 41
7790 32
7791 42
7792 32
7793 28
7794 28
7795 19
7796 34
7797 25
7798 35
7799 54
7800 65
7801 70
7802 63
7803 47
7804 59
7805 39
7806 48
7807 39
7808 32
7809 36
7810 60
7811 56
7812 70
7813 59
7814 40
7815 45
7816 20
7817 15
7818 43
7819 40
7820 40
7821 47
7822 43
7823 43
7824 12
7825 6
7826 1
7827 0
7828 0
7829 0
7830 0
7831 0
7832 0
7833 0
7834 0
7835 0
7836 2
7837 9
7838 0
7839 0
7840 0
7841 0
7842 0
7843 0
7844 0
7845 0
7846 0
7847 0
7848 0
7849 0
7850 0
7851 0
7852 0
7853 0
7854 0
7855 0
7856 0
7857 0
7858 0
7859 0
7860 0
7861 0
7862 0
7863 0
7864 0
7865 0
7866 0
7867 0
7868 0
7869 0
7870 1
7871 2
7872 4
7873 6
7874 3
7875 0
7876 0
7877 0
7878 0
7879 0
7880 6
7881 16
7882 21
7883 15
7884 18
7885 17
7886 14
7887 19
7888 33
7889 26
7890 32
7891 29
7892 22
7893 17
7894 19
7895 18
7896 32
7897 40
7898 40
7899 70
7900 57
7901 57
7902 65
7903 67
7904 51
7905 43
7906 28
7907 32
7908 70
7909 57
7910 42
7911 49
7912 41
7913 27
7914 24
7915 13
7916 41
7917 41
7918 42
7919 54
7920 60
7921 70
7922 11
7923 6
7924 2
7925 0
7926 0
7927 0
7928 0
7929 0
7930 0
7931 0
7932 0
7933 1
7934 6
7935 14
7936 0
7937 0
7938 0
7939 0
7940 0
7941 0
7942 0
7943 0
7944 0
7945 0
7946 0
7947 0
7948 0
7949 0
7950 0
7951 0
7952 0
7953 0
7954 0
7955 0
7956 0
7957 0
7958 0
7959 0
7960 0
7961 0
7962 0
7963 0
7964 0
7965 0
7966 0
7967 0
7968 0
7969 1
7970 1
7971 2
7972 3
7973 0
7974 0
7975 0
7976 0
7977 0
7978 2
7979 2
7980 2
7981 1
7982 4
7983 0
7984 0
7985 7
7986 10
7987 8
7988 6
7989 3
7990 5
7991 6
7992 1
7993 1
7994 8
7995 34
7996 40
7997 57
7998 60
7999 62
8000 60
8001 49
8002 25
8003 18
8004 11
8005 8
8006 59
8007 61
8008 61
8009 49
8010 0
8011 30
8012 30
8013 21
8014 31
8015 51
8016 47
8017 47
8018 54
8019 50
8020 11
8021 5
8022 1
8023 0
8024 0
8025 0
8026 0
8027 0
8028 0
8029 0
8030 0
8031 1
8032 5
8033 8
8034 0
8035 0
8036 0
8037 0
8038 0
8039 0
8040 0
8041 0
8042 0
8043 0
8044 0
8045 0
8046 0
8047 0
8048 0
8049 0
8050 0
8051 0
8052 0
8053 0
8054 0
8055 0
8056 0
8057 0
8058 0
8059 0
8060 0
8061 0
8062 0
8063 0
8064 0
8065 0
8066 0
8067 0
8068 0
8069 0
8070 0
8071 0
8072 0
8073 0
8074 0
8075 0
8076 1
8077 1
8078 1
8079 2
8080 0
8081 1
8082 0
8083 0
8084 0
8085 0
8086 0
8087 0
8088 0
8089 0
8090 1
8091 1
8092 12
8093 28
8094 51
8095 46
8096 50
8097 57
8098 39
8099 38
8100 37
8101 10
8102 5
8103 0
8104 30
8105 46
8106 59
8107 36
8108 40
8109 28
8110 31
8111 16
8112 32
8113 50
8114 58
8115 39
8116 59
8117 59
8118 11
8119 1
8120 1
8121 0
8122 0
8123 0
8124 0
8125 0
8126 0
8127 0
8128 0
8129 0
8130 1
8131 12
8132 0
8133 0
8134 0
8135 0
8136 0
8137 0
8138 0
8139 0
8140 0
8141 0
8142 0
8143 0
8144 0
8145 0
8146 0
8147 0
8148 0
8149 0
8150 0
8151 0
8152 0
8153 0
8154 0
8155 0
8156 0
8157 0
8158 0
8159 0
8160 0
8161 0
8162 0
8163 0
8164 0
8165 1
8166 3
8167 1
8168 1
8169 0
8170 0
8171 0
8172 0
8173 0
8174 8
8175 3
8176 9
8177 13
8178 12
8179 14
8180 25
8181 3
8182 4
8183 10
8184 3
8185 6
8186 3
8187 4
8188 19
8189 13
8190 21
8191 29
8192 30
8193 34
8194 37
8195 37
8196 42
8197 38
8198 30
8199 16
8200 6
8201 2
8202 28
8203 28
8204 24
8205 30
8206 22
8207 19
8208 16
8209 19
8210 33
8211 34
8212 43
8213 37
8214 34
8215 48
8216 5
8217 4
8218 2
8219 0
8220 0
8221 0
8222 0
8223 0
8224 0
8225 0
8226 0
8227 2
8228 1
8229 7
8230 0
8231 0
8232 0
8233 0
8234 0
8235 0
8236 0
8237 0
8238 0
8239 0
8240 0
8241 0
8242 0
8243 0
8244 0
8245 0
8246 0
8247 0
8248 0
8249 0
8250 0
8251 0
8252 0
8253 0
8254 0
8255 0
8256 0
8257 0
8258 0
8259 0
8260 0
8261 0
8262 1
8263 3
8264 10
8265 4
8266 4
8267 1
8268 0
8269 0
8270 0
8271 0
8272 14
8273 18
8274 21
8275 36
8276 27
8277 33
8278 33
8279 35
8280 23
8281 30
8282 18
8283 19
8284 17
8285 5
8286 26
8287 28
8288 46
8289 30
8290 30
8291 32
8292 32
8293 30
8294 38
8295 34
8296 28
8297 36
8298 24
8299 21
8300 31
8301 31
8302 35
8303 28
8304 24
8305 21
8306 14
8307 15
8308 24
8309 38
8310 29
8311 36
8312 38
8313 36
8314 2
8315 3
8316 0
8317 0
8318 0
8319 0
8320 0
8321 0
8322 0
8323 0
8324 0
8325 2
8326 9
8327 7
8328 0
8329 0
8330 0
8331 0
8332 0
8333 0
8334 0
8335 0
8336 0
8337 0
8338 0
8339 0
8340 0
8341 0
8342 0
8343 0
8344 0
8345 0
8346 0
8347 0
8348 0
8349 0
8350 0
8351 0
8352 0
8353 0
8354 0
8355 0
8356 0
8357 0
8358 0
8359 0
8360 1
8361 4
8362 8
8363 11
8364 3
8365 2
8366 0
8367 0
8368 0
8369 0
8370 22
8371 35
8372 47
8373 44
8374 56
8375 46
8376 47
8377 37
8378 33
8379 31
8380 36
8381 27
8382 27
8383 14
8384 58
8385 41
8386 30
8387 33
8388 14
8389 15
8390 10
8391 19
8392 21
8393 24
8394 25
8395 38
8396 41
8397 43
8398 9
8399 17
8400 11
8401 19
8402 6
8403 9
8404 4
8405 6
8406 11
8407 18
8408 21
8409 16
8410 15
8411 19
8412 0
8413 1
8414 0
8415 0
8416 0
8417 0
8418 0
8419 0
8420 0
8421 0
8422 0
8423 1
8424 0
8425 6
8426 0
8427 0
8428 0
8429 0
8430 0
8431 0
8432 0
8433 0
8434 0
8435 0
8436 0
8437 0
8438 0
8439 0
8440 0
8441 0
8442 0
8443 0
8444 0
8445 0
8446 0
8447 0
8448 0
8449 0
8450 0
8451 0
8452 0
8453 0
8454 0
8455 0
8456 0
8457 0
8458 1
8459 7
8460 16
8461 20
8462 2
8463 1
8464 0
8465 0
8466 0
8467 0
8468 28
8469 42
8470 56
8471 48
8472 53
8473 46
8474 74
8475 46
8476 56
8477 49
8478 54
8479 41
8480 43
8481 29
8482 76
8483 62
8484 43
8485 33
8486 13
8487 0
8488 0
8489 4
8490 9
8491 17
8492 32
8493 43
8494 61
8495 58
8496 0
8497 0
8498 0
8499 0
8500 0
8501 1
8502 0
8503 0
8504 3
8505 4
8506 3
8507 3
8508 2
8509 3
8510 0
8511 0
8512 0
8513 0
8514 0
8515 0
8516 0
8517 0
8518 0
8519 0
8520 0
8521 0
8522 2
8523 2
8524 0
8525 0
8526 0
8527 0
8528 0
8529 0
8530 0
8531 0
8532 0
8533 0
8534 0
8535 0
8536 0
8537 0
8538 0
8539 0
8540 0
8541 0
8542 0
8543 0
8544 0
8545 0
8546 0
8547 0
8548 0
8549 0
8550 0
8551 0
8552 0
8553 0
8554 0
8555 0
8556 1
8557 5
8558 20
8559 23
8560 9
8561 6
8562 0
8563 0
8564 0
8565 0
8566 35
8567 33
8568 52
8569 53
8570 55
8571 55
8572 67
8573 69
8574 51
8575 56
8576 66
8577 66
8578 43
8579 35
8580 48
8581 58
8582 40
8583 34
8584 16
8585 7
8586 6
8587 1
8588 1
8589 8
8590 29
8591 48
8592 81
8593 64
8594 1
8595 3
8596 2
8597 1
8598 1
8599 2
8600 3
8601 0
8602 0
8603 0
8604 0
8605 0
8606 0
8607 0
8608 0
8609 0
8610 0
8611 0
8612 0
8613 0
8614 0
8615 0
8616 0
8617 0
8618 0
8619 0
8620 0
8621 0
8622 0
8623 0
8624 0
8625 0
8626 0
8627 0
8628 0
8629 0
8630 0
8631 0
8632 0
8633 0
8634 0
8635 0
8636 0
8637 0
8638 0
8639 0
8640 0
8641 0
8642 0
8643 0
8644 0
8645 0
8646 0
8647 0
8648 0
8649 0
8650 0
8651 0
8652 0
8653 0
8654 1
8655 11
8656 9
8657 22
8658 4
8659 2
8660 0
8661 0
8662 0
8663 0
8664 35
8665 33
8666 48
8667 61
8668 56
8669 54
8670 61
8671 62
8672 57
8673 60
8674 59
8675 42
8676 27
8677 31
8678 85
8679 57
8680 56
8681 38
8682 35
8683 16
8684 21
8685 14
8686 16
8687 21
8688 34
8689 37
8690 54
8691 73
8692 20
8693 16
8694 30
8695 27
8696 22
8697 15
8698 8
8699 6
8700 5
8701 7
8702 8
8703 14
8704 12
8705 6
8706 7
8707 1
8708 1
8709 0
8710 0
8711 0
8712 0
8713 0
8714 0
8715 0
8716 0
8717 0
8718 1
8719 0
8720 0
8721 0
8722 0
8723 0
8724 0
8725 0
8726 0
8727 0
8728 0
8729 0
8730 0
8731 0
8732 0
8733 0
8734 0
8735 0
8736 0
8737 0
8738 0
8739 0
8740 0
8741 0
8742 0
8743 0
8744 0
8745 0
8746 0
8747 0
8748 0
8749 0
8750 0
8751 0
8752 8
8753 7
8754 16
8755 21
8756 9
8757 1
8758 0
8759 0
8760 0
8761 0
8762 49
8763 45
8764 42
8765 54
8766 57
8767 67
8768 70
8769 68
8770 66
8771 61
8772 67
8773 52
8774 36
8775 35
8776 66
8777 63
8778 56
8779 50
8780 31
8781 34
8782 36
8783 35
8784 27
8785 28
8786 39
8787 57
8788 81
8789 63
8790 30
8791 48
8792 34
8793 35
8794 30
8795 8
8796 10
8797 13
8798 17
8799 25
8800 27
8801 30
8802 18
8803 43
8804 7
8805 2
8806 1
8807 0
8808 0
8809 0
8810 0
8811 0
8812 0
8813 0
8814 0
8815 1
8816 0
8817 9
8818 0
8819 0
8820 0
8821 0
8822 0
8823 0
8824 0
8825 0
8826 0
8827 0
8828 0
8829 0
8830 0
8831 0
8832 0
8833 0
8834 0
8835 0
8836 0
8837 0
8838 0
8839 0
8840 0
8841 0
8842 0
8843 0
8844 0
8845 0
8846 0
8847 0
8848 0
8849 0
8850 1
8851 5
8852 24
8853 15
8854 14
8855 1
8856 0
8857 0
8858 0
8859 0
8860 30
8861 50
8862 66
8863 67
8864 61
8865 57
8866 58
8867 66
8868 73
8869 65
8870 59
8871 54
8872 36
8873 32
8874 60
8875 50
8876 55
8877 54
8878 63
8879 60
8880 49
8881 41
8882 58
8883 42
8884 43
8885 52
8886 64
8887 50
8888 59
8889 51
8890 46
8891 56
8892 34
8893 32
8894 26
8895 23
8896 17
8897 30
8898 41
8899 40
8900 51
8901 33
8902 9
8903 7
8904 0
8905 0
8906 0
8907 0
8908 0
8909 0
8910 0
8911 0
8912 0
8913 1
8914 7
8915 8
8916 0
8917 0
8918 0
8919 0
8920 0
8921 0
8922 0
8923 0
8924 0
8925 0
8926 0
8927 0
8928 0
8929 0
8930 0
8931 0
8932 0
8933 0
8934 0
8935 0
8936 0
8937 0
8938 0
8939 0
8940 0
8941 0
8942 0
8943 0
8944 0
8945 0
8946 0
8947 0
8948 5
8949 9
8950 19
8951 12
8952 7
8953 2
8954 0
8955 0
8956 0
8957 0
8958 49
8959 32
8960 54
8961 37
8962 56
8963 58
8964 68
8965 62
8966 48
8967 64
8968 58
8969 45
8970 29
8971 25
8972 71
8973 62
8974 56
8975 53
8976 64
8977 61
8978 65
8979 59
8980 54
8981 61
8982 51
8983 56
8984 66
8985 79
8986 45
8987 47
8988 51
8989 49
8990 52
8991 31
8992 23
8993 20
8994 38
8995 36
8996 51
8997 63
8998 47
8999 53
9000 8
9001 3
9002 0
9003 0
9004 0
9005 0
9006 0
9007 0
9008 0
9009 0
9010 0
9011 0
9012 2
9013 24
9014 0
9015 0
9016 0
9017 0
9018 0
9019 0
9020 0
9021 0
9022 0
9023 0
9024 0
9025 0
9026 0
9027 0
9028 0
9029 0
9030 0
9031 0
9032 0
9033 0
9034 0
9035 0
9036 0
9037 0
9038 0
9039 0
9040 0
9041 0
9042 0
9043 0
9044 0
9045 0
9046 3
9047 0
9048 11
9049 15
9050 11
9051 2
9052 0
9053 0
9054 0
9055 0
9056 21
9057 39
9058 44
9059 46
9060 44
9061 52
9062 49
9063 54
9064 45
9065 37
9066 37
9067 53
9068 45
9069 34
9070 58
9071 61
9072 59
9073 58
9074 59
9075 51
9076 71
9077 58
9078 49
9079 51
9080 59
9081 58
9082 85
9083 62
9084 70
9085 56
9086 54
9087 40
9088 38
9089 35
9090 18
9091 25
9092 25
9093 45
9094 62
9095 60
9096 70
9097 61
9098 13
9099 2
9100 3
9101 0
9102 0
9103 0
9104 0
9105 0
9106 0
9107 0
9108 0
9109 0
9110 4
9111 14
9112 0
9113 0
9114 0
9115 0
9116 0
9117 0
9118 0
9119 0
9120 0
9121 0
9122 0
9123 0
9124 0
9125 0
9126 0
9127 0
9128 0
9129 0
9130 0
9131 0
9132 0
9133 0
9134 0
9135 0
9136 0
9137 0
9138 0
9139 0
9140 0
9141 0
9142 0
9143 0
9144 2
9145 4
9146 19
9147 17
9148 9
9149 0
9150 0
9151 0
9152 0
9153 0
9154 34
9155 48
9156 53
9157 64
9158 56
9159 63
9160 59
9161 44
9162 38
9163 44
9164 55
9165 36
9166 29
9167 31
9168 64
9169 63
9170 56
9171 63
9172 48
9173 67
9174 72
9175 50
9176 54
9177 48
9178 40
9179 62
9180 49
9181 58
9182 52
9183 54
9184 62
9185 51
9186 45
9187 34
9188 23
9189 16
9190 37
9191 55
9192 48
9193 52
9194 48
9195 46
9196 16
9197 5
9198 0
9199 0
9200 0
9201 0
9202 0
9203 0
9204 0
9205 0
9206 0
9207 1
9208 5
9209 13
9210 0
9211 0
9212 0
9213 0
9214 0
9215 0
9216 0
9217 0
9218 0
9219 0
9220 0
9221 0
9222 0
9223 0
9224 0
9225 0
9226 0
9227 0
9228 0
9229 0
9230 0
9231 0
9232 0
9233 0
9234 0
9235 0
9236 0
9237 0
9238 0
9239 0
9240 0
9241 0
9242 1
9243 4
9244 11
9245 11
9246 5
9247 1
9248 0
9249 0
9250 0
9251 0
9252 0
9253 0
9254 0
9255 0
9256 0
9257 0
9258 0
9259 39
9260 51
9261 41
9262 38
9263 39
9264 31
9265 33
9266 46
9267 37
9268 33
9269 44
9270 35
9271 31
9272 43
9273 38
9274 47
9275 47
9276 54
9277 57
9278 59
9279 44
9280 51
9281 41
9282 41
9283 34
9284 30
9285 13
9286 12
9287 19
9288 27
9289 35
9290 34
9291 44
9292 42
9293 48
9294 9
9295 2
9296 0
9297 0
9298 0
9299 0
9300 0
9301 0
9302 0
9303 0
9304 0
9305 0
9306 2
9307 10
9308 0
9309 0
9310 0
9311 0
9312 0
9313 0
9314 0
9315 0
9316 0
9317 0
9318 0
9319 0
9320 0
9321 0
9322 0
9323 0
9324 0
9325 0
9326 0
9327 0
9328 0
9329 0
9330 0
9331 0
9332 0
9333 0
9334 0
9335 0
9336 0
9337 0
9338 0
9339 0
9340 3
9341 10
9342 15
9343 18
9344 4
9345 0
9346 0
9347 0
9348 0
9349 0
9350 15
9351 34
9352 41
9353 43
9354 42
9355 50
9356 47
9357 36
9358 48
9359 63
9360 49
9361 23
9362 25
9363 27
9364 36
9365 36
9366 38
9367 47
9368 39
9369 50
9370 43
9371 43
9372 40
9373 38
9374 37
9375 31
9376 36
9377 33
9378 39
9379 57
9380 41
9381 45
9382 29
9383 30
9384 18
9385 11
9386 15
9387 24
9388 36
9389 32
9390 44
9391 24
9392 9
9393 2
9394 1
9395 0
9396 0
9397 0
9398 0
9399 0
9400 0
9401 0
9402 0
9403 1
9404 5
9405 7
9406 0
9407 0
9408 0
9409 0
9410 0
9411 0
9412 0
9413 0
9414 0
9415 0
9416 0
9417 0
9418 0
9419 0
9420 0
9421 0
9422 0
9423 0
9424 0
9425 0
9426 0
9427 0
9428 0
9429 0
9430 0
9431 0
9432 0
9433 0
9434 0
9435 0
9436 0
9437 0
9438 1
9439 11
9440 16
9441 23
9442 10
9443 2
9444 0
9445 0
9446 0
9447 0
9448 37
9449 40
9450 67
9451 60
9452 72
9453 57
9454 56
9455 79
9456 73
9457 71
9458 56
9459 49
9460 49
9461 31
9462 55
9463 66
9464 75
9465 56
9466 69
9467 78
9468 76
9469 79
9470 62
9471 59
9472 74
9473 69
9474 66
9475 69
9476 54
9477 69
9478 61
9479 53
9480 55
9481 35
9482 33
9483 23
9484 54
9485 49
9486 54
9487 54
9488 61
9489 75
9490 20
9491 6
9492 0
9493 0
9494 0
9495 0
9496 0
9497 0
9498 0
9499 0
9500 0
9501 1
9502 3
9503 15
9504 0
9505 0
9506 0
9507 0
9508 0
9509 0
9510 0
9511 0
9512 0
9513 0
9514 0
9515 0
9516 0
9517 0
9518 0
9519 0
9520 0
9521 0
9522 0
9523 0
9524 0
9525 0
9526 0
9527 0
9528 0
9529 0
9530 0
9531 0
9532 0
9533 0
9534 0
9535 0
9536 1
9537 8
9538 11
9539 26
9540 5
9541 4
9542 0
9543 0
9544 0
9545 0
9546 23
9547 28
9548 51
9549 54
9550 47
9551 46
9552 38
9553 66
9554 63
9555 60
9556 50
9557 45
9558 32
9559 35
9560 57
9561 56
9562 46
9563 61
9564 56
9565 57
9566 49
9567 64
9568 52
9569 56
9570 56
9571 56
9572 63
9573 60
9574 51
9575 49
9576 50
9577 50
9578 47
9579 33
9580 20
9581 23
9582 31
9583 37
9584 56
9585 46
9586 56
9587 70
9588 18
9589 8
9590 0
9591 0
9592 0
9593 0
9594 0
9595 0
9596 0
9597 0
9598 0
9599 2
9600 2
9601 14
9602 0
9603 0
9604 0
9605 0
9606 0
9607 0
9608 0
9609 0
9610 0
9611 0
9612 0
9613 0
9614 0
9615 0
9616 0
9617 0
9618 0
9619 0
9620 0
9621 0
9622 0
9623 0
9624 0
9625 0
9626 0
9627 0
9628 0
9629 0
9630 0
9631 0
9632 0
9633 0
9634 2
9635 11
9636 22
9637 18
9638 9
9639 1
9640 0
9641 0
9642 0
9643 0
9644 31
9645 46
9646 35
9647 41
9648 46
9649 42
9650 0
9651 56
9652 60
9653 60
9654 59
9655 53
9656 38
9657 29
9658 45
9659 62
9660 46
9661 55
9662 66
9663 50
9664 64
9665 55
9666 59
9667 52
9668 67
9669 51
9670 51
9671 75
9672 63
9673 58
9674 65
9675 39
9676 37
9677 35
9678 40
9679 22
9680 30
9681 45
9682 66
9683 61
9684 50
9685 62
9686 11
9687 6
9688 0
9689 0
9690 0
9691 0
9692 0
9693 0
9694 0
9695 0
9696 0
9697 2
9698 6
9699 8
9700 0
9701 0
9702 0
9703 0
9704 0
9705 0
9706 0
9707 0
9708 0
9709 0
9710 0
9711 0
9712 0
9713 0
9714 0
9715 0
9716 0
9717 0
9718 0
9719 0
9720 0
9721 0
9722 0
9723 0
9724 0
9725 0
9726 0
9727 0
9728 0
9729 0
9730 0
9731 0
9732 1
9733 6
9734 22
9735 16
9736 8
9737 1
9738 0
9739 0
9740 0
9741 0
9742 31
9743 33
9744 34
9745 38
9746 38
9747 49
9748 45
9749 13
9750 11
9751 6
9752 7
9753 8
9754 12
9755 25
9756 34
9757 45
9758 44
9759 37
9760 66
9761 67
9762 59
9763 52
9764 67
9765 58
9766 33
9767 15
9768 8
9769 14
9770 43
9771 53
9772 55
9773 39
9774 46
9775 27
9776 18
9777 17
9778 28
9779 44
9780 45
9781 60
9782 57
9783 57
9784 9
9785 9
9786 2
9787 0
9788 0
9789 0
9790 0
9791 0
9792 0
9793 0
9794 0
9795 1
9796 5
9797 17
9798 0
9799 0
9800 0
9801 0
9802 0
9803 0
9804 0
9805 0
9806 0
9807 0
9808 0
9809 0
9810 0
9811 0
9812 0
9813 0
9814 0
9815 0
9816 0
9817 0
9818 0
9819 0
9820 0
9821 0
9822 0
9823 0
9824 0
9825 0
9826 0
9827 0
9828 0
9829 0
9830 3
9831 7
9832 22
9833 22
9834 7
9835 5
9836 0
9837 0
9838 0
9839 0
9840 35
9841 36
9842 64
9843 58
9844 78
9845 49
9846 65
9847 61
9848 70
9849 56
9850 54
9851 43
9852 25
9853 32
9854 57
9855 76
9856 64
9857 51
9858 57
9859 84
9860 55
9861 74
9862 64
9863 63
9864 62
9865 40
9866 61
9867 63
9868 73
9869 77
9870 57
9871 65
9872 54
9873 39
9874 27
9875 14
9876 33
9877 45
9878 52
9879 54
9880 59
9881 63
9882 15
9883 6
9884 1
9885 0
9886 0
9887 0
9888 0
9889 0
9890 0
9891 0
9892 0
9893 0
9894 5
9895 6
9896 0
9897 0
9898 0
9899 0
9900 0
9901 0
9902 0
9903 0
9904 0
9905 0
9906 0
9907 0
9908 0
9909 0
9910 0
9911 0
9912 0
9913 0
9914 0
9915 0
9916 0
9917 0
9918 0
9919 0
9920 0
9921 0
9922 0
9923 0
9924 0
9925 0
9926 0
9927 0
9928 1
9929 9
9930 22
9931 21
9932 7
9933 0
9934 0
9935 0
9936 0
9937 0
9938 36
9939 40
9940 40
9941 56
9942 32
9943 46
9944 48
9945 55
9946 65
9947 45
9948 57
9949 52
9950 38
9951 40
9952 43
9953 58
9954 40
9955 57
9956 34
9957 62
9958 45
9959 54
9960 67
9961 70
9962 64
9963 63
9964 46
9965 62
9966 67
9967 46
9968 40
9969 43
9970 42
9971 25
9972 20
9973 17
9974 34
9975 47
9976 53
9977 69
9978 65
9979 61
9980 9
9981 11
9982 2
9983 0
9984 0
9985 0
9986 0
9987 0
9988 0
9989 0
9990 0
9991 1
9992 7
9993 19
9994 0
9995 0
9996 0
9997 0
9998 0
9999 0
10000 0
10001 0
10002 0
10003 0
10004 0
10005 0
10006 0
10007 0
10008 0
10009 0
10010 0
10011 0
10012 0
10013 0
10014 0
10015 0
10016 0
10017 0
10018 0
10019 0
10020 0
10021 0
10022 0
10023 0
10024 0
10025 0
10026 3
10027 6
10028 30
10029 15
10030 6
10031 1
10032 0
10033 0
10034 0
10035 0
10036 30
10037 38
10038 33
10039 48
10040 50
10041 53
10042 67
10043 41
10044 61
10045 56
10046 46
10047 48
10048 47
10049 28
10050 72
10051 59
10052 54
10053 55
10054 52
10055 71
10056 54
10057 52
10058 61
10059 49
10060 60
10061 58
10062 59
10063 64
10064 50
10065 59
10066 47
10067 58
10068 36
10069 24
10070 19
10071 14
10072 34
10073 47
10074 50
10075 47
10076 52
10077 55
10078 19
10079 7
10080 1
10081 0
10082 0
10083 0
10084 0
10085 0
10086 0
10087 0
10088 0
10089 1
10090 5
10091 16
10092 0
10093 0
10094 0
10095 0
10096 0
10097 0
10098 0
10099 0
10100 0
10101 0
10102 0
10103 0
10104 0
10105 0
10106 0
10107 0
10108 0
10109 0
10110 0
10111 0
10112 0
10113 0
10114 0
10115 0
10116 0
10117 0
10118 0
10119 0
10120 0
10121 0
10122 0
10123 0
10124 0
10125 10
10126 17
10127 20
10128 8
10129 2
10130 0
10131 0
10132 0
10133 0
10134 31
10135 39
10136 42
10137 52
10138 62
10139 67
10140 64
10141 63
10142 44
10143 60
10144 53
10145 44
10146 39
10147 31
10148 64
10149 63
10150 44
10151 64
10152 49
10153 67
10154 57
10155 57
10156 57
10157 61
10158 72
10159 60
10160 67
10161 65
10162 67
10163 46
10164 46
10165 48
10166 39
10167 39
10168 31
10169 21
10170 37
10171 52
10172 40
10173 63
10174 69
10175 58
10176 8
10177 4
10178 2
10179 0
10180 0
10181 0
10182 0
10183 0
10184 0
10185 0
10186 0
10187 2
10188 4
10189 7
10190 0
10191 0
10192 0
10193 0
10194 0
10195 0
10196 0
10197 0
10198 0
10199 0
10200 0
10201 0
10202 0
10203 0
10204 0
10205 0
10206 0
10207 0
10208 0
10209 0
10210 0
10211 0
10212 0
10213 0
10214 0
10215 0
10216 0
10217 0
10218 0
10219 0
10220 0
10221 0
10222 1
10223 4
10224 16
10225 20
10226 12
10227 2
10228 0
10229 0
10230 0
10231 0
10232 34
10233 39
10234 46
10235 63
10236 51
10237 69
10238 62
10239 63
10240 57
10241 57
10242 53
10243 57
10244 41
10245 28
10246 47
10247 56
10248 61
10249 77
10250 49
10251 61
10252 69
10253 50
10254 63
10255 48
10256 57
10257 70
10258 72
10259 40
10260 53
10261 55
10262 45
10263 64
10264 51
10265 32
10266 35
10267 25
10268 39
10269 44
10270 59
10271 56
10272 51
10273 43
10274 7
10275 8
10276 1
10277 0
10278 0
10279 0
10280 0
10281 0
10282 0
10283 0
10284 0
10285 1
10286 2
10287 20
10288 0
10289 0
10290 0
10291 0
10292 0
10293 0
10294 0
10295 0
10296 0
10297 0
10298 0
10299 0
10300 0
10301 0
10302 0
10303 0
10304 0
10305 0
10306 0
10307 0
10308 0
10309 0
10310 0
10311 0
10312 0
10313 0
10314 0
10315 0
10316 0
10317 0
10318 0
10319 0
10320 4
10321 5
10322 21
10323 23
10324 10
10325 2
10326 0
10327 0
10328 0
10329 0
10330 40
10331 46
10332 56
10333 56
10334 52
10335 54
10336 65
10337 67
10338 50
10339 44
10340 51
10341 46
10342 46
10343 33
10344 59
10345 55
10346 54
10347 72
10348 60
10349 62
10350 69
10351 53
10352 53
10353 53
10354 79
10355 60
10356 65
10357 67
10358 54
10359 64
10360 69
10361 44
10362 42
10363 47
10364 12
10365 17
10366 32
10367 49
10368 45
10369 55
10370 57
10371 74
10372 15
10373 11
10374 1
10375 0
10376 0
10377 0
10378 0
10379 0
10380 0
10381 0
10382 0
10383 1
10384 5
10385 14
10386 0
10387 0
10388 0
10389 0
10390 0
10391 0
10392 0
10393 0
10394 0
10395 0
10396 0
10397 0
10398 0
10399 0
10400 0
10401 0
10402 0
10403 0
10404 0
10405 0
10406 0
10407 0
10408 0
10409 0
10410 0
10411 0
10412 0
10413 0
10414 0
10415 0
10416 0
10417 0
10418 2
10419 1
10420 12
10421 12
10422 4
10423 4
10424 0
10425 0
10426 0
10427 0
10428 22
10429 46
10430 46
10431 52
10432 57
10433 49
10434 70
10435 69
10436 56
10437 69
10438 56
10439 45
10440 53
10441 34
10442 71
10443 59
10444 60
10445 48
10446 49
10447 49
10448 50
10449 61
10450 75
10451 62
10452 78
10453 56
10454 57
10455 57
10456 52
10457 49
10458 53
10459 49
10460 30
10461 37
10462 20
10463 29
10464 28
10465 52
10466 63
10467 57
10468 56
10469 69
10470 12
10471 4
10472 0
10473 0
10474 0
10475 0
10476 0
10477 0
10478 0
10479 0
10480 0
10481 1
10482 8
10483 18
10484 0
10485 0
10486 0
10487 0
10488 0
10489 0
10490 0
10491 0
10492 0
10493 0
10494 0
10495 0
10496 0
10497 0
10498 0
10499 0
10500 0
10501 0
10502 0
10503 0
10504 0
10505 0
10506 0
10507 0
10508 0
10509 0
10510 0
10511 0
10512 0
10513 0
10514 0
10515 0
10516 1
10517 16
10518 18
10519 13
10520 8
10521 3
10522 0
10523 0
10524 0
10525 0
10526 24
10527 31
10528 46
10529 51
10530 52
10531 51
10532 58
10533 46
10534 42
10535 43
10536 45
10537 36
10538 45
10539 19
10540 43
10541 55
10542 57
10543 52
10544 59
10545 53
10546 52
10547 40
10548 40
10549 54
10550 57
10551 39
10552 43
10553 44
10554 55
10555 55
10556 50
10557 45
10558 33
10559 40
10560 28
10561 24
10562 22
10563 29
10564 39
10565 45
10566 43
10567 50
10568 19
10569 9
10570 1
10571 0
10572 0
10573 0
10574 0
10575 0
10576 0
10577 0
10578 0
10579 0
10580 6
10581 3
10582 0
10583 0
10584 0
10585 0
10586 0
10587 0
10588 0
10589 0
10590 0
10591 0
10592 0
10593 0
10594 0
10595 0
10596 0
10597 0
10598 0
10599 0
10600 0
10601 0
10602 0
10603 0
10604 0
10605 0
10606 0
10607 0
10608 0
10609 0
10610 0
10611 0
10612 0
10613 0
10614 0
10615 7
10616 13
10617 10
10618 5
10619 0
10620 1
10621 0
10622 0
10623 0
10624 35
10625 30
10626 49
10627 72
10628 55
10629 49
10630 56
10631 53
10632 60
10633 57
10634 49
10635 44
10636 38
10637 16
10638 67
10639 58
10640 42
10641 49
10642 58
10643 69
10644 50
10645 52
10646 65
10647 64
10648 66
10649 57
10650 59
10651 61
10652 66
10653 48
10654 50
10655 66
10656 43
10657 33
10658 27
10659 30
10660 38
10661 39
10662 42
10663 52
10664 51
10665 62
10666 17
10667 4
10668 1
10669 0
10670 0
10671 0
10672 0
10673 0
10674 0
10675 0
10676 0
10677 0
10678 5
10679 17
10680 0
10681 0
10682 0
10683 0
10684 0
10685 0
10686 0
10687 0
10688 0
10689 0
10690 0
10691 0
10692 0
10693 0
10694 0
10695 0
10696 0
10697 0
10698 0
10699 0
10700 0
10701 0
10702 0
10703 0
10704 0
10705 0
10706 0
10707 0
10708 0
10709 0
10710 0
10711 0
10712 4
10713 7
10714 18
10715 8
10716 9
10717 3
10718 0
10719 0
10720 0
10721 0
10722 23
10723 46
10724 52
10725 48
10726 75
10727 56
10728 55
10729 52
10730 61
10731 45
10732 67
10733 51
10734 46
10735 31
10736 83
10737 58
10738 50
10739 65
10740 53
10741 69
10742 75
10743 53
10744 61
10745 65
10746 55
10747 57
10748 52
10749 62
10750 62
10751 60
10752 67
10753 65
10754 42
10755 27
10756 27
10757 25
10758 40
10759 45
10760 46
10761 50
10762 44
10763 57
10764 15
10765 6
10766 2
10767 0
10768 0
10769 0
10770 0
10771 0
10772 0
10773 0
10774 0
10775 1
10776 3
10777 10
10778 0
10779 0
10780 0
10781 0
10782 0
10783 0
10784 0
10785 0
10786 0
10787 0
10788 0
10789 0
10790 0
10791 0
10792 0
10793 0
10794 0
10795 0
10796 0
10797 0
10798 0
10799 0
10800 0
10801 0
10802 0
10803 0
10804 0
10805 0
10806 0
10807 0
10808 0
10809 0
10810 2
10811 9
10812 16
10813 18
10814 5
10815 2
10816 0
10817 0
10818 0
10819 0
10820 30
10821 38
10822 54
10823 52
10824 58
10825 63
10826 69
10827 70
10828 70
10829 67
10830 46
10831 46
10832 48
10833 31
10834 63
10835 64
10836 50
10837 67
10838 59
10839 56
10840 73
10841 70
10842 79
10843 54
10844 60
10845 57
10846 63
10847 55
10848 59
10849 70
10850 47
10851 49
10852 45
10853 35
10854 18
10855 29
10856 34
10857 46
10858 0
10859 59
10860 60
10861 71
10862 13
10863 4
10864 4
10865 0
10866 0
10867 0
10868 0
10869 0
10870 0
10871 0
10872 0
10873 1
10874 7
10875 12
10876 0
10877 0
10878 0
10879 0
10880 0
10881 0
10882 0
10883 0
10884 0
10885 0
10886 0
10887 0
10888 0
10889 0
10890 0
10891 0
10892 0
10893 0
10894 0
10895 0
10896 0
10897 0
10898 0
10899 0
10900 0
10901 0
10902 0
10903 0
10904 0
10905 0
10906 0
10907 0
10908 1
10909 7
10910 15
10911 20
10912 6
10913 0
10914 0
10915 0
10916 0
10917 0
10918 29
10919 39
10920 53
10921 59
10922 61
10923 60
10924 51
10925 57
10926 56
10927 55
10928 56
10929 44
10930 23
10931 28
10932 56
10933 59
10934 54
10935 47
10936 58
10937 67
10938 66
10939 53
10940 58
10941 54
10942 65
10943 70
10944 61
10945 56
10946 60
10947 49
10948 58
10949 47
10950 42
10951 37
10952 17
10953 25
10954 36
10955 46
10956 48
10957 44
10958 54
10959 45
10960 14
10961 1
10962 0
10963 0
10964 0
10965 0
10966 0
10967 0
10968 0
10969 0
10970 0
10971 0
10972 2
10973 14
10974 0
10975 0
10976 0
10977 0
10978 0
10979 0
10980 0
10981 0
10982 0
10983 0
10984 0
10985 0
10986 0
10987 0
10988 0
10989 0
10990 0
10991 0
10992 0
10993 0
10994 0
10995 0
10996 0
10997 0
10998 0
10999 0
11000 0
11001 0
11002 0
11003 0
11004 0
11005 0
11006 2
11007 6
11008 12
11009 13
11010 14
11011 1
11012 0
11013 0
11014 0
11015 0
11016 28
11017 41
11018 44
11019 45
11020 51
11021 43
11022 54
11023 49
11024 54
11025 40
11026 58
11027 43
11028 33
11029 16
11030 42
11031 58
11032 60
11033 64
11034 52
11035 56
11036 52
11037 57
11038 49
11039 35
11040 53
11041 53
11042 53
11043 50
11044 60
11045 58
11046 57
11047 44
11048 23
11049 23
11050 17
11051 21
11052 32
11053 33
11054 55
11055 51
11056 58
11057 40
11058 10
11059 1
11060 0
11061 0
11062 0
11063 0
11064 0
11065 0
11066 0
11067 0
11068 0
11069 0
11070 4
11071 14
11072 0
11073 0
11074 0
11075 0
11076 0
11077 0
11078 0
11079 0
11080 0
11081 0
11082 0
11083 0
11084 0
11085 0
11086 0
11087 0
11088 0
11089 0
11090 0
11091 0
11092 0
11093 0
11094 0
11095 0
11096 0
11097 0
11098 0
11099 0
11100 0
11101 0
11102 0
11103 0
11104 2
11105 2
11106 4
11107 7
11108 2
11109 4
11110 0
11111 0
11112 0
11113 0
11114 9
11115 23
11116 31
11117 19
11118 36
11119 30
11120 40
11121 44
11122 44
11123 31
11124 52
11125 32
11126 31
11127 18
11128 27
11129 37
11130 36
11131 44
11132 33
11133 25
11134 36
11135 40
11136 38
11137 41
11138 40
11139 38
11140 35
11141 42
11142 36
11143 41
11144 30
11145 40
11146 43
11147 26
11148 14
11149 18
11150 31
11151 29
11152 40
11153 59
11154 47
11155 48
11156 6
11157 4
11158 0
11159 0
11160 0
11161 0
11162 0
11163 0
11164 0
11165 0
11166 0
11167 0
11168 6
11169 9
11170 0
11171 0
11172 0
11173 0
11174 0
11175 0
11176 0
11177 0
11178 0
11179 0
11180 0
11181 0
11182 0
11183 0
11184 0
11185 0
11186 0
11187 0
11188 0
11189 0
11190 0
11191 0
11192 0
11193 0
11194 0
11195 0
11196 0
11197 0
11198 0
11199 0
11200 0
11201 0
11202 1
11203 6
11204 3
11205 0
11206 0
11207 0
11208 0
11209 0
11210 0
11211 0
11212 6
11213 24
11214 46
11215 56
11216 42
11217 43
11218 47
11219 37
11220 52
11221 33
11222 41
11223 41
11224 30
11225 1
11226 46
11227 57
11228 46
11229 55
11230 50
11231 51
11232 56
11233 33
11234 48
11235 38
11236 58
11237 36
11238 34
11239 48
11240 51
11241 44
11242 46
11243 42
11244 45
11245 22
11246 12
11247 17
11248 21
11249 31
11250 36
11251 37
11252 41
11253 42
11254 10
11255 2
11256 1
11257 0
11258 0
11259 0
11260 0
11261 0
11262 0
11263 0
11264 0
11265 0
11266 4
11267 8
11268 0
11269 0
11270 0
11271 0
11272 0
11273 0
11274 0
11275 0
11276 0
11277 0
11278 0
11279 0
11280 0
11281 0
11282 0
11283 0
11284 0
11285 0
11286 0
11287 0
11288 0
11289 0
11290 0
11291 0
11292 0
11293 0
11294 0
11295 0
11296 0
11297 0
11298 0
11299 0
11300 2
11301 6
11302 14
11303 18
11304 7
11305 3
11306 0
11307 0
11308 0
11309 0
11310 24
11311 26
11312 42
11313 24
11314 46
11315 46
11316 33
11317 58
11318 43
11319 51
11320 48
11321 23
11322 30
11323 25
11324 49
11325 45
11326 40
11327 41
11328 25
11329 50
11330 35
11331 37
11332 44
11333 33
11334 41
11335 53
11336 47
11337 36
11338 51
11339 46
11340 27
11341 32
11342 27
11343 24
11344 19
11345 15
11346 31
11347 34
11348 31
11349 48
11350 42
11351 42
11352 11
11353 4
11354 0
11355 0
11356 0
11357 0
11358 0
11359 0
11360 0
11361 0
11362 0
11363 1
11364 3
11365 17
11366 0
11367 0
11368 0
11369 0
11370 0
11371 0
11372 0
11373 0
11374 0
11375 0
11376 0
11377 0
11378 0
11379 0
11380 0
11381 0
11382 0
11383 0
11384 0
11385 0
11386 0
11387 0
11388 0
11389 0
11390 0
11391 0
11392 0
11393 0
11394 0
11395 0
11396 0
11397 0
11398 1
11399 8
11400 19
11401 14
11402 5
11403 1
11404 0
11405 0
11406 0
11407 0
11408 21
11409 51
11410 53
11411 61
11412 48
11413 69
11414 49
11415 43
11416 48
11417 33
11418 61
11419 35
11420 37
11421 21
11422 70
11423 68
11424 67
11425 60
11426 68
11427 63
11428 61
11429 36
11430 40
11431 41
11432 50
11433 55
11434 39
11435 50
11436 48
11437 54
11438 52
11439 50
11440 53
11441 34
11442 24
11443 21
11444 27
11445 33
11446 36
11447 44
11448 61
11449 47
11450 15
11451 3
11452 1
11453 0
11454 0
11455 0
11456 0
11457 0
11458 0
11459 0
11460 0
11461 0
11462 8
11463 7
11464 0
11465 0
11466 0
11467 0
11468 0
11469 0
11470 0
11471 0
11472 0
11473 0
11474 0
11475 0
11476 0
11477 0
11478 0
11479 0
11480 0
11481 0
11482 0
11483 0
11484 0
11485 0
11486 0
11487 0
11488 0
11489 0
11490 0
11491 0
11492 0
11493 0
11494 0
11495 0
11496 4
11497 14
11498 20
11499 16
11500 16
11501 1
11502 0
11503 0
11504 0
11505 0
11506 30
11507 37
11508 66
11509 50
11510 58
11511 48
11512 59
11513 66
11514 61
11515 50
11516 61
11517 58
11518 40
11519 23
11520 70
11521 63
11522 65
11523 61
11524 55
11525 51
11526 78
11527 66
11528 53
11529 48
11530 47
11531 55
11532 56
11533 67
11534 56
11535 56
11536 58
11537 59
11538 42
11539 28
11540 27
11541 16
11542 44
11543 53
11544 65
11545 54
11546 48
11547 66
11548 14
11549 5
11550 0
11551 0
11552 0
11553 0
11554 0
11555 0
11556 0
11557 0
11558 0
11559 0
11560 6
11561 14
11562 0
11563 0
11564 0
11565 0
11566 0
11567 0
11568 0
11569 0
11570 0
11571 0
11572 0
11573 0
11574 0
11575 0
11576 0
11577 0
11578 0
11579 0
11580 0
11581 0
11582 0
11583 0
11584 0
11585 0
11586 0
11587 0
11588 0
11589 0
11590 0
11591 0
11592 0
11593 0
11594 2
11595 6
11596 9
11597 16
11598 6
11599 1
11600 0
11601 0
11602 0
11603 0
11604 21
11605 42
11606 50
11607 45
11608 48
11609 71
11610 65
11611 70
11612 61
11613 54
11614 53
11615 48
11616 30
11617 35
11618 63
11619 64
11620 67
11621 58
11622 67
11623 62
11624 58
11625 65
11626 56
11627 57
11628 60
11629 62
11630 50
11631 59
11632 67
11633 45
11634 48
11635 39
11636 40
11637 35
11638 27
11639 22
11640 30
11641 42
11642 48
11643 52
11644 56
11645 47
11646 10
11647 5
11648 3
11649 0
11650 0
11651 0
11652 0
11653 0
11654 0
11655 0
11656 0
11657 1
11658 5
11659 16
11660 0
11661 0
11662 0
11663 0
11664 0
11665 0
11666 0
11667 0
11668 0
11669 0
11670 0
11671 0
11672 0
11673 0
11674 0
11675 0
11676 0
11677 0
11678 0
11679 0
11680 0
11681 0
11682 0
11683 0
11684 0
11685 0
11686 0
11687 0
11688 0
11689 0
11690 0
11691 0
11692 0
11693 4
11694 16
11695 25
11696 10
11697 5
11698 0
11699 0
11700 0
11701 0
11702 39
11703 33
11704 45
11705 56
11706 50
11707 59
11708 57
11709 69
11710 55
11711 63
11712 58
11713 46
11714 38
11715 44
11716 66
11717 58
11718 51
11719 63
11720 53
11721 51
11722 80
11723 77
11724 48
11725 71
11726 53
11727 52
11728 68
11729 66
11730 65
11731 62
11732 45
11733 65
11734 32
11735 31
11736 24
11737 38
11738 30
11739 48
11740 66
11741 54
11742 52
11743 55
11744 19
11745 3
11746 0
11747 0
11748 0
11749 0
11750 0
11751 0
11752 0
11753 0
11754 0
11755 0
11756 4
11757 15
11758 0
11759 0
11760 0
11761 0
11762 0
11763 0
11764 0
11765 0
11766 0
11767 0
11768 0
11769 0
11770 0
11771 0
11772 0
11773 0
11774 0
11775 0
11776 0
11777 0
11778 0
11779 0
11780 0
11781 0
11782 0
11783 0
11784 0
11785 0
11786 0
11787 0
11788 0
11789 0
11790 2
11791 7
11792 12
11793 25
11794 7
11795 2
11796 0
11797 0
11798 0
11799 0
11800 33
11801 40
11802 49
11803 62
11804 71
11805 59
11806 61
11807 81
11808 59
11809 49
11810 56
11811 67
11812 64
11813 27
11814 63
11815 82
11816 76
11817 59
11818 63
11819 51
11820 53
11821 64
11822 71
11823 76
11824 75
11825 57
11826 83
11827 60
11828 49
11829 74
11830 48
11831 49
11832 51
11833 35
11834 17
11835 27
11836 44
11837 51
11838 53
11839 53
11840 64
11841 62
11842 7
11843 7
11844 0
11845 0
11846 0
11847 0
11848 0
11849 0
11850 0
11851 0
11852 0
11853 1
11854 8
11855 15
11856 0
11857 0
11858 0
11859 0
11860 0
11861 0
11862 0
11863 0
11864 0
11865 0
11866 0
11867 0
11868 0
11869 0
11870 0
11871 0
11872 0
11873 0
11874 0
11875 0
11876 0
11877 0
11878 0
11879 0
11880 0
11881 0
11882 0
11883 0
11884 0
11885 0
11886 0
11887 0
11888 1
11889 11
11890 18
11891 12
11892 7
11893 2
11894 0
11895 0
11896 0
11897 0
11898 47
11899 45
11900 45
11901 57
11902 56
11903 78
11904 65
11905 57
11906 45
11907 50
11908 59
11909 49
11910 26
11911 28
11912 64
11913 58
11914 52
11915 49
11916 52
11917 55
11918 60
11919 50
11920 50
11921 46
11922 46
11923 53
11924 52
11925 52
11926 59
11927 49
11928 54
11929 62
11930 42
11931 38
11932 28
11933 20
11934 32
11935 45
11936 42
11937 39
11938 55
11939 49
11940 11
11941 9
11942 2
11943 0
11944 0
11945 0
11946 0
11947 0
11948 0
11949 0
11950 0
11951 2
11952 5
11953 15
11954 0
11955 0
11956 0
11957 0
11958 0
11959 0
11960 0
11961 0
11962 0
11963 0
11964 0
11965 0
11966 0
11967 0
11968 0
11969 0
11970 0
11971 0
11972 0
11973 0
11974 0
11975 0
11976 0
11977 0
11978 0
11979 0
11980 0
11981 0
11982 0
11983 0
11984 0
11985 0
11986 0
11987 12
11988 10
11989 23
11990 5
11991 1
11992 0
11993 0
11994 0
11995 0
11996 28
11997 39
11998 46
11999 50
12000 48
12001 42
12002 39
12003 69
12004 55
12005 64
12006 53
12007 62
12008 42
12009 43
12010 65
12011 70
12012 59
12013 61
12014 63
12015 46
12016 71
12017 64
12018 77
12019 58
12020 77
12021 74
12022 69
12023 67
12024 58
12025 63
12026 65
12027 54
12028 36
12029 38
12030 26
12031 24
12032 41
12033 43
12034 57
12035 62
12036 59
12037 64
12038 10
12039 5
12040 0
12041 0
12042 0
12043 0
12044 0
12045 0
12046 0
12047 0
12048 0
12049 0
12050 7
12051 10
12052 0
12053 0
12054 0
12055 0
12056 0
12057 0
12058 0
12059 0
12060 0
12061 0
12062 0
12063 0
12064 0
12065 0
12066 0
12067 0
12068 0
12069 0
12070 0
12071 0
12072 0
12073 0
12074 0
12075 0
12076 0
12077 0
12078 0
12079 0
12080 0
12081 0
12082 0
12083 0
12084 2
12085 5
12086 21
12087 17
12088 9
12089 1
12090 0
12091 0
12092 0
12093 0
12094 33
12095 41
12096 50
12097 62
12098 60
12099 61
12100 63
12101 60
12102 47
12103 55
12104 51
12105 53
12106 35
12107 33
12108 74
12109 56
12110 50
12111 61
12112 63
12113 46
12114 52
12115 48
12116 42
12117 59
12118 52
12119 48
12120 36
12121 63
12122 50
12123 41
12124 50
12125 46
12126 47
12127 39
12128 31
12129 23
12130 31
12131 44
12132 43
12133 40
12134 49
12135 47
12136 16
12137 9
12138 2
12139 0
12140 0
12141 0
12142 0
12143 0
12144 0
12145 0
12146 0
12147 1
12148 5
12149 11
12150 0
12151 0
12152 0
12153 0
12154 0
12155 0
12156 0
12157 0
12158 0
12159 0
12160 0
12161 0
12162 0
12163 0
12164 0
12165 0
12166 0
12167 0
12168 0
12169 0
12170 0
12171 0
12172 0
12173 0
12174 0
12175 0
12176 0
12177 0
12178 0
12179 0
12180 0
12181 0
12182 1
12183 12
12184 22
12185 22
12186 6
12187 2
12188 0
12189 0
12190 0
12191 0
12192 29
12193 30
12194 44
12195 66
12196 85
12197 64
12198 70
12199 62
12200 51
12201 58
12202 55
12203 56
12204 42
12205 28
12206 75
12207 68
12208 54
12209 52
12210 53
12211 49
12212 53
12213 63
12214 58
12215 56
12216 48
12217 55
12218 69
12219 59
12220 54
12221 60
12222 53
12223 57
12224 52
12225 26
12226 19
12227 23
12228 29
12229 38
12230 54
12231 57
12232 57
12233 60
12234 10
12235 6
12236 1
12237 0
12238 0
12239 0
12240 0
12241 0
12242 0
12243 0
12244 0
12245 1
12246 4
12247 6
12248 0
12249 0
12250 0
12251 0
12252 0
12253 0
12254 0
12255 0
12256 0
12257 0
12258 0
12259 0
12260 0
12261 0
12262 0
12263 0
12264 0
12265 0
12266 0
12267 0
12268 0
12269 0
12270 0
12271 0
12272 0
12273 0
12274 0
12275 0
12276 0
12277 0
12278 0
12279 0
12280 3
12281 11
12282 21
12283 16
12284 6
12285 1
12286 0
12287 0
12288 0
12289 0
12290 32
12291 33
12292 46
12293 50
12294 40
12295 59
12296 53
12297 61
12298 63
12299 62
12300 61
12301 45
12302 45
12303 26
12304 60
12305 62
12306 43
12307 44
12308 36
12309 56
12310 45
12311 35
12312 45
12313 47
12314 46
12315 65
12316 57
12317 80
12318 56
12319 43
12320 39
12321 56
12322 41
12323 29
12324 21
12325 25
12326 32
12327 58
12328 55
12329 53
12330 44
12331 46
12332 11
12333 8
12334 2
12335 0
12336 0
12337 0
12338 0
12339 0
12340 0
12341 0
12342 0
12343 1
12344 4
12345 12
12346 0
12347 0
12348 0
12349 0
12350 0
12351 0
12352 0
12353 0
12354 0
12355 0
12356 0
12357 0
12358 0
12359 0
12360 0
12361 0
12362 0
12363 0
12364 0
12365 0
12366 0
12367 0
12368 0
12369 0
12370 0
12371 0
12372 0
12373 0
12374 0
12375 0
12376 0
12377 0
12378 3
12379 9
12380 17
12381 30
12382 10
12383 4
12384 0
12385 0
12386 0
12387 0
12388 38
12389 39
12390 60
12391 67
12392 61
12393 79
12394 63
12395 63
12396 49
12397 48
12398 55
12399 50
12400 39
12401 31
12402 69
12403 70
12404 66
12405 69
12406 48
12407 60
12408 57
12409 57
12410 46
12411 57
12412 56
12413 51
12414 54
12415 79
12416 67
12417 75
12418 59
12419 70
12420 41
12421 34
12422 25
12423 32
12424 37
12425 43
12426 62
12427 51
12428 54
12429 49
12430 11
12431 3
12432 0
12433 0
12434 0
12435 0
12436 0
12437 0
12438 0
12439 0
12440 0
12441 2
12442 6
12443 9
12444 0
12445 0
12446 0
12447 0
12448 0
12449 0
12450 0
12451 0
12452 0
12453 0
12454 0
12455 0
12456 0
12457 0
12458 0
12459 0
12460 0
12461 0
12462 0
12463 0
12464 0
12465 0
12466 0
12467 0
12468 0
12469 0
12470 0
12471 0
12472 0
12473 0
12474 0
12475 0
12476 4
12477 6
12478 20
12479 22
12480 7
12481 3
12482 0
12483 0
12484 0
12485 0
12486 38
12487 36
12488 50
12489 47
12490 43
12491 59
12492 60
12493 39
12494 77
12495 67
12496 56
12497 45
12498 39
12499 39
12500 46
12501 51
12502 0
12503 46
12504 57
12505 56
12506 58
12507 53
12508 55
12509 51
12510 40
12511 54
12512 46
12513 59
12514 54
12515 55
12516 52
12517 51
12518 35
12519 45
12520 22
12521 29
12522 33
12523 53
12524 52
12525 56
12526 76
12527 54
12528 13
12529 3
12530 3
12531 0
12532 0
12533 0
12534 0
12535 0
12536 0
12537 0
12538 0
12539 1
12540 7
12541 18
12542 0
12543 0
12544 0
12545 0
12546 0
12547 0
12548 0
12549 0
12550 0
12551 0
12552 0
12553 0
12554 0
12555 0
12556 0
12557 0
12558 0
12559 0
12560 0
12561 0
12562 0
12563 0
12564 0
12565 0
12566 0
12567 0
12568 0
12569 0
12570 0
12571 0
12572 0
12573 0
12574 2
12575 6
12576 8
12577 16
12578 8
12579 2
12580 0
12581 0
12582 0
12583 0
12584 29
12585 55
12586 55
12587 62
12588 58
12589 51
12590 59
12591 62
12592 60
12593 45
12594 51
12595 53
12596 33
12597 23
12598 53
12599 79
12600 76
12601 57
12602 72
12603 59
12604 61
12605 59
12606 61
12607 52
12608 64
12609 58
12610 61
12611 60
12612 62
12613 65
12614 59
12615 64
12616 45
12617 34
12618 16
12619 19
12620 39
12621 37
12622 44
12623 52
12624 71
12625 58
12626 14
12627 5
12628 0
12629 0
12630 0
12631 0
12632 0
12633 0
12634 0
12635 0
12636 0
12637 0
12638 2
12639 12
12640 0
12641 0
12642 0
12643 0
12644 0
12645 0
12646 0
12647 0
12648 0
12649 0
12650 0
12651 0
12652 0
12653 0
12654 0
12655 0
12656 0
12657 0
12658 0
12659 0
12660 0
12661 0
12662 0
12663 0
12664 0
12665 0
12666 0
12667 0
12668 0
12669 0
12670 0
12671 0
12672 1
12673 13
12674 14
12675 11
12676 6
12677 4
12678 0
12679 0
12680 0
12681 0
12682 25
12683 31
12684 34
12685 55
12686 58
12687 48
12688 53
12689 60
12690 58
12691 51
12692 49
12693 48
12694 40
12695 33
12696 64
12697 53
12698 60
12699 62
12700 43
12701 47
12702 50
12703 68
12704 59
12705 45
12706 45
12707 48
12708 53
12709 57
12710 63
12711 55
12712 43
12713 49
12714 35
12715 27
12716 19
12717 18
12718 36
12719 46
12720 46
12721 56
12722 74
12723 58
12724 13
12725 6
12726 0
12727 0
12728 0
12729 0
12730 0
12731 0
12732 0
12733 0
12734 0
12735 2
12736 6
12737 16
12738 0
12739 0
12740 0
12741 0
12742 0
12743 0
12744 0
12745 0
12746 0
12747 0
12748 0
12749 0
12750 0
12751 0
12752 0
12753 0
12754 0
12755 0
12756 0
12757 0
12758 0
12759 0
12760 0
12761 0
12762 0
12763 0
12764 0
12765 0
12766 0
12767 0
12768 0
12769 0
12770 2
12771 8
12772 8
12773 17
12774 6
12775 1
12776 0
12777 0
12778 0
12779 0
12780 26
12781 28
12782 42
12783 44
12784 56
12785 46
12786 45
12787 49
12788 46
12789 48
12790 56
12791 42
12792 41
12793 38
12794 39
12795 36
12796 46
12797 51
12798 50
12799 37
12800 49
12801 53
12802 49
12803 57
12804 54
12805 51
12806 52
12807 66
12808 51
12809 41
12810 52
12811 38
12812 27
12813 28
12814 20
12815 20
12816 31
12817 46
12818 35
12819 62
12820 45
12821 35
12822 9
12823 4
12824 1
12825 0
12826 0
12827 0
12828 0
12829 0
12830 0
12831 0
12832 0
12833 2
12834 9
12835 8
12836 0
12837 0
12838 0
12839 0
12840 0
12841 0
12842 0
12843 0
12844 0
12845 0
12846 0
12847 0
12848 0
12849 0
12850 0
12851 0
12852 0
12853 0
12854 0
12855 0
12856 0
12857 0
12858 0
12859 0
12860 0
12861 0
12862 0
12863 0
12864 0
12865 0
12866 0
12867 0
12868 2
12869 7
12870 12
12871 9
12872 5
12873 5
12874 0
12875 0
12876 0
12877 0
12878 17
12879 23
12880 34
12881 39
12882 39
12883 52
12884 43
12885 43
12886 41
12887 39
12888 35
12889 31
12890 35
12891 26
12892 47
12893 41
12894 48
12895 41
12896 45
12897 34
12898 34
12899 41
12900 51
12901 47
12902 46
12903 62
12904 57
12905 49
12906 35
12907 37
12908 35
12909 30
12910 34
12911 35
12912 17
12913 21
12914 27
12915 37
12916 44
12917 49
12918 39
12919 60
12920 8
12921 1
12922 1
12923 0
12924 0
12925 0
12926 0
12927 0
12928 0
12929 0
12930 0
12931 0
12932 6
12933 11
12934 0
12935 0
12936 0
12937 0
12938 0
12939 0
12940 0
12941 0
12942 0
12943 0
12944 0
12945 0
12946 0
12947 0
12948 0
12949 0
12950 0
12951 0
12952 0
12953 0
12954 0
12955 0
12956 0
12957 0
12958 0
12959 0
12960 0
12961 0
12962 0
12963 0
12964 0
12965 0
12966 0
12967 2
12968 2
12969 14
12970 2
12971 0
12972 0
12973 0
12974 0
12975 0
12976 7
12977 21
12978 49
12979 40
12980 47
12981 44
12982 47
12983 49
12984 48
12985 32
12986 41
12987 37
12988 23
12989 21
12990 41
12991 52
12992 36
12993 53
12994 47
12995 54
12996 61
12997 44
12998 37
12999 46
13000 40
13001 44
13002 57
13003 43
13004 45
13005 51
13006 39
13007 47
13008 40
13009 17
13010 15
13011 15
13012 15
13013 40
13014 42
13015 39
13016 43
13017 54
13018 13
13019 5
13020 0
13021 0
13022 0
13023 0
13024 0
13025 0
13026 0
13027 0
13028 0
13029 0
13030 5
13031 10
13032 0
13033 0
13034 0
13035 0
13036 0
13037 0
13038 0
13039 0
13040 0
13041 0
13042 0
13043 0
13044 0
13045 0
13046 0
13047 0
13048 0
13049 0
13050 0
13051 0
13052 0
13053 0
13054 0
13055 0
13056 0
13057 0
13058 0
13059 0
13060 0
13061 0
13062 0
13063 1
13064 1
13065 6
13066 15
13067 8
13068 5
13069 0
13070 0
13071 0
13072 0
13073 0
13074 29
13075 42
13076 45
13077 31
13078 44
13079 50
13080 42
13081 50
13082 31
13083 42
13084 55
13085 44
13086 28
13087 11
13088 44
13089 37
13090 35
13091 43
13092 40
13093 51
13094 43
13095 49
13096 44
13097 33
13098 41
13099 42
13100 39
13101 50
13102 45
13103 47
13104 34
13105 38
13106 35
13107 25
13108 15
13109 8
13110 24
13111 35
13112 45
13113 39
13114 56
13115 54
13116 14
13117 5
13118 0
13119 0
13120 0
13121 0
13122 0
13123 0
13124 0
13125 0
13126 0
13127 3
13128 3
13129 12
13130 0
13131 0
13132 0
13133 0
13134 0
13135 0
13136 0
13137 0
13138 0
13139 0
13140 0
13141 0
13142 0
13143 0
13144 0
13145 0
13146 0
13147 0
13148 0
13149 0
13150 0
13151 0
13152 0
13153 0
13154 0
13155 0
13156 0
13157 0
13158 0
13159 0
13160 0
13161 0
13162 1
13163 4
13164 16
13165 12
13166 6
13167 0
13168 0
13169 0
13170 0
13171 0
13172 25
13173 33
13174 33
13175 37
13176 45
13177 43
13178 33
13179 49
13180 39
13181 56
13182 60
13183 29
13184 39
13185 29
13186 47
13187 44
13188 46
13189 49
13190 48
13191 44
13192 42
13193 37
13194 66
13195 42
13196 46
13197 41
13198 42
13199 48
13200 41
13201 50
13202 41
13203 38
13204 32
13205 20
13206 11
13207 13
13208 28
13209 26
13210 44
13211 50
13212 38
13213 41
13214 8
13215 2
13216 1
13217 0
13218 0
13219 0
13220 0
13221 0
13222 0
13223 0
13224 0
13225 1
13226 1
13227 10
13228 0
13229 0
13230 0
13231 0
13232 0
13233 0
13234 0
13235 0
13236 0
13237 0
13238 0
13239 0
13240 0
13241 0
13242 0
13243 0
13244 0
13245 0
13246 0
13247 0
13248 0
13249 0
13250 0
13251 0
13252 0
13253 0
13254 0
13255 0
13256 0
13257 0
13258 0
13259 0
13260 0
13261 14
13262 25
13263 14
13264 5
13265 2
13266 0
13267 0
13268 0
13269 0
13270 24
13271 47
13272 39
13273 49
13274 44
13275 50
13276 48
13277 44
13278 32
13279 34
13280 36
13281 30
13282 28
13283 21
13284 49
13285 62
13286 46
13287 44
13288 59
13289 45
13290 45
13291 36
13292 40
13293 34
13294 39
13295 40
13296 42
13297 39
13298 62
13299 42
13300 42
13301 36
13302 33
13303 26
13304 19
13305 15
13306 27
13307 36
13308 39
13309 38
13310 39
13311 41
13312 11
13313 2
13314 2
13315 0
13316 0
13317 0
13318 0
13319 0
13320 0
13321 0
13322 1
13323 0
13324 1
13325 3
13326 0
13327 0
13328 0
13329 0
13330 0
13331 0
13332 0
13333 0
13334 0
13335 0
13336 0
13337 0
13338 0
13339 0
13340 0
13341 0
13342 0
13343 0
13344 0
13345 0
13346 0
13347 0
13348 0
13349 0
13350 0
13351 0
13352 0
13353 0
13354 0
13355 0
13356 0
13357 0
13358 0
13359 4
13360 13
13361 13
13362 7
13363 0
13364 0
13365 0
13366 0
13367 0
13368 30
13369 39
13370 60
13371 45
13372 68
13373 48
13374 62
13375 61
13376 68
13377 60
13378 49
13379 40
13380 41
13381 19
13382 71
13383 53
13384 46
13385 57
13386 65
13387 66
13388 58
13389 60
13390 72
13391 66
13392 58
13393 57
13394 59
13395 62
13396 65
13397 59
13398 61
13399 51
13400 33
13401 32
13402 25
13403 28
13404 31
13405 36
13406 39
13407 49
13408 47
13409 68
13410 14
13411 3
13412 1
13413 0
13414 0
13415 0
13416 0
13417 0
13418 0
13419 0
13420 0
13421 0
13422 7
13423 8
13424 0
13425 0
13426 0
13427 0
13428 0
13429 0
13430 0
13431 0
13432 0
13433 0
13434 0
13435 0
13436 0
13437 0
13438 0
13439 0
13440 0
13441 0
13442 0
13443 0
13444 0
13445 0
13446 0
13447 0
13448 0
13449 0
13450 0
13451 0
13452 0
13453 0
13454 0
13455 0
13456 2
13457 9
13458 21
13459 21
13460 7
13461 3
13462 0
13463 0
13464 0
13465 0
13466 30
13467 51
13468 52
13469 50
13470 52
13471 60
13472 69
13473 82
13474 56
13475 46
13476 46
13477 48
13478 42
13479 41
13480 72
13481 63
13482 68
13483 59
13484 60
13485 61
13486 65
13487 45
13488 48
13489 53
13490 55
13491 50
13492 51
13493 51
13494 64
13495 48
13496 56
13497 59
13498 41
13499 0
13500 33
13501 24
13502 43
13503 43
13504 56
13505 45
13506 55
13507 62
13508 8
13509 7
13510 0
13511 0
13512 0
13513 0
13514 0
13515 0
13516 0
13517 0
13518 0
13519 0
13520 4
13521 6
13522 0
13523 0
13524 0
13525 0
13526 0
13527 0
13528 0
13529 0
13530 0
13531 0
13532 0
13533 0
13534 0
13535 0
13536 0
13537 0
13538 0
13539 0
13540 0
13541 0
13542 0
13543 0
13544 0
13545 0
13546 0
13547 0
13548 0
13549 0
13550 0
13551 0
13552 0
13553 0
13554 0
13555 8
13556 22
13557 23
13558 17
13559 0
13560 0
13561 0
13562 0
13563 0
13564 32
13565 38
13566 43
13567 52
13568 56
13569 57
13570 69
13571 65
13572 61
13573 68
13574 52
13575 60
13576 44
13577 34
13578 67
13579 59
13580 54
13581 75
13582 64
13583 66
13584 57
13585 54
13586 53
13587 57
13588 74
13589 71
13590 69
13591 62
13592 63
13593 49
13594 49
13595 50
13596 46
13597 27
13598 13
13599 28
13600 31
13601 42
13602 44
13603 43
13604 60
13605 49
13606 13
13607 6
13608 0
13609 0
13610 0
13611 0
13612 0
13613 0
13614 0
13615 0
13616 0
13617 1
13618 4
13619 8
13620 0
13621 0
13622 0
13623 0
13624 0
13625 0
13626 0
13627 0
13628 0
13629 0
13630 0
13631 0
13632 0
13633 0
13634 0
13635 0
13636 0
13637 0
13638 0
13639 0
13640 0
13641 0
13642 0
13643 0
13644 0
13645 0
13646 0
13647 0
13648 0
13649 0
13650 0
13651 0
13652 5
13653 7
13654 11
13655 22
13656 5
13657 3
13658 0
13659 0
13660 0
13661 0
13662 22
13663 29
13664 37
13665 45
13666 40
13667 50
13668 44
13669 47
13670 44
13671 53
13672 59
13673 45
13674 44
13675 21
13676 43
13677 50
13678 47
13679 54
13680 46
13681 43
13682 51
13683 52
13684 60
13685 39
13686 46
13687 50
13688 53
13689 51
13690 39
13691 36
13692 62
13693 48
13694 40
13695 28
13696 18
13697 14
13698 22
13699 36
13700 48
13701 42
13702 54
13703 47
13704 7
13705 5
13706 0
13707 0
13708 0
13709 0
13710 0
13711 0
13712 0
13713 0
13714 0
13715 2
13716 3
13717 12
13718 0
13719 0
13720 0
13721 0
13722 0
13723 0
13724 0
13725 0
13726 0
13727 0
13728 0
13729 0
13730 0
13731 0
13732 0
13733 0
13734 0
13735 0
13736 0
13737 0
13738 0
13739 0
13740 0
13741 0
13742 0
13743 0
13744 0
13745 0
13746 0
13747 0
13748 0
13749 0
13750 2
13751 7
13752 21
13753 13
13754 9
13755 2
13756 0
13757 0
13758 0
13759 0
13760 25
13761 26
13762 47
13763 44
13764 53
13765 68
13766 55
13767 46
13768 62
13769 57
13770 55
13771 36
13772 27
13773 18
13774 51
13775 58
13776 69
13777 52
13778 52
13779 62
13780 66
13781 44
13782 58
13783 57
13784 52
13785 48
13786 43
13787 56
13788 55
13789 75
13790 60
13791 42
13792 54
13793 33
13794 18
13795 14
13796 27
13797 35
13798 47
13799 60
13800 60
13801 59
13802 8
13803 5
13804 0
13805 0
13806 0
13807 0
13808 0
13809 0
13810 0
13811 0
13812 0
13813 3
13814 5
13815 9
13816 0
13817 0
13818 0
13819 0
13820 0
13821 0
13822 0
13823 0
13824 0
13825 0
13826 0
13827 0
13828 0
13829 0
13830 0
13831 0
13832 0
13833 0
13834 0
13835 0
13836 0
13837 0
13838 0
13839 0
13840 0
13841 0
13842 0
13843 0
13844 0
13845 0
13846 0
13847 0
13848 3
13849 11
13850 23
13851 23
13852 13
13853 4
13854 0
13855 0
13856 0
13857 0
13858 34
13859 40
13860 36
13861 47
13862 46
13863 56
13864 64
13865 52
13866 63
13867 43
13868 48
13869 47
13870 52
13871 29
13872 69
13873 71
13874 40
13875 44
13876 54
13877 43
13878 72
13879 38
13880 51
13881 54
13882 55
13883 45
13884 54
13885 54
13886 48
13887 59
13888 44
13889 50
13890 31
13891 25
13892 20
13893 23
13894 34
13895 45
13896 34
13897 57
13898 55
13899 50
13900 6
13901 9
13902 0
13903 0
13904 0
13905 0
13906 0
13907 0
13908 0
13909 0
13910 0
13911 0
13912 2
13913 6
13914 0
13915 0
13916 0
13917 0
13918 0
13919 0
13920 0
13921 0
13922 0
13923 0
13924 0
13925 0
13926 0
13927 0
13928 0
13929 0
13930 0
13931 0
13932 0
13933 0
13934 0
13935 0
13936 0
13937 0
13938 0
13939 0
13940 0
13941 0
13942 0
13943 0
13944 0
13945 0
13946 2
13947 11
13948 18
13949 17
13950 5
13951 0
13952 1
13953 0
13954 0
13955 0
13956 33
13957 47
13958 47
13959 59
13960 51
13961 69
13962 61
13963 62
13964 66
13965 62
13966 55
13967 47
13968 28
13969 16
13970 68
13971 63
13972 73
13973 65
13974 57
13975 64
13976 69
13977 56
13978 48
13979 62
13980 55
13981 61
13982 56
13983 67
13984 77
13985 70
13986 72
13987 49
13988 48
13989 35
13990 27
13991 18
13992 36
13993 34
13994 58
13995 43
13996 68
13997 71
13998 15
13999 5
14000 0
14001 0
14002 0
14003 0
14004 0
14005 0
14006 0
14007 0
14008 0
14009 2
14010 4
14011 19
14012 0
14013 0
14014 0
14015 0
14016 0
14017 0
14018 0
14019 0
14020 0
14021 0
14022 0
14023 0
14024 0
14025 0
14026 0
14027 0
14028 0
14029 0
14030 0
14031 0
14032 0
14033 0
14034 0
14035 0
14036 0
14037 0
14038 0
14039 0
14040 0
14041 0
14042 0
14043 0
14044 2
14045 9
14046 20
14047 22
14048 14
14049 1
14050 0
14051 0
14052 0
14053 0
14054 29
14055 25
14056 16
14057 19
14058 26
14059 22
14060 20
14061 69
14062 61
14063 51
14064 57
14065 45
14066 36
14067 26
14068 32
14069 16
14070 32
14071 41
14072 43
14073 52
14074 55
14075 77
14076 62
14077 50
14078 63
14079 64
14080 67
14081 78
14082 60
14083 60
14084 53
14085 55
14086 38
14087 31
14088 25
14089 36
14090 35
14091 49
14092 49
14093 52
14094 77
14095 64
14096 17
14097 7
14098 2
14099 0
14100 0
14101 0
14102 0
14103 0
14104 0
14105 0
14106 0
14107 0
14108 4
14109 14
14110 0
14111 0
14112 0
14113 0
14114 0
14115 0
14116 0
14117 0
14118 0
14119 0
14120 0
14121 0
14122 0
14123 0
14124 0
14125 0
14126 0
14127 0
14128 0
14129 0
14130 0
14131 0
14132 0
14133 0
14134 0
14135 0
14136 0
14137 0
14138 0
14139 0
14140 0
14141 0
14142 1
14143 6
14144 14
14145 22
14146 6
14147 2
14148 0
14149 0
14150 0
14151 0
14152 25
14153 40
14154 39
14155 52
14156 67
14157 53
14158 61
14159 26
14160 28
14161 15
14162 16
14163 14
14164 13
14165 29
14166 47
14167 49
14168 39
14169 74
14170 71
14171 47
14172 55
14173 49
14174 48
14175 48
14176 35
14177 20
14178 18
14179 22
14180 75
14181 59
14182 65
14183 49
14184 41
14185 30
14186 19
14187 21
14188 25
14189 51
14190 51
14191 49
14192 65
14193 53
14194 10
14195 8
14196 0
14197 0
14198 0
14199 0
14200 0
14201 0
14202 0
14203 0
14204 0
14205 0
14206 4
14207 8
14208 0
14209 0
14210 0
14211 0
14212 0
14213 0
14214 0
14215 0
14216 0
14217 0
14218 0
14219 0
14220 0
14221 0
14222 0
14223 0
14224 0
14225 0
14226 0
14227 0
14228 0
14229 0
14230 0
14231 0
14232 0
14233 0
14234 0
14235 0
14236 0
14237 0
14238 0
14239 0
14240 3
14241 11
14242 27
14243 26
14244 8
14245 4
14246 0
14247 0
14248 0
14249 0
14250 36
14251 40
14252 44
14253 52
14254 50
14255 57
14256 64
14257 72
14258 60
14259 71
14260 46
14261 42
14262 40
14263 37
14264 60
14265 50
14266 50
14267 51
14268 53
14269 49
14270 50
14271 59
14272 83
14273 57
14274 51
14275 68
14276 69
14277 68
14278 59
14279 66
14280 44
14281 58
14282 39
14283 30
14284 18
14285 21
14286 42
14287 54
14288 45
14289 51
14290 66
14291 62
14292 12
14293 6
14294 3
14295 0
14296 0
14297 0
14298 0
14299 0
14300 0
14301 0
14302 0
14303 5
14304 11
14305 13
14306 0
14307 0
14308 0
14309 0
14310 0
14311 0
14312 0
14313 0
14314 0
14315 0
14316 0
14317 0
14318 0
14319 0
14320 0
14321 0
14322 0
14323 0
14324 0
14325 0
14326 0
14327 0
14328 0
14329 0
14330 0
14331 0
14332 0
14333 0
14334 0
14335 0
14336 0
14337 0
14338 0
14339 13
14340 13
14341 15
14342 9
14343 2
14344 0
14345 0
14346 0
14347 0
14348 30
14349 39
14350 43
14351 47
14352 66
14353 57
14354 58
14355 52
14356 65
14357 67
14358 46
14359 55
14360 39
14361 25
14362 58
14363 50
14364 56
14365 40
14366 53
14367 51
14368 64
14369 64
14370 72
14371 51
14372 55
14373 69
14374 59
14375 54
14376 69
14377 41
14378 56
14379 42
14380 45
14381 30
14382 18
14383 19
14384 44
14385 35
14386 48
14387 44
14388 38
14389 54
14390 10
14391 2
14392 2
14393 0
14394 0
14395 0
14396 0
14397 0
14398 0
14399 0
14400 0
14401 2
14402 7
14403 21
14404 0
14405 0
14406 0
14407 0
14408 0
14409 0
14410 0
14411 0
14412 0
14413 0
14414 0
14415 0
14416 0
14417 0
14418 0
14419 0
14420 0
14421 0
14422 0
14423 0
14424 0
14425 0
14426 0
14427 0
14428 0
14429 0
14430 0
14431 0
14432 0
14433 0
14434 0
14435 0
14436 1
14437 8
14438 20
14439 20
14440 6
14441 2
14442 0
14443 0
14444 0
14445 0
14446 37
14447 50
14448 56
14449 60
14450 56
14451 52
14452 66
14453 76
14454 49
14455 50
14456 54
14457 51
14458 39
14459 32
14460 54
14461 66
14462 54
14463 62
14464 51
14465 69
14466 62
14467 66
14468 57
14469 60
14470 60
14471 58
14472 77
14473 66
14474 59
14475 60
14476 41
14477 49
14478 51
14479 35
14480 37
14481 24
14482 54
14483 37
14484 54
14485 46
14486 51
14487 73
14488 17
14489 5
14490 1
14491 0
14492 0
14493 0
14494 0
14495 0
14496 0
14497 0
14498 0
14499 0
14500 7
14501 9
14502 0
14503 0
14504 0
14505 0
14506 0
14507 0
14508 0
14509 0
14510 0
14511 0
14512 0
14513 0
14514 0
14515 0
14516 0
14517 0
14518 0
14519 0
14520 0
14521 0
14522 0
14523 0
14524 0
14525 0
14526 0
14527 0
14528 0
14529 0
14530 0
14531 0
14532 0
14533 0
14534 1
14535 11
14536 24
14537 21
14538 6
14539 1
14540 0
14541 0
14542 0
14543 0
14544 24
14545 38
14546 42
14547 40
14548 37
14549 50
14550 48
14551 53
14552 51
14553 69
14554 60
14555 42
14556 50
14557 24
14558 47
14559 56
14560 51
14561 54
14562 62
14563 60
14564 41
14565 52
14566 57
14567 59
14568 56
14569 53
14570 74
14571 58
14572 67
14573 56
14574 49
14575 54
14576 41
14577 25
14578 24
14579 23
14580 41
14581 46
14582 66
14583 66
14584 78
14585 70
14586 10
14587 5
14588 1
14589 0
14590 0
14591 0
14592 0
14593 0
14594 0
14595 0
14596 0
14597 0
14598 8
14599 11
14600 0
14601 0
14602 0
14603 0
14604 0
14605 0
14606 0
14607 0
14608 0
14609 0
14610 0
14611 0
14612 0
14613 0
14614 0
14615 0
14616 0
14617 0
14618 0
14619 0
14620 0
14621 0
14622 0
14623 0
14624 0
14625 0
14626 0
14627 0
14628 0
14629 0
14630 0
14631 0
14632 1
14633 8
14634 6
14635 17
14636 5
14637 2
14638 0
14639 0
14640 0
14641 0
14642 16
14643 32
14644 43
14645 45
14646 44
14647 44
14648 48
14649 44
14650 43
14651 39
14652 47
14653 35
14654 23
14655 26
14656 48
14657 44
14658 61
14659 50
14660 56
14661 37
14662 47
14663 53
14664 44
14665 48
14666 32
14667 45
14668 28
14669 54
14670 45
14671 45
14672 45
14673 47
14674 37
14675 46
14676 18
14677 27
14678 22
14679 35
14680 40
14681 45
14682 38
14683 45
14684 11
14685 6
14686 1
14687 0
14688 0
14689 0
14690 0
14691 0
14692 0
14693 0
14694 0
14695 2
14696 3
14697 10
14698 0
14699 0
14700 0
14701 0
14702 0
14703 0
14704 0
14705 0
14706 0
14707 0
14708 0
14709 0
14710 0
14711 0
14712 0
14713 0
14714 0
14715 0
14716 0
14717 0
14718 0
14719 0
14720 0
14721 0
14722 0
14723 0
14724 0
14725 0
14726 0
14727 0
14728 0
14729 3
14730 7
14731 11
14732 15
14733 24
14734 18
14735 10
14736 2
14737 1
14738 0
14739 0
14740 24
14741 23
14742 37
14743 27
14744 39
14745 43
14746 32
14747 39
14748 37
14749 35
14750 35
14751 47
14752 38
14753 33
14754 35
14755 41
14756 25
14757 33
14758 31
14759 35
14760 29
14761 40
14762 34
14763 41
14764 36
14765 34
14766 37
14767 51
14768 47
14769 39
14770 45
14771 37
14772 28
14773 22
14774 25
14775 24
14776 25
14777 32
14778 41
14779 45
14780 31
14781 42
14782 20
14783 10
14784 5
14785 3
14786 0
14787 0
14788 0
14789 0
14790 0
14791 0
14792 0
14793 5
14794 12
14795 23
14796 0
14797 0
14798 0
14799 0
14800 0
14801 0
14802 0
14803 0
14804 0
14805 0
14806 0
14807 0
14808 0
14809 0
14810 0
14811 0
14812 0
14813 0
14814 0
14815 0
14816 0
14817 0
14818 0
14819 0
14820 0
14821 0
14822 0
14823 0
14824 0
14825 0
14826 0
14827 3
14828 9
14829 17
14830 24
14831 19
14832 13
14833 7
14834 2
14835 0
14836 0
14837 0
14838 36
14839 44
14840 41
14841 45
14842 38
14843 43
14844 42
14845 35
14846 44
14847 42
14848 42
14849 36
14850 34
14851 28
14852 46
14853 44
14854 38
14855 37
14856 45
14857 44
14858 57
14859 26
14860 30
14861 46
14862 45
14863 37
14864 38
14865 44
14866 45
14867 32
14868 39
14869 38
14870 43
14871 44
14872 25
14873 26
14874 27
14875 36
14876 29
14877 34
14878 39
14879 43
14880 23
14881 15
14882 6
14883 2
14884 0
14885 0
14886 0
14887 0
14888 0
14889 0
14890 0
14891 7
14892 21
14893 28
14894 0
14895 0
14896 0
14897 0
14898 0
14899 0
14900 0
14901 0
14902 0
14903 0
14904 0
14905 0
14906 0
14907 0
14908 0
14909 0
14910 0
14911 0
14912 0
14913 0
14914 0
14915 0
14916 0
14917 0
14918 0
14919 0
14920 0
14921 0
14922 0
14923 0
14924 0
14925 3
14926 6
14927 20
14928 24
14929 28
14930 24
14931 8
14932 2
14933 0
14934 0
14935 0
14936 27
14937 29
14938 47
14939 31
14940 46
14941 52
14942 39
14943 51
14944 49
14945 41
14946 40
14947 42
14948 47
14949 27
14950 37
14951 45
14952 56
14953 47
14954 44
14955 50
14956 48
14957 56
14958 50
14959 46
14960 42
14961 45
14962 44
14963 43
14964 52
14965 59
14966 43
14967 51
14968 34
14969 43
14970 22
14971 37
14972 37
14973 43
14974 44
14975 36
14976 51
14977 60
14978 17
14979 12
14980 9
14981 5
14982 0
14983 0
14984 0
14985 0
14986 0
14987 0
14988 2
14989 7
14990 14
14991 15
14992 0
14993 0
14994 0
14995 0
14996 0
14997 0
14998 0
14999 0
15000 0
15001 0
15002 0
15003 0
15004 0
15005 0
15006 0
15007 0
15008 0
15009 0
15010 0
15011 0
15012 0
15013 0
15014 0
15015 0
15016 0
15017 0
15018 0
15019 0
15020 0
15021 0
15022 0
15023 4
15024 12
15025 19
15026 27
15027 20
15028 13
15029 10
15030 3
15031 0
15032 0
15033 0
15034 32
15035 34
15036 41
15037 42
15038 36
15039 36
15040 39
15041 31
15042 52
15043 48
15044 50
15045 40
15046 43
15047 45
15048 32
15049 43
15050 54
15051 54
15052 44
15053 49
15054 42
15055 41
15056 47
15057 40
15058 46
15059 54
15060 63
15061 59
15062 38
15063 40
15064 42
15065 30
15066 28
15067 35
15068 25
15069 38
15070 39
15071 39
15072 43
15073 40
15074 44
15075 42
15076 25
15077 14
15078 9
15079 1
15080 3
15081 0
15082 0
15083 0
15084 0
15085 0
15086 2
15087 8
15088 14
15089 26
15090 0
15091 0
15092 0
15093 0
15094 0
15095 0
15096 0
15097 0
15098 0
15099 0
15100 0
15101 0
15102 0
15103 0
15104 0
15105 0
15106 0
15107 0
15108 0
15109 0
15110 0
15111 0
15112 0
15113 0
15114 0
15115 0
15116 0
15117 0
15118 0
15119 0
15120 0
15121 6
15122 5
15123 17
15124 19
15125 27
15126 21
15127 10
15128 4
15129 0
15130 0
15131 0
15132 30
15133 43
15134 41
15135 45
15136 45
15137 44
15138 42
15139 39
15140 46
15141 28
15142 35
15143 39
15144 23
15145 26
15146 41
15147 58
15148 40
15149 52
15150 47
15151 42
15152 49
15153 49
15154 42
15155 45
15156 36
15157 38
15158 41
15159 45
15160 29
15161 39
15162 42
15163 46
15164 42
15165 17
15166 26
15167 22
15168 38
15169 45
15170 39
15171 39
15172 45
15173 47
15174 21
15175 7
15176 5
15177 1
15178 0
15179 0
15180 0
15181 0
15182 0
15183 0
15184 1
15185 7
15186 8
15187 19
15188 0
15189 0
15190 0
15191 0
15192 0
15193 0
15194 0
15195 0
15196 0
15197 0
15198 0
15199 0
15200 0
15201 0
15202 0
15203 0
15204 0
15205 0
15206 0
15207 0
15208 0
15209 0
15210 0
15211 0
15212 0
15213 0
15214 0
15215 0
15216 0
15217 0
15218 1
15219 1
15220 13
15221 19
15222 28
15223 35
15224 19
15225 9
15226 4
15227 1
15228 0
15229 0
15230 27
15231 36
15232 38
15233 38
15234 39
15235 43
15236 46
15237 46
15238 43
15239 42
15240 39
15241 43
15242 41
15243 26
15244 50
15245 43
15246 42
15247 45
15248 31
15249 42
15250 49
15251 48
15252 45
15253 42
15254 58
15255 30
15256 44
15257 57
15258 50
15259 41
15260 41
15261 36
15262 26
15263 26
15264 25
15265 37
15266 29
15267 13
15268 43
15269 42
15270 48
15271 49
15272 27
15273 6
15274 7
15275 2
15276 0
15277 0
15278 0
15279 0
15280 0
15281 0
15282 0
15283 6
15284 11
15285 26
15286 0
15287 0
15288 0
15289 0
15290 0
15291 0
15292 0
15293 0
15294 0
15295 0
15296 0
15297 0
15298 0
15299 0
15300 0
15301 0
15302 0
15303 0
15304 0
15305 0
15306 0
15307 0
15308 0
15309 0
15310 0
15311 0
15312 0
15313 0
15314 0
15315 0
15316 0
15317 6
15318 10
15319 22
15320 29
15321 24
15322 10
15323 4
15324 0
15325 0
15326 0
15327 0
15328 30
15329 31
15330 44
15331 40
15332 39
15333 47
15334 45
15335 41
15336 36
15337 38
15338 41
15339 31
15340 33
15341 33
15342 50
15343 50
15344 39
15345 47
15346 35
15347 40
15348 60
15349 46
15350 44
15351 43
15352 57
15353 55
15354 41
15355 38
15356 45
15357 49
15358 53
15359 49
15360 26
15361 38
15362 42
15363 26
15364 32
15365 35
15366 37
15367 41
15368 37
15369 37
15370 17
15371 15
15372 7
15373 2
15374 1
15375 0
15376 0
15377 0
15378 0
15379 0
15380 2
15381 5
15382 8
15383 17
15384 0
15385 0
15386 0
15387 0
15388 0
15389 0
15390 0
15391 0
15392 0
15393 0
15394 0
15395 0
15396 0
15397 0
15398 0
15399 0
15400 0
15401 0
15402 0
15403 0
15404 0
15405 0
15406 0
15407 0
15408 0
15409 0
15410 0
15411 0
15412 0
15413 0
15414 0
15415 5
15416 7
15417 21
15418 29
15419 27
15420 22
15421 11
15422 2
15423 0
15424 0
15425 0
15426 30
15427 45
15428 48
15429 50
15430 44
15431 55
15432 47
15433 52
15434 45
15435 43
15436 34
15437 38
15438 39
15439 30
15440 54
15441 57
15442 47
15443 67
15444 52
15445 48
15446 51
15447 57
15448 40
15449 44
15450 56
15451 49
15452 37
15453 44
15454 51
15455 51
15456 37
15457 53
15458 48
15459 33
15460 30
15461 25
15462 33
15463 36
15464 40
15465 43
15466 51
15467 47
15468 22
15469 12
15470 3
15471 3
15472 0
15473 0
15474 0
15475 0
15476 0
15477 0
15478 5
15479 8
15480 15
15481 12
15482 0
15483 0
15484 0
15485 0
15486 0
15487 0
15488 0
15489 0
15490 0
15491 0
15492 0
15493 0
15494 0
15495 0
15496 0
15497 0
15498 0
15499 0
15500 0
15501 0
15502 0
15503 0
15504 0
15505 0
15506 0
15507 0
15508 0
15509 0
15510 0
15511 0
15512 0
15513 3
15514 6
15515 24
15516 27
15517 33
15518 17
15519 6
15520 2
15521 0
15522 0
15523 0
15524 39
15525 40
15526 41
15527 34
15528 49
15529 39
15530 52
15531 45
15532 50
15533 58
15534 43
15535 52
15536 41
15537 39
15538 43
15539 43
15540 49
15541 29
15542 37
15543 33
15544 49
15545 63
15546 42
15547 52
15548 40
15549 52
15550 52
15551 44
15552 51
15553 44
15554 41
15555 41
15556 45
15557 38
15558 29
15559 34
15560 33
15561 37
15562 44
15563 40
15564 0
15565 46
15566 18
15567 9
15568 9
15569 2
15570 0
15571 0
15572 0
15573 0
15574 0
15575 0
15576 0
15577 5
15578 0
15579 35
15580 0
15581 0
15582 0
15583 0
15584 0
15585 0
15586 0
15587 0
15588 0
15589 0
15590 0
15591 0
15592 0
15593 0
15594 0
15595 0
15596 0
15597 0
15598 0
15599 0
15600 0
15601 0
15602 0
15603 0
15604 0
15605 0
15606 0
15607 0
15608 0
15609 0
15610 3
15611 3
15612 3
15613 10
15614 21
15615 23
15616 17
15617 11
15618 0
15619 1
15620 0
15621 0
15622 19
15623 25
15624 17
15625 17
15626 26
15627 31
15628 27
15629 36
15630 39
15631 47
15632 39
15633 26
15634 30
15635 33
15636 29
15637 23
15638 28
15639 28
15640 38
15641 29
15642 16
15643 30
15644 33
15645 30
15646 32
15647 38
15648 36
15649 40
15650 16
15651 16
15652 25
15653 30
15654 30
15655 33
15656 17
15657 36
15658 31
15659 29
15660 32
15661 31
15662 24
15663 41
15664 11
15665 7
15666 2
15667 1
15668 0
15669 0
15670 0
15671 0
15672 0
15673 0
15674 0
15675 4
15676 9
15677 26
15678 0
15679 0
15680 0
15681 0
15682 0
15683 0
15684 0
15685 0
15686 0
15687 0
15688 0
15689 0
15690 0
15691 0
15692 0
15693 0
15694 0
15695 0
15696 0
15697 0
15698 0
15699 0
15700 0
15701 0
15702 0
15703 0
15704 0
15705 0
15706 0
15707 0
15708 0
15709 3
15710 4
15711 17
15712 23
15713 17
15714 5
15715 8
15716 5
15717 0
15718 0
15719 0
15720 27
15721 29
15722 26
15723 35
15724 23
15725 46
15726 34
15727 37
15728 34
15729 35
15730 28
15731 26
15732 25
15733 18
15734 47
15735 38
15736 39
15737 34
15738 36
15739 31
15740 32
15741 22
15742 46
15743 27
15744 40
15745 31
15746 38
15747 22
15748 30
15749 31
15750 33
15751 25
15752 35
15753 25
15754 14
15755 17
15756 25
15757 17
15758 27
15759 27
15760 43
15761 20
15762 14
15763 6
15764 4
15765 2
15766 0
15767 0
15768 0
15769 0
15770 0
15771 0
15772 0
15773 2
15774 10
15775 14
15776 0
15777 0
15778 0
15779 0
15780 0
15781 0
15782 0
15783 0
15784 0
15785 0
15786 0
15787 0
15788 0
15789 0
15790 0
15791 0
15792 0
15793 0
15794 0
15795 0
15796 0
15797 0
15798 0
15799 0
15800 0
15801 0
15802 0
15803 0
15804 0
15805 0
15806 0
15807 2
15808 15
15809 0
15810 28
15811 16
15812 12
15813 3
15814 0
15815 0
15816 0
15817 0
15818 28
15819 33
15820 43
15821 36
15822 43
15823 50
15824 47
15825 26
15826 37
15827 31
15828 29
15829 30
15830 31
15831 22
15832 38
15833 47
15834 45
15835 55
15836 40
15837 38
15838 35
15839 28
15840 40
15841 25
15842 38
15843 35
15844 43
15845 32
15846 34
15847 52
15848 35
15849 33
15850 47
15851 32
15852 24
15853 13
15854 20
15855 30
15856 27
15857 32
15858 31
15859 29
15860 16
15861 8
15862 3
15863 2
15864 0
15865 0
15866 0
15867 0
15868 0
15869 2
15870 2
15871 4
15872 10
15873 6
15874 0
15875 0
15876 0
15877 0
15878 0
15879 0
15880 0
15881 0
15882 0
15883 0
15884 0
15885 0
15886 0
15887 0
15888 0
15889 0
15890 0
15891 0
15892 0
15893 0
15894 0
15895 0
15896 0
15897 0
15898 0
15899 0
15900 0
15901 0
15902 0
15903 0
15904 1
15905 0
15906 5
15907 23
15908 34
15909 25
15910 12
15911 6
15912 5
15913 1
15914 0
15915 0
15916 37
15917 51
15918 47
15919 38
15920 36
15921 43
15922 61
15923 44
15924 42
15925 47
15926 59
15927 36
15928 47
15929 29
15930 53
15931 52
15932 40
15933 48
15934 57
15935 40
15936 50
15937 45
15938 39
15939 37
15940 36
15941 46
15942 42
15943 49
15944 57
15945 58
15946 48
15947 42
15948 44
15949 40
15950 35
15951 34
15952 32
15953 38
15954 39
15955 35
15956 44
15957 40
15958 31
15959 8
15960 11
15961 2
15962 0
15963 0
15964 0
15965 0
15966 0
15967 0
15968 2
15969 5
15970 15
15971 23
15972 0
15973 0
15974 0
15975 0
15976 0
15977 0
15978 0
15979 0
15980 0
15981 0
15982 0
15983 0
15984 0
15985 0
15986 0
15987 0
15988 0
15989 0
15990 0
15991 0
15992 0
15993 0
15994 0
15995 0
15996 0
15997 0
15998 0
15999 0
16000 0
16001 0
16002 0
16003 5
16004 8
16005 23
16006 27
16007 31
16008 14
16009 15
16010 3
16011 0
16012 0
16013 0
16014 36
16015 41
16016 36
16017 37
16018 43
16019 46
16020 47
16021 53
16022 41
16023 44
16024 43
16025 33
16026 40
16027 33
16028 56
16029 50
16030 41
16031 53
16032 42
16033 34
16034 43
16035 55
16036 46
16037 47
16038 45
16039 40
16040 49
16041 53
16042 52
16043 40
16044 46
16045 27
16046 28
16047 25
16048 33
16049 33
16050 40
16051 33
16052 32
16053 30
16054 48
16055 49
16056 18
16057 20
16058 11
16059 1
16060 0
16061 0
16062 0
16063 0
16064 0
16065 0
16066 4
16067 7
16068 18
16069 30
16070 0
16071 0
16072 0
16073 0
16074 0
16075 0
16076 0
16077 0
16078 0
16079 0
16080 0
16081 0
16082 0
16083 0
16084 0
16085 0
16086 0
16087 0
16088 0
16089 0
16090 0
16091 0
16092 0
16093 0
16094 0
16095 0
16096 0
16097 0
16098 0
16099 0
16100 0
16101 2
16102 8
16103 15
16104 14
16105 29
16106 10
16107 9
16108 6
16109 0
16110 0
16111 0
16112 30
16113 23
16114 31
16115 28
16116 30
16117 28
16118 38
16119 44
16120 62
16121 32
16122 42
16123 40
16124 23
16125 26
16126 31
16127 32
16128 34
16129 38
16130 35
16131 38
16132 40
16133 54
16134 52
16135 55
16136 51
16137 45
16138 41
16139 38
16140 41
16141 28
16142 36
16143 38
16144 46
16145 35
16146 32
16147 28
16148 26
16149 37
16150 32
16151 33
16152 40
16153 43
16154 26
16155 19
16156 6
16157 1
16158 0
16159 0
16160 0
16161 0
16162 0
16163 0
16164 2
16165 8
16166 16
16167 17
16168 0
16169 0
16170 0
16171 0
16172 0
16173 0
16174 0
16175 0
16176 0
16177 0
16178 0
16179 0
16180 0
16181 0
16182 0
16183 0
16184 0
16185 0
16186 0
16187 0
16188 0
16189 0
16190 0
16191 0
16192 0
16193 0
16194 0
16195 0
16196 0
16197 0
16198 0
16199 2
16200 3
16201 6
16202 13
16203 21
16204 8
16205 6
16206 2
16207 1
16208 0
16209 0
16210 18
16211 19
16212 15
16213 22
16214 26
16215 22
16216 29
16217 23
16218 30
16219 23
16220 36
16221 27
16222 24
16223 23
16224 29
16225 15
16226 28
16227 44
16228 49
16229 50
16230 53
16231 51
16232 40
16233 38
16234 37
16235 29
16236 24
16237 21
16238 43
16239 42
16240 54
16241 45
16242 45
16243 32
16244 44
16245 31
16246 26
16247 32
16248 35
16249 36
16250 43
16251 36
16252 21
16253 17
16254 6
16255 2
16256 1
16257 0
16258 0
16259 0
16260 0
16261 0
16262 0
16263 4
16264 11
16265 18
16266 0
16267 0
16268 0
16269 0
16270 0
16271 0
16272 0
16273 0
16274 0
16275 0
16276 0
16277 0
16278 0
16279 0
16280 0
16281 0
16282 0
16283 0
16284 0
16285 0
16286 0
16287 0
16288 0
16289 0
16290 0
16291 0
16292 0
16293 0
16294 0
16295 0
16296 0
16297 1
16298 4
16299 3
16300 10
16301 10
16302 10
16303 3
16304 0
16305 0
16306 0
16307 0
16308 12
16309 12
16310 13
16311 16
16312 12
16313 8
16314 10
16315 20
16316 20
16317 26
16318 20
16319 25
16320 17
16321 23
16322 10
16323 17
16324 31
16325 28
16326 30
16327 49
16328 35
16329 50
16330 42
16331 46
16332 38
16333 37
16334 16
16335 27
16336 39
16337 47
16338 27
16339 22
16340 32
16341 38
16342 22
16343 28
16344 27
16345 42
16346 40
16347 47
16348 43
16349 52
16350 18
16351 9
16352 5
16353 2
16354 1
16355 0
16356 0
16357 0
16358 0
16359 0
16360 1
16361 8
16362 9
16363 17
16364 0
16365 0
16366 0
16367 0
16368 0
16369 0
16370 0
16371 0
16372 0
16373 0
16374 0
16375 0
16376 0
16377 0
16378 0
16379 0
16380 0
16381 0
16382 0
16383 0
16384 0
16385 0
16386 0
16387 0
16388 0
16389 0
16390 0
16391 0
16392 0
16393 0
16394 0
16395 0
16396 2
16397 1
16398 2
16399 8
16400 3
16401 3
16402 0
16403 0
16404 0
16405 0
16406 2
16407 2
16408 3
16409 3
16410 1
16411 2
16412 1
16413 8
16414 9
16415 5
16416 9
16417 5
16418 2
16419 2
16420 0
16421 0
16422 9
16423 18
16424 35
16425 41
16426 40
16427 53
16428 56
16429 33
16430 24
16431 11
16432 10
16433 6
16434 43
16435 43
16436 53
16437 39
16438 28
16439 29
16440 22
16441 27
16442 32
16443 39
16444 27
16445 39
16446 46
16447 43
16448 21
16449 16
16450 7
16451 2
16452 0
16453 0
16454 0
16455 0
16456 0
16457 1
16458 2
16459 4
16460 10
16461 22
16462 0
16463 0
16464 0
16465 0
16466 0
16467 0
16468 0
16469 0
16470 0
16471 0
16472 0
16473 0
16474 0
16475 0
16476 0
16477 0
16478 0
16479 0
16480 0
16481 0
16482 0
16483 0
16484 0
16485 0
16486 0
16487 0
16488 0
16489 0
16490 0
16491 0
16492 0
16493 0
16494 0
16495 0
16496 0
16497 0
16498 0
16499 0
16500 0
16501 0
16502 0
16503 0
16504 0
16505 0
16506 0
16507 0
16508 0
16509 0
16510 0
16511 0
16512 0
16513 0
16514 0
16515 0
16516 0
16517 0
16518 0
16519 1
16520 3
16521 20
16522 21
16523 19
16524 19
16525 37
16526 25
16527 24
16528 22
16529 5
16530 1
16531 0
16532 45
16533 33
16534 34
16535 16
16536 19
16537 25
16538 19
16539 20
16540 13
16541 34
16542 32
16543 33
16544 25
16545 34
16546 16
16547 12
16548 0
16549 1
16550 0
16551 0
16552 0
16553 0
16554 0
16555 0
16556 1
16557 7
16558 8
16559 16
16560 0
16561 0
16562 0
16563 0
16564 0
16565 0
16566 0
16567 0
16568 0
16569 0
16570 0
16571 0
16572 0
16573 0
16574 0
16575 0
16576 0
16577 0
16578 0
16579 0
16580 0
16581 0
16582 0
16583 0
16584 0
16585 0
16586 0
16587 0
16588 0
16589 0
16590 0
16591 0
16592 0
16593 0
16594 1
16595 0
16596 1
16597 0
16598 0
16599 0
16600 0
16601 0
16602 1
16603 2
16604 0
16605 5
16606 1
16607 2
16608 2
16609 0
16610 0
16611 0
16612 0
16613 0
16614 0
16615 0
16616 0
16617 0
16618 2
16619 2
16620 5
16621 4
16622 2
16623 27
16624 30
16625 26
16626 16
16627 6
16628 1
16629 0
16630 26
16631 19
16632 17
16633 27
16634 20
16635 16
16636 26
16637 11
16638 33
16639 23
16640 26
16641 23
16642 22
16643 23
16644 18
16645 7
16646 3
16647 2
16648 0
16649 0
16650 0
16651 0
16652 0
16653 0
16654 0
16655 3
16656 10
16657 15
16658 0
16659 0
16660 0
16661 0
16662 0
16663 0
16664 0
16665 0
16666 0
16667 0
16668 0
16669 0
16670 0
16671 0
16672 0
16673 0
16674 0
16675 0
16676 0
16677 0
16678 0
16679 0
16680 0
16681 0
16682 0
16683 0
16684 0
16685 0
16686 0
16687 0
16688 1
16689 0
16690 2
16691 2
16692 6
16693 6
16694 5
16695 1
16696 1
16697 0
16698 0
16699 0
16700 10
16701 13
16702 12
16703 16
16704 13
16705 23
16706 19
16707 11
16708 12
16709 8
16710 9
16711 9
16712 11
16713 1
16714 18
16715 16
16716 16
16717 22
16718 25
16719 18
16720 29
16721 34
16722 34
16723 29
16724 23
16725 19
16726 9
16727 11
16728 17
16729 40
16730 23
16731 27
16732 25
16733 38
16734 13
16735 13
16736 17
16737 24
16738 26
16739 22
16740 18
16741 26
16742 18
16743 7
16744 4
16745 5
16746 0
16747 0
16748 0
16749 0
16750 0
16751 1
16752 2
16753 4
16754 6
16755 17
16756 0
16757 0
16758 0
16759 0
16760 0
16761 0
16762 0
16763 0
16764 0
16765 0
16766 0
16767 0
16768 0
16769 0
16770 0
16771 0
16772 0
16773 0
16774 0
16775 0
16776 0
16777 0
16778 0
16779 0
16780 0
16781 0
16782 0
16783 0
16784 0
16785 0
16786 1
16787 1
16788 4
16789 14
16790 15
16791 9
16792 6
16793 6
16794 1
16795 0
16796 0
16797 0
16798 17
16799 18
16800 29
16801 19
16802 20
16803 31
16804 26
16805 20
16806 25
16807 22
16808 28
16809 22
16810 10
16811 16
16812 25
16813 25
16814 30
16815 19
16816 17
16817 21
16818 24
16819 26
16820 28
16821 23
16822 26
16823 26
16824 24
16825 17
16826 17
16827 19
16828 16
16829 20
16830 12
16831 19
16832 4
16833 21
16834 23
16835 20
16836 21
16837 27
16838 25
16839 16
16840 6
16841 8
16842 0
16843 1
16844 0
16845 0
16846 0
16847 0
16848 0
16849 0
16850 1
16851 4
16852 6
16853 14
16854 0
16855 0
16856 0
16857 0
16858 0
16859 0
16860 0
16861 0
16862 0
16863 0
16864 0
16865 0
16866 0
16867 0
16868 0
16869 0
16870 0
16871 0
16872 0
16873 0
16874 0
16875 0
16876 0
16877 0
16878 0
16879 0
16880 0
16881 0
16882 0
16883 0
16884 0
16885 2
16886 5
16887 16
16888 19
16889 16
16890 8
16891 5
16892 2
16893 0
16894 0
16895 0
16896 28
16897 32
16898 39
16899 39
16900 41
16901 37
16902 47
16903 38
16904 37
16905 25
16906 32
16907 25
16908 27
16909 28
16910 32
16911 40
16912 24
16913 25
16914 8
16915 7
16916 5
16917 12
16918 14
16919 11
16920 16
16921 31
16922 27
16923 36
16924 9
16925 5
16926 4
16927 5
16928 8
16929 6
16930 6
16931 13
16932 7
16933 18
16934 13
16935 11
16936 8
16937 1
16938 2
16939 0
16940 2
16941 0
16942 0
16943 0
16944 0
16945 0
16946 0
16947 0
16948 0
16949 0
16950 0
16951 1
16952 0
16953 0
16954 0
16955 0
16956 0
16957 0
16958 0
16959 0
16960 0
16961 0
16962 0
16963 0
16964 0
16965 0
16966 0
16967 0
16968 0
16969 0
16970 0
16971 0
16972 0
16973 0
16974 0
16975 0
16976 0
16977 0
16978 0
16979 0
16980 0
16981 0
16982 1
16983 0
16984 11
16985 21
16986 20
16987 35
16988 9
16989 11
16990 1
16991 0
16992 0
16993 0
16994 39
16995 43
16996 40
16997 39
16998 36
16999 52
17000 57
17001 38
17002 31
17003 45
17004 43
17005 38
17006 39
17007 35
17008 55
17009 45
17010 28
17011 21
17012 5
17013 0
17014 0
17015 3
17016 1
17017 11
17018 26
17019 41
17020 49
17021 44
17022 0
17023 0
17024 0
17025 0
17026 0
17027 0
17028 0
17029 1
17030 0
17031 0
17032 0
17033 1
17034 0
17035 0
17036 0
17037 0
17038 0
17039 0
17040 0
17041 0
17042 0
17043 0
17044 0
17045 0
17046 0
17047 2
17048 1
17049 1
17050 0
17051 0
17052 0
17053 0
17054 0
17055 0
17056 0
17057 0
17058 0
17059 0
17060 0
17061 0
17062 0
17063 0
17064 0
17065 0
17066 0
17067 0
17068 0
17069 0
17070 0
17071 0
17072 0
17073 0
17074 0
17075 0
17076 0
17077 0
17078 0
17079 0
17080 0
17081 0
17082 4
17083 15
17084 16
17085 20
17086 15
17087 5
17088 6
17089 0
17090 0
17091 0
17092 18
17093 23
17094 33
17095 26
17096 31
17097 34
17098 37
17099 40
17100 35
17101 27
17102 34
17103 36
17104 35
17105 13
17106 25
17107 29
17108 25
17109 13
17110 8
17111 2
17112 1
17113 0
17114 0
17115 5
17116 14
17117 27
17118 42
17119 40
17120 1
17121 1
17122 0
17123 0
17124 0
17125 0
17126 0
17127 0
17128 0
17129 0
17130 0
17131 0
17132 0
17133 0
17134 0
17135 0
17136 0
17137 0
17138 0
17139 0
17140 0
17141 0
17142 0
17143 0
17144 0
17145 0
17146 0
17147 0
17148 0
17149 0
17150 0
17151 0
17152 0
17153 0
17154 0
17155 0
17156 0
17157 0
17158 0
17159 0
17160 0
17161 0
17162 0
17163 0
17164 0
17165 0
17166 0
17167 0
17168 0
17169 0
17170 0
17171 0
17172 0
17173 0
17174 0
17175 0
17176 0
17177 0
17178 0
17179 3
17180 4
17181 10
17182 13
17183 14
17184 15
17185 5
17186 2
17187 0
17188 0
17189 0
17190 17
17191 21
17192 24
17193 21
17194 25
17195 30
17196 31
17197 40
17198 26
17199 32
17200 29
17201 30
17202 27
17203 21
17204 26
17205 26
17206 23
17207 18
17208 14
17209 5
17210 5
17211 3
17212 5
17213 12
17214 12
17215 14
17216 32
17217 28
17218 6
17219 2
17220 9
17221 10
17222 7
17223 4
17224 4
17225 2
17226 1
17227 2
17228 2
17229 6
17230 2
17231 2
17232 4
17233 2
17234 0
17235 1
17236 0
17237 0
17238 0
17239 0
17240 0
17241 0
17242 0
17243 0
17244 0
17245 1
17246 0
17247 0
17248 0
17249 0
17250 0
17251 0
17252 0
17253 0
17254 0
17255 0
17256 0
17257 0
17258 0
17259 0
17260 0
17261 0
17262 0
17263 0
17264 0
17265 0
17266 0
17267 0
17268 0
17269 0
17270 0
17271 0
17272 0
17273 0
17274 0
17275 0
17276 2
17277 3
17278 12
17279 19
17280 33
17281 25
17282 18
17283 10
17284 2
17285 1
17286 0
17287 0
17288 33
17289 38
17290 43
17291 49
17292 61
17293 53
17294 44
17295 49
17296 53
17297 39
17298 47
17299 45
17300 38
17301 29
17302 51
17303 50
17304 44
17305 30
17306 23
17307 21
17308 28
17309 21
17310 19
17311 22
17312 32
17313 47
17314 54
17315 67
17316 29
17317 26
17318 21
17319 22
17320 16
17321 25
17322 10
17323 20
17324 23
17325 20
17326 28
17327 12
17328 20
17329 22
17330 13
17331 11
17332 0
17333 0
17334 1
17335 0
17336 0
17337 0
17338 0
17339 0
17340 2
17341 1
17342 4
17343 8
17344 0
17345 0
17346 0
17347 0
17348 0
17349 0
17350 0
17351 0
17352 0
17353 0
17354 0
17355 0
17356 0
17357 0
17358 0
17359 0
17360 0
17361 0
17362 0
17363 0
17364 0
17365 0
17366 0
17367 0
17368 0
17369 0
17370 0
17371 0
17372 0
17373 0
17374 0
17375 3
17376 15
17377 10
17378 22
17379 45
17380 16
17381 11
17382 6
17383 2
17384 0
17385 0
17386 25
17387 45
17388 34
17389 45
17390 60
17391 41
17392 50
17393 40
17394 46
17395 48
17396 48
17397 39
17398 32
17399 30
17400 46
17401 43
17402 38
17403 30
17404 24
17405 47
17406 35
17407 27
17408 28
17409 24
17410 31
17411 42
17412 43
17413 56
17414 34
17415 26
17416 40
17417 29
17418 30
17419 24
17420 15
17421 8
17422 25
17423 26
17424 26
17425 34
17426 31
17427 26
17428 13
17429 7
17430 6
17431 4
17432 0
17433 0
17434 0
17435 0
17436 0
17437 1
17438 2
17439 2
17440 6
17441 10
17442 0
17443 0
17444 0
17445 0
17446 0
17447 0
17448 0
17449 0
17450 0
17451 0
17452 0
17453 0
17454 0
17455 0
17456 0
17457 0
17458 0
17459 0
17460 0
17461 0
17462 0
17463 0
17464 0
17465 0
17466 0
17467 0
17468 0
17469 0
17470 0
17471 0
17472 0
17473 5
17474 4
17475 13
17476 26
17477 33
17478 19
17479 10
17480 1
17481 0
17482 0
17483 0
17484 34
17485 30
17486 49
17487 50
17488 35
17489 41
17490 56
17491 39
17492 47
17493 42
17494 44
17495 52
17496 55
17497 44
17498 53
17499 43
17500 42
17501 39
17502 52
17503 46
17504 55
17505 36
17506 35
17507 39
17508 40
17509 45
17510 41
17511 36
17512 40
17513 43
17514 42
17515 48
17516 38
17517 34
17518 28
17519 23
17520 34
17521 48
17522 45
17523 35
17524 35
17525 45
17526 29
17527 18
17528 6
17529 1
17530 0
17531 0
17532 0
17533 0
17534 0
17535 0
17536 1
17537 4
17538 9
17539 27
17540 0
17541 0
17542 0
17543 0
17544 0
17545 0
17546 0
17547 0
17548 0
17549 0
17550 0
17551 0
17552 0
17553 0
17554 0
17555 0
17556 0
17557 0
17558 0
17559 0
17560 0
17561 0
17562 0
17563 0
17564 0
17565 0
17566 0
17567 0
17568 0
17569 0
17570 0
17571 4
17572 9
17573 17
17574 35
17575 29
17576 19
17577 11
17578 5
17579 1
17580 0
17581 0
17582 38
17583 44
17584 34
17585 33
17586 33
17587 43
17588 48
17589 55
17590 44
17591 52
17592 45
17593 30
17594 31
17595 29
17596 65
17597 50
17598 45
17599 41
17600 45
17601 40
17602 42
17603 51
17604 50
17605 57
17606 36
17607 49
17608 44
17609 57
17610 43
17611 55
17612 46
17613 47
17614 39
17615 30
17616 36
17617 26
17618 36
17619 44
17620 35
17621 37
17622 35
17623 36
17624 21
17625 16
17626 5
17627 2
17628 0
17629 0
17630 0
17631 0
17632 0
17633 0
17634 1
17635 7
17636 14
17637 13
17638 0
17639 0
17640 0
17641 0
17642 0
17643 0
17644 0
17645 0
17646 0
17647 0
17648 0
17649 0
17650 0
17651 0
17652 0
17653 0
17654 0
17655 0
17656 0
17657 0
17658 0
17659 0
17660 0
17661 0
17662 0
17663 0
17664 0
17665 0
17666 0
17667 0
17668 0
17669 0
17670 4
17671 12
17672 10
17673 22
17674 10
17675 3
17676 8
17677 0
17678 0
17679 0
17680 22
17681 25
17682 25
17683 30
17684 20
17685 27
17686 27
17687 35
17688 42
17689 30
17690 26
17691 27
17692 21
17693 29
17694 36
17695 35
17696 38
17697 34
17698 33
17699 30
17700 46
17701 25
17702 27
17703 23
17704 33
17705 30
17706 38
17707 27
17708 35
17709 31
17710 27
17711 36
17712 23
17713 37
17714 22
17715 17
17716 19
17717 28
17718 19
17719 33
17720 25
17721 34
17722 12
17723 8
17724 4
17725 2
17726 0
17727 0
17728 0
17729 0
17730 0
17731 1
17732 1
17733 2
17734 10
17735 13
17736 0
17737 0
17738 0
17739 0
17740 0
17741 0
17742 0
17743 0
17744 0
17745 0
17746 0
17747 0
17748 0
17749 0
17750 0
17751 0
17752 0
17753 0
17754 0
17755 0
17756 0
17757 0
17758 0
17759 0
17760 0
17761 0
17762 0
17763 0
17764 0
17765 0
17766 0
17767 4
17768 7
17769 14
17770 26
17771 23
17772 17
17773 6
17774 1
17775 0
17776 0
17777 0
17778 35
17779 34
17780 36
17781 30
17782 33
17783 45
17784 36
17785 29
17786 26
17787 17
17788 28
17789 38
17790 21
17791 19
17792 43
17793 33
17794 36
17795 27
17796 33
17797 37
17798 42
17799 33
17800 33
17801 29
17802 23
17803 40
17804 25
17805 34
17806 35
17807 37
17808 27
17809 37
17810 27
17811 24
17812 25
17813 31
17814 32
17815 28
17816 30
17817 34
17818 32
17819 27
17820 17
17821 13
17822 2
17823 2
17824 0
17825 0
17826 0
17827 0
17828 0
17829 0
17830 0
17831 8
17832 16
17833 12
17834 0
17835 0
17836 0
17837 0
17838 0
17839 0
17840 0
17841 0
17842 0
17843 0
17844 0
17845 0
17846 0
17847 0
17848 0
17849 0
17850 0
17851 0
17852 0
17853 0
17854 0
17855 0
17856 0
17857 0
17858 0
17859 0
17860 0
17861 0
17862 0
17863 0
17864 0
17865 2
17866 3
17867 8
17868 3
17869 28
17870 12
17871 8
17872 2
17873 0
17874 0
17875 0
17876 4
17877 5
17878 6
17879 5
17880 5
17881 9
17882 14
17883 19
17884 33
17885 40
17886 30
17887 36
17888 35
17889 25
17890 35
17891 27
17892 25
17893 20
17894 28
17895 27
17896 30
17897 36
17898 41
17899 40
17900 48
17901 42
17902 42
17903 42
17904 32
17905 28
17906 32
17907 30
17908 17
17909 23
17910 12
17911 26
17912 31
17913 31
17914 29
17915 30
17916 43
17917 35
17918 8
17919 10
17920 2
17921 0
17922 0
17923 0
17924 0
17925 0
17926 0
17927 0
17928 0
17929 6
17930 9
17931 20
17932 0
17933 0
17934 0
17935 0
17936 0
17937 0
17938 0
17939 0
17940 0
17941 0
17942 0
17943 0
17944 0
17945 0
17946 0
17947 0
17948 0
17949 0
17950 0
17951 0
17952 0
17953 0
17954 0
17955 0
17956 0
17957 0
17958 0
17959 0
17960 0
17961 0
17962 0
17963 2
17964 9
17965 20
17966 23
17967 7
17968 12
17969 3
17970 1
17971 0
17972 0
17973 0
17974 35
17975 22
17976 29
17977 29
17978 38
17979 26
17980 28
17981 22
17982 28
17983 29
17984 35
17985 25
17986 10
17987 13
17988 31
17989 33
17990 24
17991 30
17992 28
17993 28
17994 31
17995 39
17996 26
17997 30
17998 28
17999 23
18000 28
18001 23
18002 36
18003 27
18004 44
18005 33
18006 29
18007 28
18008 18
18009 14
18010 21
18011 27
18012 26
18013 34
18014 23
18015 29
18016 21
18017 7
18018 4
18019 2
18020 0
18021 0
18022 0
18023 0
18024 0
18025 0
18026 0
18027 6
18028 10
18029 9
18030 0
18031 0
18032 0
18033 0
18034 0
18035 0
18036 0
18037 0
18038 0
18039 0
18040 0
18041 0
18042 0
18043 0
18044 0
18045 0
18046 0
18047 0
18048 0
18049 0
18050 0
18051 0
18052 0
18053 0
18054 0
18055 0
18056 0
18057 0
18058 0
18059 0
18060 0
18061 5
18062 8
18063 19
18064 32
18065 19
18066 11
18067 12
18068 3
18069 0
18070 0
18071 0
18072 42
18073 34
18074 48
18075 42
18076 42
18077 59
18078 58
18079 40
18080 57
18081 48
18082 47
18083 40
18084 34
18085 27
18086 36
18087 55
18088 48
18089 40
18090 49
18091 50
18092 49
18093 44
18094 46
18095 40
18096 49
18097 38
18098 44
18099 45
18100 54
18101 51
18102 47
18103 40
18104 37
18105 43
18106 41
18107 28
18108 21
18109 37
18110 37
18111 40
18112 37
18113 49
18114 28
18115 15
18116 6
18117 0
18118 0
18119 0
18120 0
18121 0
18122 0
18123 0
18124 1
18125 6
18126 8
18127 22
18128 0
18129 0
18130 0
18131 0
18132 0
18133 0
18134 0
18135 0
18136 0
18137 0
18138 0
18139 0
18140 0
18141 0
18142 0
18143 0
18144 0
18145 0
18146 0
18147 0
18148 0
18149 0
18150 0
18151 0
18152 0
18153 0
18154 0
18155 0
18156 0
18157 0
18158 0
18159 5
18160 9
18161 28
18162 26
18163 34
18164 21
18165 13
18166 3
18167 0
18168 0
18169 0
18170 22
18171 45
18172 35
18173 38
18174 45
18175 35
18176 51
18177 30
18178 52
18179 41
18180 62
18181 38
18182 42
18183 38
18184 45
18185 52
18186 38
18187 31
18188 43
18189 37
18190 46
18191 56
18192 43
18193 57
18194 45
18195 48
18196 46
18197 53
18198 56
18199 54
18200 42
18201 44
18202 46
18203 27
18204 23
18205 31
18206 42
18207 37
18208 42
18209 50
18210 42
18211 48
18212 21
18213 20
18214 7
18215 1
18216 1
18217 0
18218 0
18219 0
18220 0
18221 0
18222 1
18223 14
18224 16
18225 23
18226 0
18227 0
18228 0
18229 0
18230 0
18231 0
18232 0
18233 0
18234 0
18235 0
18236 0
18237 0
18238 0
18239 0
18240 0
18241 0
18242 0
18243 0
18244 0
18245 0
18246 0
18247 0
18248 0
18249 0
18250 0
18251 0
18252 0
18253 0
18254 0
18255 0
18256 0
18257 1
18258 8
18259 14
18260 17
18261 11
18262 10
18263 5
18264 1
18265 0
18266 0
18267 0
18268 27
18269 33
18270 37
18271 29
18272 35
18273 30
18274 34
18275 25
18276 21
18277 29
18278 26
18279 37
18280 32
18281 15
18282 39
18283 26
18284 27
18285 33
18286 37
18287 33
18288 27
18289 34
18290 36
18291 29
18292 39
18293 34
18294 30
18295 34
18296 28
18297 22
18298 25
18299 39
18300 34
18301 22
18302 13
18303 27
18304 31
18305 27
18306 27
18307 28
18308 28
18309 33
18310 13
18311 6
18312 4
18313 2
18314 0
18315 0
18316 0
18317 0
18318 0
18319 0
18320 1
18321 3
18322 9
18323 14
18324 0
18325 0
18326 0
18327 0
18328 0
18329 0
18330 0
18331 0
18332 0
18333 0
18334 0
18335 0
18336 0
18337 0
18338 0
18339 0
18340 0
18341 0
18342 0
18343 0
18344 0
18345 0
18346 0
18347 0
18348 0
18349 0
18350 0
18351 0
18352 0
18353 0
18354 0
18355 2
18356 9
18357 13
18358 9
18359 24
18360 13
18361 12
18362 1
18363 1
18364 0
18365 0
18366 16
18367 10
18368 13
18369 13
18370 14
18371 5
18372 7
18373 24
18374 11
18375 33
18376 25
18377 29
18378 32
18379 22
18380 15
18381 14
18382 18
18383 22
18384 37
18385 42
18386 31
18387 39
18388 25
18389 36
18390 38
18391 21
18392 32
18393 31
18394 38
18395 37
18396 35
18397 27
18398 24
18399 27
18400 21
18401 16
18402 25
18403 22
18404 40
18405 32
18406 34
18407 35
18408 20
18409 10
18410 6
18411 0
18412 0
18413 0
18414 0
18415 0
18416 0
18417 0
18418 1
18419 8
18420 8
18421 28
18422 0
18423 0
18424 0
18425 0
18426 0
18427 0
18428 0
18429 0
18430 0
18431 0
18432 0
18433 0
18434 0
18435 0
18436 0
18437 0
18438 0
18439 0
18440 0
18441 0
18442 0
18443 0
18444 0
18445 0
18446 0
18447 0
18448 0
18449 0
18450 0
18451 0
18452 1
18453 2
18454 7
18455 26
18456 30
18457 20
18458 18
18459 8
18460 2
18461 0
18462 0
18463 0
18464 22
18465 35
18466 33
18467 35
18468 49
18469 36
18470 37
18471 19
18472 16
18473 19
18474 17
18475 9
18476 9
18477 14
18478 34
18479 31
18480 43
18481 36
18482 55
18483 47
18484 46
18485 49
18486 43
18487 29
18488 22
18489 16
18490 24
18491 11
18492 46
18493 41
18494 45
18495 37
18496 32
18497 38
18498 24
18499 22
18500 34
18501 30
18502 42
18503 50
18504 33
18505 37
18506 15
18507 14
18508 6
18509 2
18510 0
18511 0
18512 0
18513 0
18514 0
18515 0
18516 4
18517 7
18518 7
18519 13
18520 0
18521 0
18522 0
18523 0
18524 0
18525 0
18526 0
18527 0
18528 0
18529 0
18530 0
18531 0
18532 0
18533 0
18534 0
18535 0
18536 0
18537 0
18538 0
18539 0
18540 0
18541 0
18542 0
18543 0
18544 0
18545 0
18546 0
18547 0
18548 0
18549 0
18550 0
18551 4
18552 9
18553 19
18554 31
18555 21
18556 22
18557 9
18558 3
18559 3
18560 0
18561 0
18562 37
18563 42
18564 43
18565 55
18566 40
18567 40
18568 39
18569 45
18570 36
18571 46
18572 43
18573 41
18574 36
18575 28
18576 53
18577 44
18578 52
18579 36
18580 35
18581 63
18582 52
18583 51
18584 44
18585 54
18586 45
18587 32
18588 54
18589 48
18590 51
18591 49
18592 51
18593 43
18594 45
18595 48
18596 28
18597 27
18598 39
18599 47
18600 39
18601 40
18602 52
18603 49
18604 27
18605 17
18606 11
18607 0
18608 0
18609 0
18610 0
18611 0
18612 0
18613 0
18614 0
18615 3
18616 11
18617 21
18618 0
18619 0
18620 0
18621 0
18622 0
18623 0
18624 0
18625 0
18626 0
18627 0
18628 0
18629 0
18630 0
18631 0
18632 0
18633 0
18634 0
18635 0
18636 0
18637 0
18638 0
18639 0
18640 0
18641 0
18642 0
18643 0
18644 0
18645 0
18646 0
18647 0
18648 0
18649 3
18650 10
18651 21
18652 26
18653 33
18654 22
18655 7
18656 1
18657 0
18658 0
18659 0
18660 28
18661 31
18662 43
18663 33
18664 35
18665 41
18666 41
18667 41
18668 45
18669 51
18670 37
18671 43
18672 50
18673 26
18674 42
18675 45
18676 31
18677 40
18678 34
18679 45
18680 40
18681 45
18682 53
18683 50
18684 49
18685 50
18686 39
18687 38
18688 53
18689 45
18690 37
18691 31
18692 29
18693 42
18694 20
18695 28
18696 33
18697 43
18698 62
18699 57
18700 42
18701 42
18702 20
18703 9
18704 7
18705 2
18706 0
18707 0
18708 0
18709 0
18710 0
18711 1
18712 2
18713 6
18714 17
18715 18
18716 0
18717 0
18718 0
18719 0
18720 0
18721 0
18722 0
18723 0
18724 0
18725 0
18726 0
18727 0
18728 0
18729 0
18730 0
18731 0
18732 0
18733 0
18734 0
18735 0
18736 0
18737 0
18738 0
18739 0
18740 0
18741 0
18742 0
18743 0
18744 0
18745 0
18746 0
18747 4
18748 11
18749 19
18750 34
18751 25
18752 20
18753 11
18754 0
18755 1
18756 0
18757 0
18758 38
18759 26
18760 46
18761 38
18762 38
18763 47
18764 41
18765 32
18766 36
18767 35
18768 35
18769 25
18770 44
18771 35
18772 48
18773 37
18774 41
18775 31
18776 40
18777 42
18778 41
18779 34
18780 48
18781 31
18782 47
18783 45
18784 38
18785 34
18786 35
18787 32
18788 45
18789 29
18790 41
18791 27
18792 19
18793 27
18794 44
18795 37
18796 40
18797 41
18798 46
18799 29
18800 13
18801 12
18802 5
18803 2
18804 0
18805 0
18806 0
18807 0
18808 0
18809 1
18810 2
18811 11
18812 20
18813 14
18814 0
18815 0
18816 0
18817 0
18818 0
18819 0
18820 0
18821 0
18822 0
18823 0
18824 0
18825 0
18826 0
18827 0
18828 0
18829 0
18830 0
18831 0
18832 0
18833 0
18834 0
18835 0
18836 0
18837 0
18838 0
18839 0
18840 0
18841 0
18842 0
18843 0
18844 0
18845 2
18846 9
18847 19
18848 32
18849 18
18850 24
18851 8
18852 2
18853 1
18854 0
18855 0
18856 30
18857 32
18858 44
18859 42
18860 41
18861 54
18862 51
18863 51
18864 39
18865 43
18866 42
18867 26
18868 31
18869 25
18870 56
18871 55
18872 47
18873 38
18874 49
18875 43
18876 47
18877 44
18878 51
18879 47
18880 45
18881 39
18882 35
18883 47
18884 48
18885 49
18886 46
18887 50
18888 39
18889 39
18890 22
18891 28
18892 28
18893 35
18894 36
18895 40
18896 41
18897 35
18898 18
18899 5
18900 6
18901 3
18902 0
18903 0
18904 0
18905 0
18906 0
18907 0
18908 3
18909 5
18910 14
18911 24
18912 0
18913 0
18914 0
18915 0
18916 0
18917 0
18918 0
18919 0
18920 0
18921 0
18922 0
18923 0
18924 0
18925 0
18926 0
18927 0
18928 0
18929 0
18930 0
18931 0
18932 0
18933 0
18934 0
18935 0
18936 0
18937 0
18938 0
18939 0
18940 0
18941 0
18942 0
18943 6
18944 11
18945 21
18946 31
18947 25
18948 15
18949 12
18950 2
18951 1
18952 0
18953 0
18954 31
18955 35
18956 37
18957 37
18958 49
18959 37
18960 43
18961 40
18962 54
18963 36
18964 53
18965 48
18966 34
18967 38
18968 36
18969 54
18970 45
18971 32
18972 31
18973 46
18974 37
18975 38
18976 40
18977 37
18978 57
18979 42
18980 46
18981 43
18982 41
18983 36
18984 25
18985 44
18986 37
18987 44
18988 31
18989 34
18990 35
18991 36
18992 39
18993 33
18994 36
18995 46
18996 20
18997 16
18998 7
18999 2
19000 0
19001 0
19002 0
19003 0
19004 0
19005 0
19006 1
19007 6
19008 16
19009 36
19010 0
19011 0
19012 0
19013 0
19014 0
19015 0
19016 0
19017 0
19018 0
19019 0
19020 0
19021 0
19022 0
19023 0
19024 0
19025 0
19026 0
19027 0
19028 0
19029 0
19030 0
19031 0
19032 0
19033 0
19034 0
19035 0
19036 0
19037 0
19038 0
19039 0
19040 1
19041 3
19042 9
19043 20
19044 30
19045 25
19046 13
19047 10
19048 0
19049 0
19050 0
19051 0
19052 30
19053 36
19054 46
19055 32
19056 38
19057 54
19058 41
19059 38
19060 49
19061 39
19062 41
19063 50
19064 31
19065 32
19066 52
19067 52
19068 0
19069 56
19070 49
19071 30
19072 51
19073 41
19074 47
19075 43
19076 63
19077 47
19078 42
19079 31
19080 44
19081 49
19082 38
19083 40
19084 46
19085 37
19086 24
19087 28
19088 38
19089 42
19090 44
19091 47
19092 40
19093 45
19094 23
19095 9
19096 3
19097 1
19098 0
19099 0
19100 0
19101 0
19102 0
19103 0
19104 3
19105 6
19106 6
19107 25
19108 0
19109 0
19110 0
19111 0
19112 0
19113 0
19114 0
19115 0
19116 0
19117 0
19118 0
19119 0
19120 0
19121 0
19122 0
19123 0
19124 0
19125 0
19126 0
19127 0
19128 0
19129 0
19130 0
19131 0
19132 0
19133 0
19134 0
19135 0
19136 0
19137 0
19138 1
19139 3
19140 6
19141 19
19142 34
19143 24
19144 21
19145 8
19146 5
19147 0
19148 0
19149 0
19150 46
19151 39
19152 49
19153 45
19154 32
19155 53
19156 47
19157 52
19158 50
19159 36
19160 33
19161 36
19162 38
19163 44
19164 48
19165 50
19166 49
19167 58
19168 57
19169 53
19170 55
19171 49
19172 56
19173 42
19174 47
19175 38
19176 41
19177 51
19178 48
19179 48
19180 52
19181 31
19182 45
19183 41
19184 31
19185 30
19186 33
19187 38
19188 46
19189 50
19190 45
19191 45
19192 23
19193 25
19194 5
19195 3
19196 0
19197 0
19198 0
19199 0
19200 0
19201 0
19202 2
19203 13
19204 13
19205 14
19206 0
19207 0
19208 0
19209 0
19210 0
19211 0
19212 0
19213 0
19214 0
19215 0
19216 0
19217 0
19218 0
19219 0
19220 0
19221 0
19222 0
19223 0
19224 0
19225 0
19226 0
19227 0
19228 0
19229 0
19230 0
19231 0
19232 0
19233 0
19234 0
19235 0
19236 0
19237 2
19238 5
19239 18
19240 27
19241 27
19242 9
19243 2
19244 2
19245 0
19246 0
19247 0
19248 29
19249 27
19250 45
19251 42
19252 35
19253 46
19254 46
19255 47
19256 45
19257 40
19258 48
19259 33
19260 43
19261 29
19262 41
19263 44
19264 36
19265 34
19266 29
19267 35
19268 38
19269 37
19270 41
19271 43
19272 46
19273 39
19274 43
19275 39
19276 26
19277 42
19278 37
19279 35
19280 33
19281 30
19282 19
19283 28
19284 32
19285 44
19286 37
19287 35
19288 41
19289 42
19290 16
19291 8
19292 5
19293 2
19294 0
19295 0
19296 0
19297 0
19298 0
19299 0
19300 2
19301 8
19302 14
19303 27
19304 0
19305 0
19306 0
19307 0
19308 0
19309 0
19310 0
19311 0
19312 0
19313 0
19314 0
19315 0
19316 0
19317 0
19318 0
19319 0
19320 0
19321 0
19322 0
19323 0
19324 0
19325 0
19326 0
19327 0
19328 0
19329 0
19330 0
19331 0
19332 0
19333 0
19334 0
19335 3
19336 13
19337 18
19338 17
19339 22
19340 10
19341 13
19342 5
19343 0
19344 0
19345 0
19346 29
19347 41
19348 44
19349 34
19350 40
19351 52
19352 22
19353 44
19354 29
19355 31
19356 31
19357 38
19358 18
19359 45
19360 45
19361 42
19362 40
19363 39
19364 45
19365 39
19366 36
19367 37
19368 39
19369 42
19370 50
19371 33
19372 34
19373 38
19374 40
19375 42
19376 40
19377 40
19378 38
19379 25
19380 29
19381 26
19382 26
19383 34
19384 34
19385 39
19386 37
19387 48
19388 26
19389 17
19390 8
19391 3
19392 0
19393 0
19394 0
19395 0
19396 0
19397 0
19398 1
19399 4
19400 10
19401 19
19402 0
19403 0
19404 0
19405 0
19406 0
19407 0
19408 0
19409 0
19410 0
19411 0
19412 0
19413 0
19414 0
19415 0
19416 0
19417 0
19418 0
19419 0
19420 0
19421 0
19422 0
19423 0
19424 0
19425 0
19426 0
19427 0
19428 0
19429 0
19430 0
19431 0
19432 0
19433 1
19434 4
19435 24
19436 24
19437 15
19438 10
19439 5
19440 2
19441 0
19442 1
19443 0
19444 25
19445 29
19446 45
19447 44
19448 31
19449 40
19450 36
19451 46
19452 43
19453 34
19454 45
19455 34
19456 28
19457 24
19458 39
19459 45
19460 37
19461 24
19462 42
19463 49
19464 33
19465 33
19466 51
19467 41
19468 50
19469 37
19470 32
19471 43
19472 37
19473 41
19474 30
19475 39
19476 42
19477 27
19478 30
19479 30
19480 31
19481 27
19482 41
19483 45
19484 41
19485 42
19486 23
19487 13
19488 4
19489 2
19490 0
19491 0
19492 0
19493 0
19494 0
19495 0
19496 1
19497 8
19498 15
19499 26
19500 0
19501 0
19502 0
19503 0
19504 0
19505 0
19506 0
19507 0
19508 0
19509 0
19510 0
19511 0
19512 0
19513 0
19514 0
19515 0
19516 0
19517 0
19518 0
19519 0
19520 0
19521 0
19522 0
19523 0
19524 0
19525 0
19526 0
19527 0
19528 0
19529 0
19530 0
19531 6
19532 9
19533 15
19534 29
19535 22
19536 11
19537 6
19538 5
19539 0
19540 0
19541 0
19542 34
19543 46
19544 50
19545 54
19546 51
19547 44
19548 49
19549 43
19550 37
19551 45
19552 38
19553 50
19554 37
19555 47
19556 60
19557 49
19558 50
19559 49
19560 37
19561 55
19562 48
19563 43
19564 49
19565 44
19566 40
19567 33
19568 43
19569 38
19570 47
19571 39
19572 42
19573 48
19574 42
19575 37
19576 21
19577 34
19578 35
19579 50
19580 34
19581 34
19582 49
19583 37
19584 22
19585 16
19586 4
19587 4
19588 0
19589 0
19590 0
19591 0
19592 0
19593 0
19594 3
19595 6
19596 15
19597 23
19598 0
19599 0
19600 0
19601 0
19602 0
19603 0
19604 0
19605 0
19606 0
19607 0
19608 0
19609 0
19610 0
19611 0
19612 0
19613 0
19614 0
19615 0
19616 0
19617 0
19618 0
19619 0
19620 0
19621 0
19622 0
19623 0
19624 0
19625 0
19626 0
19627 0
19628 0
19629 2
19630 8
19631 10
19632 14
19633 24
19634 11
19635 3
19636 1
19637 1
19638 0
19639 0
19640 20
19641 18
19642 24
19643 27
19644 40
19645 34
19646 25
19647 42
19648 34
19649 35
19650 29
19651 22
19652 29
19653 26
19654 24
19655 33
19656 23
19657 30
19658 23
19659 47
19660 34
19661 40
19662 43
19663 30
19664 31
19665 33
19666 24
19667 28
19668 31
19669 34
19670 26
19671 23
19672 9
19673 31
19674 21
19675 16
19676 27
19677 21
19678 30
19679 32
19680 40
19681 41
19682 20
19683 7
19684 3
19685 3
19686 0
19687 0
19688 0
19689 0
19690 0
19691 0
19692 0
19693 0
19694 0
19695 0
19696 0
19697 0
19698 0
19699 0
19700 0
19701 0
19702 0
19703 0
19704 0
19705 0
19706 0
19707 0
19708 0
19709 0
19710 0
19711 0
19712 0
19713 0
19714 0
19715 0
19716 0
19717 0
19718 0
19719 0
19720 0
19721 0
19722 0
19723 0
19724 0
19725 0
19726 0
19727 0
19728 4
19729 10
19730 15
19731 22
19732 10
19733 12
19734 1
19735 0
19736 0
19737 0
19738 10
19739 20
19740 26
19741 22
19742 33
19743 35
19744 25
19745 30
19746 28
19747 31
19748 18
19749 28
19750 32
19751 17
19752 36
19753 33
19754 25
19755 31
19756 26
19757 37
19758 33
19759 40
19760 30
19761 28
19762 34
19763 36
19764 37
19765 36
19766 17
19767 24
19768 32
19769 29
19770 22
19771 24
19772 23
19773 15
19774 23
19775 31
19776 15
19777 31
19778 29
19779 28
19780 15
19781 7
19782 3
19783 0
19784 0
19785 0
19786 0
19787 0
19788 0
19789 0
19790 4
19791 5
19792 10
19793 14
19794 0
19795 0
19796 0
19797 0
19798 0
19799 0
19800 0
19801 0
19802 0
19803 0
19804 0
19805 0
19806 0
19807 0
19808 0
19809 0
19810 0
19811 0
19812 0
19813 0
19814 0
19815 0
19816 0
19817 0
19818 0
19819 0
19820 0
19821 0
19822 0
19823 0
19824 0
19825 4
19826 12
19827 7
19828 18
19829 25
19830 15
19831 5
19832 1
19833 0
19834 0
19835 0
19836 22
19837 39
19838 36
19839 38
19840 42
19841 31
19842 33
19843 46
19844 39
19845 59
19846 32
19847 45
19848 42
19849 28
19850 38
19851 46
19852 39
19853 31
19854 30
19855 45
19856 42
19857 50
19858 42
19859 42
19860 43
19861 40
19862 39
19863 44
19864 39
19865 28
19866 37
19867 33
19868 43
19869 28
19870 36
19871 27
19872 34
19873 37
19874 33
19875 50
19876 43
19877 52
19878 16
19879 19
19880 6
19881 0
19882 0
19883 0
19884 0
19885 0
19886 0
19887 0
19888 0
19889 3
19890 12
19891 14
19892 0
19893 0
19894 0
19895 0
19896 0
19897 0
19898 0
19899 0
19900 0
19901 0
19902 0
19903 0
19904 0
19905 0
19906 0
19907 0
19908 0
19909 0
19910 0
19911 0
19912 0
19913 0
19914 0
19915 0
19916 0
19917 0
19918 0
19919 0
19920 0
19921 0
19922 0
19923 2
19924 4
19925 10
19926 24
19927 23
19928 16
19929 11
19930 3
19931 1
19932 0
19933 0
19934 24
19935 29
19936 39
19937 27
19938 33
19939 39
19940 37
19941 37
19942 46
19943 35
19944 41
19945 28
19946 36
19947 35
19948 32
19949 31
19950 33
19951 33
19952 32
19953 38
19954 36
19955 35
19956 28
19957 41
19958 41
19959 45
19960 40
19961 41
19962 33
19963 47
19964 48
19965 48
19966 40
19967 17
19968 18
19969 16
19970 28
19971 32
19972 48
19973 32
19974 40
19975 44
19976 14
19977 9
19978 5
19979 0
19980 0
19981 0
19982 0
19983 0
19984 0
19985 0
19986 0
19987 5
19988 12
19989 19
19990 0
19991 0
19992 0
19993 0
19994 0
19995 0
19996 0
19997 0
19998 0
19999 0
20000 0
20001 0
20002 0
20003 0
20004 0
20005 0
20006 0
20007 0
20008 0
20009 0
20010 0
20011 0
20012 0
20013 0
20014 0
20015 0
20016 0
20017 0
20018 0
20019 0
20020 1
20021 1
20022 2
20023 3
20024 9
20025 14
20026 2
20027 4
20028 3
20029 0
20030 0
20031 0
20032 24
20033 24
20034 25
20035 24
20036 25
20037 22
20038 33
20039 26
20040 31
20041 29
20042 29
20043 20
20044 26
20045 13
20046 24
20047 28
20048 30
20049 28
20050 23
20051 23
20052 22
20053 30
20054 27
20055 37
20056 33
20057 29
20058 30
20059 20
20060 29
20061 25
20062 36
20063 21
20064 27
20065 22
20066 16
20067 22
20068 33
20069 33
20070 30
20071 28
20072 28
20073 31
20074 11
20075 6
20076 2
20077 1
20078 0
20079 0
20080 0
20081 0
20082 0
20083 0
20084 0
20085 6
20086 6
20087 19
20088 0
20089 0
20090 0
20091 0
20092 0
20093 0
20094 0
20095 0
20096 0
20097 0
20098 0
20099 0
20100 0
20101 0
20102 0
20103 0
20104 0
20105 0
20106 0
20107 0
20108 0
20109 0
20110 0
20111 0
20112 0
20113 0
20114 0
20115 0
20116 0
20117 0
20118 0
20119 4
20120 5
20121 6
20122 11
20123 8
20124 0
20125 0
20126 0
20127 0
20128 0
20129 0
20130 25
20131 35
20132 42
20133 28
20134 39
20135 24
20136 39
20137 28
20138 26
20139 37
20140 34
20141 26
20142 40
20143 20
20144 23
20145 46
20146 35
20147 38
20148 31
20149 34
20150 39
20151 32
20152 31
20153 34
20154 43
20155 23
20156 25
20157 38
20158 42
20159 36
20160 36
20161 30
20162 30
20163 34
20164 21
20165 16
20166 26
20167 23
20168 30
20169 28
20170 33
20171 26
20172 10
20173 10
20174 5
20175 1
20176 0
20177 0
20178 0
20179 0
20180 0
20181 1
20182 1
20183 6
20184 5
20185 17
20186 0
20187 0
20188 0
20189 0
20190 0
20191 0
20192 0
20193 0
20194 0
20195 0
20196 0
20197 0
20198 0
20199 0
20200 0
20201 0
20202 0
20203 0
20204 0
20205 0
20206 0
20207 0
20208 0
20209 0
20210 0
20211 0
20212 0
20213 0
20214 0
20215 0
20216 0
20217 4
20218 9
20219 13
20220 23
20221 15
20222 17
20223 4
20224 1
20225 0
20226 0
20227 0
20228 25
20229 23
20230 20
20231 32
20232 30
20233 35
20234 35
20235 44
20236 36
20237 34
20238 33
20239 47
20240 22
20241 29
20242 30
20243 39
20244 29
20245 34
20246 22
20247 39
20248 27
20249 26
20250 33
20251 30
20252 38
20253 41
20254 35
20255 34
20256 33
20257 33
20258 32
20259 27
20260 22
20261 27
20262 21
20263 28
20264 32
20265 23
20266 41
20267 35
20268 35
20269 32
20270 18
20271 12
20272 3
20273 0
20274 0
20275 0
20276 0
20277 0
20278 0
20279 0
20280 3
20281 2
20282 12
20283 18
20284 0
20285 0
20286 0
20287 0
20288 0
20289 0
20290 0
20291 0
20292 0
20293 0
20294 0
20295 0
20296 0
20297 0
20298 0
20299 0
20300 0
20301 0
20302 0
20303 0
20304 0
20305 0
20306 0
20307 0
20308 0
20309 0
20310 0
20311 0
20312 0
20313 0
20314 0
20315 2
20316 8
20317 16
20318 19
20319 27
20320 13
20321 5
20322 2
20323 0
20324 0
20325 0
20326 37
20327 46
20328 42
20329 31
20330 43
20331 36
20332 39
20333 26
20334 32
20335 32
20336 33
20337 34
20338 37
20339 21
20340 40
20341 31
20342 49
20343 48
20344 34
20345 30
20346 46
20347 25
20348 39
20349 34
20350 27
20351 37
20352 33
20353 30
20354 30
20355 40
20356 27
20357 38
20358 32
20359 37
20360 22
20361 25
20362 19
20363 29
20364 22
20365 53
20366 35
20367 39
20368 30
20369 8
20370 3
20371 2
20372 1
20373 0
20374 0
20375 0
20376 0
20377 0
20378 4
20379 7
20380 12
20381 19
20382 0
20383 0
20384 0
20385 0
20386 0
20387 0
20388 0
20389 0
20390 0
20391 0
20392 0
20393 0
20394 0
20395 0
20396 0
20397 0
20398 0
20399 0
20400 0
20401 0
20402 0
20403 0
20404 0
20405 0
20406 0
20407 0
20408 0
20409 0
20410 0
20411 0
20412 0
20413 4
20414 16
20415 13
20416 16
20417 10
20418 7
20419 5
20420 1
20421 0
20422 0
20423 0
20424 11
20425 24
20426 32
20427 30
20428 34
20429 32
20430 29
20431 32
20432 28
20433 30
20434 24
20435 36
20436 26
20437 24
20438 33
20439 38
20440 40
20441 28
20442 31
20443 29
20444 39
20445 21
20446 33
20447 31
20448 25
20449 0
20450 33
20451 32
20452 35
20453 39
20454 31
20455 36
20456 29
20457 22
20458 23
20459 23
20460 29
20461 34
20462 24
20463 27
20464 27
20465 31
20466 16
20467 4
20468 4
20469 1
20470 0
20471 0
20472 0
20473 0
20474 0
20475 0
20476 0
20477 1
20478 13
20479 10
20480 0
20481 0
20482 0
20483 0
20484 0
20485 0
20486 0
20487 0
20488 0
20489 0
20490 0
20491 0
20492 0
20493 0
20494 0
20495 0
20496 0
20497 0
20498 0
20499 0
20500 0
20501 0
20502 0
20503 0
20504 0
20505 0
20506 0
20507 0
20508 0
20509 0
20510 0
20511 4
20512 5
20513 15
20514 9
20515 19
20516 8
20517 10
20518 3
20519 0
20520 0
20521 0
20522 21
20523 19
20524 32
20525 27
20526 29
20527 27
20528 25
20529 32
20530 22
20531 27
20532 25
20533 35
20534 36
20535 27
20536 27
20537 22
20538 26
20539 30
20540 25
20541 33
20542 32
20543 9
20544 7
20545 5
20546 4
20547 3
20548 10
20549 8
20550 24
20551 20
20552 26
20553 26
20554 28
20555 17
20556 21
20557 19
20558 19
20559 27
20560 22
20561 25
20562 23
20563 22
20564 18
20565 9
20566 3
20567 2
20568 0
20569 0
20570 0
20571 0
20572 0
20573 0
20574 2
20575 5
20576 10
20577 11
20578 0
20579 0
20580 0
20581 0
20582 0
20583 0
20584 0
20585 0
20586 0
20587 0
20588 0
20589 0
20590 0
20591 0
20592 0
20593 0
20594 0
20595 0
20596 0
20597 0
20598 0
20599 0
20600 0
20601 0
20602 0
20603 0
20604 0
20605 0
20606 0
20607 0
20608 0
20609 5
20610 11
20611 17
20612 32
20613 25
20614 8
20615 6
20616 1
20617 1
20618 0
20619 0
20620 30
20621 29
20622 38
20623 39
20624 37
20625 36
20626 47
20627 40
20628 53
20629 46
20630 39
20631 28
20632 32
20633 27
20634 44
20635 48
20636 27
20637 32
20638 45
20639 37
20640 44
20641 45
20642 45
20643 45
20644 42
20645 45
20646 45
20647 47
20648 56
20649 31
20650 39
20651 40
20652 49
20653 29
20654 20
20655 27
20656 26
20657 23
20658 36
20659 39
20660 37
20661 42
20662 26
20663 13
20664 7
20665 1
20666 0
20667 0
20668 0
20669 0
20670 0
20671 0
20672 3
20673 7
20674 8
20675 18
20676 0
20677 0
20678 0
20679 0
20680 0
20681 0
20682 0
20683 0
20684 0
20685 0
20686 0
20687 0
20688 0
20689 0
20690 0
20691 0
20692 0
20693 0
20694 0
20695 0
20696 0
20697 0
20698 0
20699 0
20700 0
20701 0
20702 0
20703 0
20704 0
20705 0
20706 0
20707 4
20708 11
20709 20
20710 29
20711 30
20712 23
20713 4
20714 3
20715 0
20716 0
20717 0
20718 45
20719 41
20720 35
20721 31
20722 38
20723 44
20724 39
20725 43
20726 51
20727 37
20728 38
20729 34
20730 29
20731 23
20732 41
20733 44
20734 32
20735 55
20736 37
20737 47
20738 49
20739 47
20740 42
20741 41
20742 51
20743 43
20744 39
20745 55
20746 36
20747 53
20748 41
20749 38
20750 38
20751 37
20752 27
20753 19
20754 24
20755 46
20756 41
20757 34
20758 39
20759 48
20760 20
20761 18
20762 8
20763 4
20764 0
20765 0
20766 0
20767 0
20768 0
20769 0
20770 1
20771 4
20772 15
20773 38
20774 0
20775 0
20776 0
20777 0
20778 0
20779 0
20780 0
20781 0
20782 0
20783 0
20784 0
20785 0
20786 0
20787 0
20788 0
20789 0
20790 0
20791 0
20792 0
20793 0
20794 0
20795 0
20796 0
20797 0
20798 0
20799 0
20800 0
20801 0
20802 0
20803 0
20804 0
20805 2
20806 7
20807 6
20808 26
20809 29
20810 9
20811 9
20812 5
20813 0
20814 0
20815 0
20816 31
20817 38
20818 39
20819 56
20820 47
20821 44
20822 53
20823 52
20824 43
20825 39
20826 44
20827 54
20828 44
20829 40
20830 43
20831 51
20832 42
20833 34
20834 52
20835 32
20836 37
20837 45
20838 52
20839 42
20840 45
20841 63
20842 62
20843 51
20844 45
20845 43
20846 49
20847 30
20848 35
20849 42
20850 23
20851 42
20852 33
20853 35
20854 31
20855 43
20856 44
20857 48
20858 16
20859 13
20860 5
20861 0
20862 0
20863 0
20864 0
20865 0
20866 0
20867 0
20868 2
20869 2
20870 10
20871 20
20872 0
20873 0
20874 0
20875 0
20876 0
20877 0
20878 0
20879 0
20880 0
20881 0
20882 0
20883 0
20884 0
20885 0
20886 0
20887 0
20888 0
20889 0
20890 0
20891 0
20892 0
20893 0
20894 0
20895 0
20896 0
20897 0
20898 0
20899 0
20900 0
20901 0
20902 0
20903 4
20904 16
20905 19
20906 36
20907 35
20908 16
20909 10
20910 1
20911 0
20912 0
20913 0
20914 41
20915 43
20916 47
20917 43
20918 59
20919 48
20920 51
20921 43
20922 41
20923 37
20924 36
20925 48
20926 39
20927 23
20928 49
20929 37
20930 40
20931 47
20932 38
20933 41
20934 42
20935 38
20936 36
20937 40
20938 32
20939 40
20940 42
20941 40
20942 42
20943 48
20944 38
20945 42
20946 40
20947 39
20948 31
20949 30
20950 38
20951 40
20952 35
20953 49
20954 32
20955 34
20956 22
20957 11
20958 10
20959 4
20960 0
20961 0
20962 0
20963 0
20964 0
20965 0
20966 4
20967 8
20968 15
20969 18
20970 0
20971 0
20972 0
20973 0
20974 0
20975 0
20976 0
20977 0
20978 0
20979 0
20980 0
20981 0
20982 0
20983 0
20984 0
20985 0
20986 0
20987 0
20988 0
20989 0
20990 0
20991 0
20992 0
20993 0
20994 0
20995 0
20996 0
20997 0
20998 0
20999 0
21000 0
21001 2
21002 9
21003 8
21004 24
21005 33
21006 17
21007 10
21008 1
21009 0
21010 0
21011 0
21012 30
21013 36
21014 35
21015 30
21016 24
21017 30
21018 37
21019 42
21020 44
21021 42
21022 39
21023 45
21024 35
21025 30
21026 44
21027 45
21028 41
21029 40
21030 48
21031 35
21032 38
21033 56
21034 44
21035 43
21036 57
21037 50
21038 48
21039 57
21040 40
21041 44
21042 54
21043 49
21044 34
21045 25
21046 26
21047 29
21048 41
21049 46
21050 41
21051 47
21052 46
21053 52
21054 26
21055 15
21056 4
21057 2
21058 0
21059 0
21060 0
21061 0
21062 0
21063 0
21064 1
21065 8
21066 8
21067 25
21068 0
21069 0
21070 0
21071 0
21072 0
21073 0
21074 0
21075 0
21076 0
21077 0
21078 0
21079 0
21080 0
21081 0
21082 0
21083 0
21084 0
21085 0
21086 0
21087 0
21088 0
21089 0
21090 0
21091 0
21092 0
21093 0
21094 0
21095 0
21096 0
21097 0
21098 0
21099 4
21100 9
21101 22
21102 31
21103 32
21104 11
21105 8
21106 3
21107 0
21108 0
21109 0
21110 37
21111 46
21112 45
21113 51
21114 44
21115 41
21116 55
21117 53
21118 43
21119 39
21120 39
21121 40
21122 37
21123 33
21124 48
21125 36
21126 42
21127 38
21128 48
21129 26
21130 34
21131 39
21132 34
21133 46
21134 48
21135 40
21136 34
21137 53
21138 41
21139 40
21140 30
21141 42
21142 29
21143 33
21144 39
21145 26
21146 28
21147 43
21148 31
21149 35
21150 35
21151 40
21152 18
21153 20
21154 5
21155 4
21156 0
21157 0
21158 0
21159 0
21160 0
21161 0
21162 3
21163 6
21164 11
21165 22
21166 0
21167 0
21168 0
21169 0
21170 0
21171 0
21172 0
21173 0
21174 0
21175 0
21176 0
21177 0
21178 0
21179 0
21180 0
21181 0
21182 0
21183 0
21184 0
21185 0
21186 0
21187 0
21188 0
21189 0
21190 0
21191 0
21192 0
21193 0
21194 0
21195 0
21196 1
21197 3
21198 10
21199 21
21200 28
21201 23
21202 17
21203 6
21204 1
21205 0
21206 0
21207 0
21208 38
21209 38
21210 48
21211 50
21212 48
21213 49
21214 38
21215 48
21216 39
21217 47
21218 35
21219 47
21220 45
21221 29
21222 60
21223 45
21224 39
21225 41
21226 35
21227 46
21228 35
21229 48
21230 39
21231 33
21232 49
21233 42
21234 46
21235 43
21236 57
21237 40
21238 36
21239 46
21240 41
21241 30
21242 29
21243 25
21244 47
21245 34
21246 45
21247 40
21248 41
21249 38
21250 23
21251 6
21252 3
21253 3
21254 0
21255 0
21256 0
21257 0
21258 0
21259 0
21260 1
21261 6
21262 9
21263 24
21264 0
21265 0
21266 0
21267 0
21268 0
21269 0
21270 0
21271 0
21272 0
21273 0
21274 0
21275 0
21276 0
21277 0
21278 0
21279 0
21280 0
21281 0
21282 0
21283 0
21284 0
21285 0
21286 0
21287 0
21288 0
21289 0
21290 0
21291 0
21292 0
21293 0
21294 0
21295 2
21296 7
21297 18
21298 22
21299 21
21300 22
21301 11
21302 9
21303 0
21304 0
21305 0
21306 42
21307 36
21308 48
21309 53
21310 42
21311 44
21312 54
21313 48
21314 48
21315 49
21316 48
21317 60
21318 34
21319 20
21320 65
21321 39
21322 51
21323 38
21324 29
21325 39
21326 25
21327 40
21328 33
21329 32
21330 34
21331 42
21332 50
21333 51
21334 34
21335 41
21336 34
21337 36
21338 41
21339 44
21340 34
21341 30
21342 35
21343 48
21344 44
21345 38
21346 46
21347 27
21348 24
21349 13
21350 7
21351 1
21352 0
21353 0
21354 0
21355 0
21356 0
21357 1
21358 2
21359 4
21360 12
21361 12
21362 0
21363 0
21364 0
21365 0
21366 0
21367 0
21368 0
21369 0
21370 0
21371 0
21372 0
21373 0
21374 0
21375 0
21376 0
21377 0
21378 0
21379 0
21380 0
21381 0
21382 0
21383 0
21384 0
21385 0
21386 0
21387 0
21388 0
21389 0
21390 0
21391 0
21392 1
21393 3
21394 14
21395 21
21396 21
21397 28
21398 22
21399 7
21400 3
21401 0
21402 0
21403 0
21404 29
21405 34
21406 42
21407 31
21408 28
21409 46
21410 58
21411 41
21412 36
21413 41
21414 34
21415 39
21416 37
21417 30
21418 41
21419 42
21420 31
21421 38
21422 41
21423 41
21424 48
21425 37
21426 36
21427 30
21428 32
21429 35
21430 42
21431 48
21432 27
21433 33
21434 42
21435 36
21436 46
21437 32
21438 26
21439 22
21440 32
21441 42
21442 27
21443 29
21444 39
21445 39
21446 26
21447 9
21448 7
21449 2
21450 0
21451 0
21452 0
21453 0
21454 0
21455 0
21456 3
21457 4
21458 10
21459 19
21460 0
21461 0
21462 0
21463 0
21464 0
21465 0
21466 0
21467 0
21468 0
21469 0
21470 0
21471 0
21472 0
21473 0
21474 0
21475 0
21476 0
21477 0
21478 0
21479 0
21480 0
21481 0
21482 0
21483 0
21484 0
21485 0
21486 0
21487 0
21488 0
21489 0
21490 0
21491 3
21492 11
21493 20
21494 35
21495 22
21496 30
21497 11
21498 5
21499 1
21500 0
21501 0
21502 35
21503 33
21504 54
21505 50
21506 63
21507 50
21508 46
21509 52
21510 41
21511 57
21512 39
21513 39
21514 52
21515 39
21516 44
21517 37
21518 44
21519 45
21520 40
21521 34
21522 49
21523 35
21524 40
21525 43
21526 42
21527 50
21528 50
21529 53
21530 48
21531 47
21532 62
21533 52
21534 40
21535 39
21536 25
21537 28
21538 31
21539 49
21540 47
21541 39
21542 54
21543 47
21544 25
21545 20
21546 4
21547 1
21548 0
21549 0
21550 0
21551 0
21552 0
21553 0
21554 2
21555 5
21556 16
21557 21
21558 0
21559 0
21560 0
21561 0
21562 0
21563 0
21564 0
21565 0
21566 0
21567 0
21568 0
21569 0
21570 0
21571 0
21572 0
21573 0
21574 0
21575 0
21576 0
21577 0
21578 0
21579 0
21580 0
21581 0
21582 0
21583 0
21584 0
21585 0
21586 0
21587 0
21588 0
21589 3
21590 5
21591 12
21592 20
21593 24
21594 13
21595 8
21596 3
21597 0
21598 0
21599 0
21600 16
21601 29
21602 25
21603 21
21604 22
21605 20
21606 31
21607 25
21608 31
21609 30
21610 36
21611 24
21612 26
21613 18
21614 26
21615 28
21616 15
21617 21
21618 19
21619 24
21620 30
21621 36
21622 26
21623 25
21624 24
21625 20
21626 18
21627 30
21628 0
21629 0
21630 0
21631 0
21632 0
21633 0
21634 0
21635 25
21636 28
21637 27
21638 33
21639 32
21640 30
21641 27
21642 13
21643 6
21644 2
21645 1
21646 0
21647 0
21648 0
21649 0
21650 0
21651 0
21652 3
21653 5
21654 9
21655 13
21656 0
21657 0
21658 0
21659 0
21660 0
21661 0
21662 0
21663 0
21664 0
21665 0
21666 0
21667 0
21668 0
21669 0
21670 0
21671 0
21672 0
21673 0
21674 0
21675 0
21676 0
21677 0
21678 0
21679 0
21680 0
21681 0
21682 0
21683 0
21684 0
21685 0
21686 0
21687 1
21688 4
21689 8
21690 12
21691 11
21692 7
21693 7
21694 2
21695 0
21696 0
21697 0
21698 29
21699 35
21700 24
21701 32
21702 29
21703 22
21704 22
21705 42
21706 24
21707 16
21708 24
21709 29
21710 30
21711 27
21712 32
21713 38
21714 26
21715 34
21716 31
21717 34
21718 32
21719 31
21720 29
21721 29
21722 29
21723 27
21724 33
21725 30
21726 30
21727 32
21728 29
21729 38
21730 31
21731 32
21732 15
21733 23
21734 24
21735 25
21736 23
21737 39
21738 27
21739 31
21740 10
21741 10
21742 3
21743 3
21744 0
21745 0
21746 0
21747 0
21748 0
21749 0
21750 0
21751 2
21752 10
21753 18
21754 0
21755 0
21756 0
21757 0
21758 0
21759 0
21760 0
21761 0
21762 0
21763 0
21764 0
21765 0
21766 0
21767 0
21768 0
21769 0
21770 0
21771 0
21772 0
21773 0
21774 0
21775 0
21776 0
21777 0
21778 0
21779 0
21780 0
21781 0
21782 0
21783 0
21784 0
21785 2
21786 11
21787 8
21788 13
21789 23
21790 7
21791 7
21792 3
21793 0
21794 0
21795 0
21796 18
21797 24
21798 14
21799 39
21800 26
21801 31
21802 28
21803 34
21804 25
21805 25
21806 23
21807 26
21808 17
21809 16
21810 29
21811 30
21812 38
21813 24
21814 24
21815 22
21816 36
21817 31
21818 23
21819 17
21820 19
21821 21
21822 29
21823 34
21824 0
21825 1
21826 0
21827 0
21828 1
21829 0
21830 0
21831 12
21832 20
21833 23
21834 25
21835 29
21836 31
21837 35
21838 10
21839 6
21840 2
21841 0
21842 0
21843 0
21844 0
21845 0
21846 0
21847 0
21848 0
21849 6
21850 11
21851 16
21852 0
21853 0
21854 0
21855 0
21856 0
21857 0
21858 0
21859 0
21860 0
21861 0
21862 0
21863 0
21864 0
21865 0
21866 0
21867 0
21868 0
21869 0
21870 0
21871 0
21872 0
21873 0
21874 0
21875 0
21876 0
21877 0
21878 0
21879 0
21880 0
21881 0
21882 1
21883 1
21884 6
21885 9
21886 6
21887 20
21888 9
21889 9
21890 1
21891 1
21892 0
21893 0
21894 19
21895 28
21896 22
21897 24
21898 25
21899 24
21900 27
21901 24
21902 22
21903 26
21904 24
21905 23
21906 19
21907 26
21908 28
21909 22
21910 23
21911 25
21912 24
21913 19
21914 22
21915 34
21916 18
21917 32
21918 24
21919 26
21920 29
21921 33
21922 25
21923 22
21924 22
21925 34
21926 20
21927 19
21928 12
21929 17
21930 15
21931 26
21932 29
21933 26
21934 26
21935 29
21936 14
21937 6
21938 2
21939 2
21940 0
21941 0
21942 0
21943 0
21944 0
21945 1
21946 1
21947 7
21948 8
21949 17
21950 0
21951 0
21952 0
21953 0
21954 0
21955 0
21956 0
21957 0
21958 0
21959 0
21960 0
21961 0
21962 0
21963 0
21964 0
21965 0
21966 0
21967 0
21968 0
21969 0
21970 0
21971 0
21972 0
21973 0
21974 0
21975 0
21976 0
21977 0
21978 0
21979 0
21980 0
21981 7
21982 7
21983 9
21984 24
21985 20
21986 15
21987 6
21988 3
21989 0
21990 0
21991 0
21992 25
21993 25
21994 27
21995 25
21996 41
21997 30
21998 36
21999 31
22000 34
22001 33
22002 36
22003 28
22004 22
22005 37
22006 41
22007 40
22008 38
22009 29
22010 31
22011 40
22012 29
22013 26
22014 37
22015 52
22016 38
22017 40
22018 38
22019 20
22020 40
22021 31
22022 30
22023 24
22024 29
22025 34
22026 27
22027 22
22028 24
22029 33
22030 34
22031 40
22032 34
22033 47
22034 10
22035 14
22036 3
22037 1
22038 0
22039 0
22040 0
22041 0
22042 0
22043 0
22044 1
22045 5
22046 11
22047 18
22048 0
22049 0
22050 0
22051 0
22052 0
22053 0
22054 0
22055 0
22056 0
22057 0
22058 0
22059 0
22060 0
22061 0
22062 0
22063 0
22064 0
22065 0
22066 0
22067 0
22068 0
22069 0
22070 0
22071 0
22072 0
22073 0
22074 0
22075 0
22076 0
22077 0
22078 0
22079 0
22080 4
22081 13
22082 14
22083 13
22084 13
22085 4
22086 4
22087 0
22088 0
22089 0
22090 18
22091 35
22092 21
22093 31
22094 32
22095 30
22096 42
22097 32
22098 42
22099 27
22100 29
22101 28
22102 29
22103 21
22104 39
22105 36
22106 26
22107 32
22108 33
22109 33
22110 27
22111 36
22112 28
22113 29
22114 36
22115 0
22116 32
22117 42
22118 41
22119 29
22120 34
22121 34
22122 28
22123 29
22124 22
22125 24
22126 28
22127 26
22128 28
22129 24
22130 32
22131 26
22132 14
22133 9
22134 4
22135 3
22136 0
22137 0
22138 0
22139 0
22140 0
22141 0
22142 2
22143 1
22144 9
22145 14
22146 0
22147 0
22148 0
22149 0
22150 0
22151 0
22152 0
22153 0
22154 0
22155 0
22156 0
22157 0
22158 0
22159 0
22160 0
22161 0
22162 0
22163 0
22164 0
22165 0
22166 0
22167 0
22168 0
22169 0
22170 0
22171 0
22172 0
22173 0
22174 0
22175 0
22176 0
22177 0
22178 2
22179 7
22180 8
22181 6
22182 5
22183 2
22184 1
22185 0
22186 0
22187 0
22188 23
22189 37
22190 44
22191 32
22192 28
22193 34
22194 43
22195 32
22196 26
22197 34
22198 30
22199 32
22200 32
22201 24
22202 39
22203 33
22204 26
22205 45
22206 27
22207 24
22208 47
22209 43
22210 35
22211 37
22212 27
22213 28
22214 39
22215 28
22216 37
22217 41
22218 37
22219 30
22220 30
22221 27
22222 18
22223 19
22224 32
22225 24
22226 26
22227 35
22228 36
22229 31
22230 6
22231 11
22232 4
22233 1
22234 1
22235 0
22236 0
22237 0
22238 0
22239 0
22240 1
22241 9
22242 10
22243 12
22244 0
22245 0
22246 0
22247 0
22248 0
22249 0
22250 0
22251 0
22252 0
22253 0
22254 0
22255 0
22256 0
22257 0
22258 0
22259 0
22260 0
22261 0
22262 0
22263 0
22264 0
22265 0
22266 0
22267 0
22268 0
22269 0
22270 0
22271 0
22272 0
22273 0
22274 0
22275 1
22276 7
22277 23
22278 25
22279 25
22280 7
22281 6
22282 1
22283 1
22284 0
22285 0
22286 26
22287 28
22288 36
22289 33
22290 38
22291 50
22292 35
22293 31
22294 32
22295 35
22296 37
22297 30
22298 38
22299 0
22300 25
22301 30
22302 29
22303 33
22304 25
22305 49
22306 37
22307 35
22308 27
22309 26
22310 29
22311 29
22312 36
22313 30
22314 31
22315 31
22316 35
22317 37
22318 37
22319 28
22320 19
22321 28
22322 34
22323 29
22324 33
22325 32
22326 42
22327 29
22328 21
22329 13
22330 5
22331 1
22332 0
22333 0
22334 0
22335 0
22336 0
22337 0
22338 3
22339 2
22340 12
22341 8
22342 0
22343 0
22344 0
22345 0
22346 0
22347 0
22348 0
22349 0
22350 0
22351 0
22352 0
22353 0
22354 0
22355 0
22356 0
22357 0
22358 0
22359 0
22360 0
22361 0
22362 0
22363 0
22364 0
22365 0
22366 0
22367 0
22368 0
22369 0
22370 0
22371 0
22372 0
22373 4
22374 6
22375 13
22376 19
22377 19
22378 9
22379 12
22380 0
22381 0
22382 0
22383 0
22384 22
22385 25
22386 32
22387 18
22388 37
22389 22
22390 30
22391 37
22392 29
22393 26
22394 44
22395 39
22396 20
22397 29
22398 29
22399 34
22400 26
22401 40
22402 36
22403 37
22404 26
22405 37
22406 35
22407 33
22408 28
22409 38
22410 31
22411 34
22412 34
22413 32
22414 30
22415 27
22416 33
22417 32
22418 19
22419 15
22420 18
22421 31
22422 32
22423 21
22424 37
22425 33
22426 15
22427 8
22428 2
22429 1
22430 1
22431 0
22432 0
22433 0
22434 0
22435 0
22436 1
22437 1
22438 0
22439 13
22440 0
22441 0
22442 0
22443 0
22444 0
22445 0
22446 0
22447 0
22448 0
22449 0
22450 0
22451 0
22452 0
22453 0
22454 0
22455 0
22456 0
22457 0
22458 0
22459 0
22460 0
22461 0
22462 0
22463 0
22464 0
22465 0
22466 0
22467 0
22468 0
22469 0
22470 0
22471 1
22472 15
22473 16
22474 20
22475 27
22476 14
22477 8
22478 1
22479 0
22480 0
22481 0
22482 31
22483 26
22484 38
22485 39
22486 34
22487 35
22488 32
22489 46
22490 25
22491 28
22492 34
22493 20
22494 33
22495 21
22496 40
22497 49
22498 37
22499 36
22500 39
22501 0
22502 44
22503 25
22504 30
22505 27
22506 32
22507 27
22508 31
22509 35
22510 34
22511 49
22512 32
22513 35
22514 28
22515 26
22516 19
22517 27
22518 27
22519 29
22520 33
22521 20
22522 39
22523 17
22524 16
22525 7
22526 4
22527 0
22528 2
22529 0
22530 0
22531 0
22532 0
22533 1
22534 0
22535 2
22536 4
22537 13
22538 0
22539 0
22540 0
22541 0
22542 0
22543 0
22544 0
22545 0
22546 0
22547 0
22548 0
22549 0
22550 0
22551 0
22552 0
22553 0
22554 0
22555 0
22556 0
22557 0
22558 0
22559 0
22560 0
22561 0
22562 0
22563 0
22564 0
22565 0
22566 0
22567 0
22568 0
22569 1
22570 5
22571 15
22572 18
22573 23
22574 13
22575 5
22576 0
22577 0
22578 0
22579 0
22580 36
22581 44
22582 33
22583 48
22584 35
22585 38
22586 43
22587 42
22588 50
22589 47
22590 34
22591 41
22592 33
22593 27
22594 57
22595 46
22596 30
22597 36
22598 42
22599 48
22600 35
22601 38
22602 60
22603 41
22604 47
22605 38
22606 42
22607 41
22608 50
22609 41
22610 40
22611 42
22612 36
22613 26
22614 28
22615 30
22616 33
22617 26
22618 37
22619 31
22620 52
22621 50
22622 18
22623 11
22624 7
22625 2
22626 0
22627 0
22628 0
22629 0
22630 0
22631 0
22632 2
22633 3
22634 12
22635 22
22636 0
22637 0
22638 0
22639 0
22640 0
22641 0
22642 0
22643 0
22644 0
22645 0
22646 0
22647 0
22648 0
22649 0
22650 0
22651 0
22652 0
22653 0
22654 0
22655 0
22656 0
22657 0
22658 0
22659 0
22660 0
22661 0
22662 0
22663 0
22664 0
22665 0
22666 0
22667 6
22668 7
22669 26
22670 34
22671 36
22672 16
22673 15
22674 3
22675 0
22676 0
22677 0
22678 43
22679 42
22680 42
22681 33
22682 40
22683 50
22684 44
22685 50
22686 64
22687 48
22688 38
22689 26
22690 45
22691 27
22692 53
22693 48
22694 46
22695 47
22696 43
22697 43
22698 43
22699 44
22700 47
22701 35
22702 46
22703 42
22704 25
22705 34
22706 39
22707 44
22708 37
22709 34
22710 43
22711 33
22712 22
22713 30
22714 38
22715 37
22716 39
22717 42
22718 49
22719 48
22720 19
22721 14
22722 3
22723 3
22724 0
22725 0
22726 0
22727 0
22728 0
22729 0
22730 2
22731 5
22732 10
22733 26
22734 0
22735 0
22736 0
22737 0
22738 0
22739 0
22740 0
22741 0
22742 0
22743 0
22744 0
22745 0
22746 0
22747 0
22748 0
22749 0
22750 0
22751 0
22752 0
22753 0
22754 0
22755 0
22756 0
22757 0
22758 0
22759 0
22760 0
22761 0
22762 0
22763 0
22764 0
22765 5
22766 15
22767 9
22768 18
22769 17
22770 14
22771 10
22772 1
22773 0
22774 0
22775 0
22776 26
22777 32
22778 26
22779 34
22780 28
22781 39
22782 26
22783 41
22784 29
22785 36
22786 34
22787 20
22788 33
22789 21
22790 33
22791 42
22792 42
22793 31
22794 38
22795 31
22796 20
22797 33
22798 34
22799 28
22800 27
22801 41
22802 31
22803 34
22804 31
22805 28
22806 26
22807 29
22808 22
22809 22
22810 15
22811 15
22812 23
22813 25
22814 28
22815 31
22816 32
22817 36
22818 13
22819 10
22820 3
22821 2
22822 0
22823 0
22824 0
22825 0
22826 0
22827 0
22828 0
22829 4
22830 7
22831 17
22832 0
22833 0
22834 0
22835 0
22836 0
22837 0
22838 0
22839 0
22840 0
22841 0
22842 0
22843 0
22844 0
22845 0
22846 0
22847 0
22848 0
22849 0
22850 0
22851 0
22852 0
22853 0
22854 0
22855 0
22856 0
22857 0
22858 0
22859 0
22860 0
22861 0
22862 0
22863 1
22864 6
22865 10
22866 11
22867 17
22868 17
22869 6
22870 3
22871 0
22872 0
22873 0
22874 22
22875 32
22876 22
22877 21
22878 11
22879 22
22880 26
22881 41
22882 30
22883 31
22884 32
22885 25
22886 21
22887 20
22888 27
22889 26
22890 26
22891 25
22892 28
22893 25
22894 27
22895 32
22896 31
22897 33
22898 32
22899 32
22900 24
22901 31
22902 0
22903 0
22904 0
22905 0
22906 0
22907 0
22908 0
22909 13
22910 25
22911 39
22912 23
22913 30
22914 23
22915 30
22916 7
22917 4
22918 4
22919 1
22920 0
22921 0
22922 0
22923 0
22924 0
22925 0
22926 0
22927 5
22928 6
22929 9
22930 0
22931 0
22932 0
22933 0
22934 0
22935 0
22936 0
22937 0
22938 0
22939 0
22940 0
22941 0
22942 0
22943 0
22944 0
22945 0
22946 0
22947 0
22948 0
22949 0
22950 0
22951 0
22952 0
22953 0
22954 0
22955 0
22956 0
22957 0
22958 0
22959 0
22960 1
22961 3
22962 10
22963 9
22964 22
22965 18
22966 10
22967 4
22968 5
22969 0
22970 0
22971 0
22972 19
22973 21
22974 34
22975 34
22976 41
22977 27
22978 40
22979 30
22980 41
22981 26
22982 42
22983 34
22984 35
22985 20
22986 34
22987 31
22988 32
22989 39
22990 45
22991 45
22992 34
22993 31
22994 39
22995 30
22996 39
22997 33
22998 33
22999 44
23000 34
23001 41
23002 39
23003 36
23004 45
23005 22
23006 18
23007 18
23008 39
23009 41
23010 46
23011 39
23012 27
23013 38
23014 14
23015 10
23016 5
23017 3
23018 2
23019 0
23020 0
23021 0
23022 0
23023 0
23024 1
23025 5
23026 9
23027 15
23028 0
23029 0
23030 0
23031 0
23032 0
23033 0
23034 0
23035 0
23036 0
23037 0
23038 0
23039 0
23040 0
23041 0
23042 0
23043 0
23044 0
23045 0
23046 0
23047 0
23048 0
23049 0
23050 0
23051 0
23052 0
23053 0
23054 0
23055 0
23056 0
23057 0
23058 1
23059 3
23060 12
23061 22
23062 23
23063 20
23064 15
23065 7
23066 4
23067 0
23068 0
23069 0
23070 34
23071 28
23072 29
23073 32
23074 37
23075 45
23076 46
23077 39
23078 44
23079 53
23080 53
23081 45
23082 39
23083 27
23084 47
23085 44
23086 36
23087 36
23088 44
23089 46
23090 43
23091 41
23092 39
23093 27
23094 35
23095 42
23096 43
23097 46
23098 26
23099 35
23100 43
23101 50
23102 33
23103 37
23104 29
23105 25
23106 35
23107 32
23108 41
23109 51
23110 45
23111 55
23112 18
23113 11
23114 5
23115 1
23116 0
23117 0
23118 0
23119 0
23120 0
23121 0
23122 1
23123 2
23124 9
23125 23
23126 0
23127 0
23128 0
23129 0
23130 0
23131 0
23132 0
23133 0
23134 0
23135 0
23136 0
23137 0
23138 0
23139 0
23140 0
23141 0
23142 0
23143 0
23144 0
23145 0
23146 0
23147 0
23148 0
23149 0
23150 0
23151 0
23152 0
23153 0
23154 0
23155 0
23156 1
23157 2
23158 11
23159 16
23160 26
23161 28
23162 21
23163 13
23164 5
23165 1
23166 0
23167 0
23168 28
23169 38
23170 43
23171 35
23172 42
23173 57
23174 48
23175 35
23176 41
23177 38
23178 34
23179 35
23180 35
23181 28
23182 43
23183 46
23184 34
23185 32
23186 36
23187 31
23188 47
23189 29
23190 38
23191 38
23192 45
23193 32
23194 51
23195 54
23196 53
23197 42
23198 43
23199 40
23200 41
23201 27
23202 20
23203 28
23204 25
23205 28
23206 34
23207 47
23208 46
23209 37
23210 17
23211 11
23212 3
23213 1
23214 0
23215 0
23216 0
23217 0
23218 0
23219 0
23220 2
23221 5
23222 6
23223 19
23224 0
23225 0
23226 0
23227 0
23228 0
23229 0
23230 0
23231 0
23232 0
23233 0
23234 0
23235 0
23236 0
23237 0
23238 0
23239 0
23240 0
23241 0
23242 0
23243 0
23244 0
23245 0
23246 0
23247 0
23248 0
23249 0
23250 0
23251 0
23252 0
23253 0
23254 1
23255 5
23256 11
23257 19
23258 38
23259 18
23260 13
23261 10
23262 3
23263 0
23264 0
23265 0
23266 26
23267 39
23268 42
23269 36
23270 53
23271 49
23272 45
23273 53
23274 46
23275 50
23276 46
23277 40
23278 30
23279 26
23280 40
23281 40
23282 54
23283 52
23284 45
23285 56
23286 51
23287 53
23288 35
23289 43
23290 36
23291 57
23292 43
23293 46
23294 56
23295 60
23296 52
23297 46
23298 42
23299 34
23300 31
23301 38
23302 29
23303 31
23304 42
23305 41
23306 57
23307 46
23308 28
23309 15
23310 8
23311 2
23312 0
23313 0
23314 0
23315 0
23316 0
23317 0
23318 2
23319 4
23320 19
23321 13
23322 0
23323 0
23324 0
23325 0
23326 0
23327 0
23328 0
23329 0
23330 0
23331 0
23332 0
23333 0
23334 0
23335 0
23336 0
23337 0
23338 0
23339 0
23340 0
23341 0
23342 0
23343 0
23344 0
23345 0
23346 0
23347 0
23348 0
23349 0
23350 0
23351 0
23352 0
23353 5
23354 9
23355 16
23356 24
23357 24
23358 17
23359 14
23360 1
23361 0
23362 0
23363 0
23364 25
23365 17
23366 23
23367 18
23368 25
23369 21
23370 25
23371 58
23372 50
23373 50
23374 38
23375 42
23376 40
23377 34
23378 30
23379 24
23380 30
23381 41
23382 32
23383 33
23384 44
23385 53
23386 41
23387 47
23388 43
23389 50
23390 48
23391 64
23392 47
23393 51
23394 52
23395 41
23396 41
23397 35
23398 19
23399 31
23400 37
23401 42
23402 51
23403 53
23404 59
23405 48
23406 22
23407 17
23408 6
23409 4
23410 0
23411 0
23412 0
23413 0
23414 0
23415 0
23416 0
23417 7
23418 12
23419 33
23420 0
23421 0
23422 0
23423 0
23424 0
23425 0
23426 0
23427 0
23428 0
23429 0
23430 0
23431 0
23432 0
23433 0
23434 0
23435 0
23436 0
23437 0
23438 0
23439 0
23440 0
23441 0
23442 0
23443 0
23444 0
23445 0
23446 0
23447 0
23448 0
23449 0
23450 0
23451 3
23452 5
23453 15
23454 24
23455 17
23456 25
23457 7
23458 4
23459 1
23460 0
23461 0
23462 20
23463 19
23464 33
23465 25
23466 26
23467 35
23468 29
23469 17
23470 21
23471 18
23472 13
23473 5
23474 14
23475 7
23476 33
23477 18
23478 23
23479 43
23480 42
23481 28
23482 39
23483 45
23484 41
23485 26
23486 21
23487 17
23488 10
23489 17
23490 36
23491 38
23492 41
23493 36
23494 43
23495 34
23496 29
23497 17
23498 38
23499 35
23500 36
23501 51
23502 38
23503 38
23504 11
23505 13
23506 4
23507 2
23508 0
23509 0
23510 0
23511 0
23512 0
23513 0
23514 0
23515 8
23516 12
23517 19
23518 0
23519 0
23520 0
23521 0
23522 0
23523 0
23524 0
23525 0
23526 0
23527 0
23528 0
23529 0
23530 0
23531 0
23532 0
23533 0
23534 0
23535 0
23536 0
23537 0
23538 0
23539 0
23540 0
23541 0
23542 0
23543 0
23544 0
23545 0
23546 0
23547 0
23548 1
23549 3
23550 9
23551 30
23552 28
23553 25
23554 17
23555 11
23556 5
23557 0
23558 0
23559 0
23560 40
23561 33
23562 36
23563 49
23564 55
23565 43
23566 59
23567 35
23568 49
23569 41
23570 42
23571 37
23572 29
23573 24
23574 52
23575 55
23576 44
23577 41
23578 40
23579 47
23580 55
23581 40
23582 45
23583 44
23584 41
23585 43
23586 40
23587 36
23588 50
23589 48
23590 46
23591 36
23592 35
23593 43
23594 29
23595 31
23596 34
23597 48
23598 37
23599 46
23600 55
23601 49
23602 17
23603 11
23604 9
23605 3
23606 1
23607 0
23608 0
23609 0
23610 0
23611 0
23612 6
23613 8
23614 11
23615 16
23616 0
23617 0
23618 0
23619 0
23620 0
23621 0
23622 0
23623 0
23624 0
23625 0
23626 0
23627 0
23628 0
23629 0
23630 0
23631 0
23632 0
23633 0
23634 0
23635 0
23636 0
23637 0
23638 0
23639 0
23640 0
23641 0
23642 0
23643 0
23644 0
23645 0
23646 0
23647 2
23648 11
23649 15
23650 26
23651 23
23652 21
23653 12
23654 4
23655 1
23656 0
23657 0
23658 34
23659 44
23660 33
23661 46
23662 44
23663 39
23664 34
23665 50
23666 41
23667 45
23668 39
23669 43
23670 36
23671 32
23672 42
23673 34
23674 47
23675 33
23676 42
23677 43
23678 43
23679 49
23680 42
23681 37
23682 35
23683 51
23684 42
23685 50
23686 37
23687 41
23688 25
23689 26
23690 32
23691 28
23692 31
23693 26
23694 26
23695 46
23696 39
23697 46
23698 44
23699 33
23700 24
23701 15
23702 14
23703 1
23704 0
23705 0
23706 0
23707 0
23708 0
23709 1
23710 4
23711 8
23712 10
23713 21
23714 0
23715 0
23716 0
23717 0
23718 0
23719 0
23720 0
23721 0
23722 0
23723 0
23724 0
23725 0
23726 0
23727 0
23728 0
23729 0
23730 0
23731 0
23732 0
23733 0
23734 0
23735 0
23736 0
23737 0
23738 0
23739 0
23740 0
23741 0
23742 0
23743 0
23744 0
23745 1
23746 8
23747 16
23748 24
23749 30
23750 12
23751 9
23752 6
23753 0
23754 0
23755 0
23756 39
23757 39
23758 38
23759 45
23760 36
23761 48
23762 60
23763 40
23764 47
23765 36
23766 49
23767 37
23768 34
23769 29
23770 46
23771 57
23772 49
23773 37
23774 43
23775 36
23776 52
23777 45
23778 40
23779 41
23780 36
23781 38
23782 46
23783 37
23784 48
23785 47
23786 29
23787 35
23788 42
23789 37
23790 36
23791 23
23792 30
23793 35
23794 39
23795 30
23796 44
23797 56
23798 28
23799 10
23800 4
23801 0
23802 0
23803 0
23804 0
23805 0
23806 0
23807 0
23808 2
23809 6
23810 8
23811 14
23812 0
23813 0
23814 0
23815 0
23816 0
23817 0
23818 0
23819 0
23820 0
23821 0
23822 0
23823 0
23824 0
23825 0
23826 0
23827 0
23828 0
23829 0
23830 0
23831 0
23832 0
23833 0
23834 0
23835 0
23836 0
23837 0
23838 0
23839 0
23840 0
23841 0
23842 0
23843 5
23844 8
23845 13
23846 32
23847 35
23848 27
23849 6
23850 5
23851 0
23852 0
23853 0
23854 43
23855 35
23856 48
23857 48
23858 41
23859 33
23860 43
23861 41
23862 57
23863 45
23864 43
23865 45
23866 38
23867 34
23868 48
23869 52
23870 31
23871 42
23872 49
23873 45
23874 38
23875 47
23876 44
23877 44
23878 49
23879 42
23880 51
23881 51
23882 53
23883 55
23884 59
23885 43
23886 52
23887 43
23888 24
23889 35
23890 27
23891 42
23892 44
23893 38
23894 43
23895 54
23896 19
23897 17
23898 4
23899 5
23900 0
23901 0
23902 0
23903 0
23904 0
23905 0
23906 1
23907 12
23908 15
23909 39
23910 0
23911 0
23912 0
23913 0
23914 0
23915 0
23916 0
23917 0
23918 0
23919 0
23920 0
23921 0
23922 0
23923 0
23924 0
23925 0
23926 0
23927 0
23928 0
23929 0
23930 0
23931 0
23932 0
23933 0
23934 0
23935 0
23936 0
23937 0
23938 0
23939 0
23940 0
23941 3
23942 4
23943 14
23944 27
23945 19
23946 23
23947 11
23948 2
23949 1
23950 0
23951 0
23952 23
23953 36
23954 28
23955 33
23956 34
23957 33
23958 40
23959 27
23960 46
23961 37
23962 50
23963 38
23964 31
23965 31
23966 28
23967 35
23968 31
23969 38
23970 44
23971 34
23972 29
23973 34
23974 48
23975 39
23976 43
23977 47
23978 44
23979 54
23980 36
23981 52
23982 34
23983 41
23984 33
23985 24
23986 21
23987 36
23988 33
23989 44
23990 53
23991 40
23992 41
23993 49
23994 14
23995 11
23996 4
23997 2
23998 0
23999 0
24000 0
24001 0
24002 0
24003 0
24004 3
24005 7
24006 10
24007 27
24008 0
24009 0
24010 0
24011 0
24012 0
24013 0
24014 0
24015 0
24016 0
24017 0
24018 0
24019 0
24020 0
24021 0
24022 0
24023 0
24024 0
24025 0
24026 0
24027 0
24028 0
24029 0
24030 0
24031 0
24032 0
24033 0
24034 0
24035 0
24036 0
24037 0
24038 0
24039 3
24040 6
24041 6
24042 19
24043 18
24044 11
24045 11
24046 1
24047 0
24048 0
24049 0
24050 28
24051 25
24052 37
24053 43
24054 26
24055 36
24056 38
24057 25
24058 40
24059 37
24060 15
24061 37
24062 24
24063 22
24064 31
24065 39
24066 49
24067 44
24068 36
24069 37
24070 20
24071 29
24072 34
24073 37
24074 18
24075 34
24076 23
24077 45
24078 45
24079 35
24080 35
24081 27
24082 35
24083 29
24084 29
24085 22
24086 36
24087 32
24088 28
24089 31
24090 31
24091 33
24092 18
24093 14
24094 5
24095 1
24096 1
24097 0
24098 0
24099 0
24100 0
24101 0
24102 2
24103 4
24104 11
24105 19
24106 0
24107 0
24108 0
24109 0
24110 0
24111 0
24112 0
24113 0
24114 0
24115 0
24116 0
24117 0
24118 0
24119 0
