#ChipID #Ntracks #Status
0 15335 1
1 51584 1
2 84471 1
3 112288 1
4 128676 1
5 106321 1
6 76960 1
7 45047 1
8 15011 1
9 17926 1
10 56580 1
11 89612 1
12 115062 1
13 129725 1
14 108245 1
15 76507 1
16 43371 1
17 12579 1
18 16846 1
19 52773 1
20 84860 1
21 107430 1
22 123148 1
23 104948 1
24 73686 1
25 41816 1
26 12930 1
27 15345 1
28 49231 1
29 78601 1
30 95699 1
31 117178 1
32 66934 1
33 65600 1
34 36469 1
35 9110 1
36 15651 1
37 51260 1
38 85515 1
39 114012 1
40 128289 1
41 112099 1
42 79772 1
43 40589 1
44 11830 1
45 11008 1
46 46524 1
47 79481 1
48 109226 1
49 127201 1
50 109970 1
51 78650 1
52 44215 1
53 12780 1
54 16005 1
55 50918 1
56 84495 1
57 113911 1
58 129272 1
59 113045 1
60 83092 1
61 48841 1
62 15511 1
63 18712 1
64 58665 1
65 97046 1
66 129732 1
67 148294 1
68 124819 1
69 90106 1
70 52022 1
71 15505 1
72 13868 1
73 53264 1
74 90048 1
75 120527 1
76 131728 1
77 115688 1
78 82769 1
79 47040 1
80 7051 1
81 13537 1
82 56102 1
83 94516 1
84 127154 1
85 141744 1
86 122562 1
87 87872 1
88 50005 1
89 14553 1
90 16269 1
91 57649 1
92 94779 1
93 127904 1
94 142743 1
95 120113 1
96 85924 1
97 48718 1
98 15279 1
99 15652 1
100 49924 1
101 84538 1
102 114085 1
103 129380 1
104 112937 1
105 82620 1
106 49250 1
107 15554 1
108 18670 1
109 44292 1
110 69704 1
111 89859 1
112 99094 1
113 84733 1
114 61287 1
115 36200 1
116 15116 1
117 18653 1
118 43783 1
119 67314 1
120 85125 1
121 94271 1
122 78454 1
123 55598 1
124 33434 1
125 14011 1
126 17616 1
127 41514 1
128 64158 1
129 74055 1
130 91037 1
131 79372 1
132 59111 1
133 35498 1
134 13643 1
135 16190 1
136 39657 1
137 62375 1
138 79070 1
139 86457 1
140 76340 1
141 54158 1
142 31876 1
143 12066 1
144 15823 1
145 37793 1
146 57351 1
147 72650 1
148 79601 1
149 66560 1
150 47470 1
151 27914 1
152 10904 1
153 15937 1
154 40323 1
155 63395 1
156 81366 1
157 89370 1
158 78914 1
159 56598 1
160 33452 1
161 11610 1
162 16353 1
163 40657 1
164 66646 1
165 87410 1
166 98066 1
167 86141 1
168 65700 1
169 38587 1
170 13127 1
171 13910 1
172 40873 1
173 67371 1
174 86483 1
175 97281 1
176 85095 1
177 62162 1
178 37255 1
179 11823 1
180 16876 1
181 41976 1
182 67614 1
183 88962 1
184 98563 1
185 88036 1
186 66212 1
187 40671 1
188 15989 1
189 18305 1
190 45065 1
191 71033 1
192 92138 1
193 103403 1
194 89162 1
195 66436 1
196 40518 1
197 16247 1
198 16676 1
199 42116 1
200 69139 1
201 91636 1
202 102558 1
203 90551 1
204 67396 1
205 40373 1
206 15583 1
207 14979 1
208 42168 1
209 68164 1
210 88579 1
211 96312 1
212 85383 1
213 62331 1
214 36717 1
215 14348 1
216 14587 1
217 42397 1
218 69001 1
219 91049 1
220 100479 1
221 88155 1
222 65532 1
223 39297 1
224 15496 1
225 17845 1
226 45169 1
227 71746 1
228 93919 1
229 104245 1
230 88266 1
231 64355 1
232 38073 1
233 15367 1
234 18462 1
235 46132 1
236 74034 1
237 94850 1
238 103358 1
239 90648 1
240 67720 1
241 41375 1
242 16262 1
243 15732 1
244 39931 1
245 64985 1
246 86577 1
247 96724 1
248 86721 1
249 64937 1
250 40616 1
251 16388 1
252 20258 1
253 39278 1
254 58697 1
255 74268 1
256 79308 1
257 69330 1
258 50577 1
259 31667 1
260 15515 1
261 19753 1
262 36897 1
263 54043 1
264 66102 1
265 72167 1
266 63200 1
267 46204 1
268 29019 1
269 15257 1
270 20094 1
271 37666 1
272 55891 1
273 70155 1
274 75021 1
275 64853 1
276 48888 1
277 30393 1
278 15584 1
279 17778 1
280 33518 1
281 50449 1
282 50416 1
283 70384 1
284 62931 1
285 48388 1
286 30800 1
287 15428 1
288 18141 1
289 34228 1
290 50996 1
291 64414 1
292 68022 1
293 60223 1
294 44022 1
295 27468 1
296 13059 1
297 17406 1
298 32521 1
299 46519 1
300 57492 1
301 61223 1
302 54420 1
303 38596 1
304 24098 1
305 11535 1
306 17340 1
307 33068 1
308 49679 1
309 61716 1
310 66459 1
311 60543 1
312 44922 1
313 27666 1
314 12848 1
315 17307 1
316 34386 1
317 52017 1
318 65129 1
319 71054 1
320 64057 1
321 50041 1
322 32146 1
323 13912 1
324 16748 1
325 33816 1
326 52019 1
327 67485 1
328 73819 1
329 66389 1
330 51523 1
331 32636 1
332 14073 1
333 18591 1
334 39545 1
335 62086 1
336 76084 1
337 83790 1
338 75347 1
339 56395 1
340 34512 1
341 15900 1
342 20383 1
343 41862 1
344 64050 1
345 80517 1
346 87484 1
347 78500 1
348 59195 1
349 37991 1
350 18263 1
351 20449 1
352 39055 1
353 58759 1
354 74335 1
355 79971 1
356 71404 1
357 54998 1
358 35041 1
359 18282 1
360 17487 1
361 35022 1
362 53631 1
363 68660 1
364 77905 1
365 69584 1
366 54122 1
367 35025 1
368 17906 1
369 16663 1
370 34594 1
371 55566 1
372 72136 1
373 78999 1
374 71823 1
375 54527 1
376 34141 1
377 15930 1
378 15358 1
379 33487 1
380 50765 1
381 63900 1
382 69146 1
383 62144 1
384 47792 1
385 29781 1
386 14840 1
387 13888 1
388 34045 1
389 53196 1
390 67996 1
391 73990 1
392 66210 1
393 51443 1
394 32415 1
395 15986 1
396 18872 1
397 39132 1
398 55964 1
399 76137 1
400 83225 1
401 73008 1
402 56034 1
403 34452 1
404 16719 1
405 19971 1
406 38600 1
407 57510 1
408 71194 1
409 77171 1
410 68448 1
411 51978 1
412 34513 1
413 17112 1
414 19728 1
415 39059 1
416 59718 1
417 74651 1
418 80854 1
419 72956 1
420 55655 1
421 36073 1
422 18382 1
423 19226 1
424 37842 1
425 57642 1
426 74308 1
427 81390 1
428 74095 1
429 56789 1
430 36919 1
431 18664 1
432 100 1
433 276 1
434 665 1
435 1623 1
436 2166 1
437 2547 1
438 2704 1
439 1762 1
440 1633 1
441 1289 1
442 1079 1
443 506 1
444 100 1
445 100 1
446 2975 1
447 2992 1
448 2898 1
449 2880 1
450 3010 1
451 4055 1
452 4895 1
453 3385 1
454 3238 1
455 2799 1
456 2763 1
457 2414 1
458 2091 1
459 1982 1
460 4928 1
461 4938 1
462 4816 1
463 4334 1
464 3760 1
465 2975 1
466 2910 1
467 2234 1
468 2495 1
469 2807 1
470 3016 1
471 3214 1
472 3610 1
473 3424 1
474 2593 1
475 1966 1
476 1850 1
477 1376 1
478 186 1
479 100 1
480 100 1
481 100 1
482 100 1
483 132 1
484 1098 1
485 1646 1
486 1493 1
487 1988 1
488 100 1
489 890 1
490 1604 1
491 2012 1
492 2599 1
493 2904 1
494 3223 1
495 3157 1
496 2766 1
497 2529 1
498 2151 1
499 1251 1
500 838 1
501 100 1
502 3866 1
503 4270 1
504 4708 1
505 5153 1
506 5338 1
507 5411 1
508 5667 1
509 5473 1
510 5349 1
511 4879 1
512 4927 1
513 4479 1
514 4131 1
515 3575 1
516 5706 1
517 5346 1
518 5122 1
519 4743 1
520 3941 1
521 3502 1
522 2757 1
523 3230 1
524 3948 1
525 4372 1
526 4964 1
527 5217 1
528 5560 1
529 5618 1
530 2565 1
531 2246 1
532 1553 1
533 1194 1
534 416 1
535 100 1
536 100 1
537 100 1
538 254 1
539 688 1
540 1745 1
541 2024 1
542 2520 1
543 2898 1
544 100 1
545 100 1
546 584 1
547 1335 1
548 1880 1
549 2275 1
550 2774 1
551 3067 1
552 2452 1
553 2069 1
554 1600 1
555 924 1
556 173 1
557 100 1
558 3252 1
559 3600 1
560 4006 1
561 4166 1
562 4765 1
563 4986 1
564 4990 1
565 5301 1
566 5020 1
567 4500 1
568 4733 1
569 4160 1
570 3752 1
571 3423 1
572 4910 1
573 4660 1
574 4364 1
575 3708 1
576 3471 1
577 2884 1
578 2475 1
579 2303 1
580 2678 1
581 3510 1
582 4050 1
583 4657 1
584 5107 1
585 4890 1
586 2449 1
587 2241 1
588 1857 1
589 1327 1
590 579 1
591 100 1
592 100 1
593 100 1
594 100 1
595 178 1
596 1265 1
597 1593 1
598 1742 1
599 1799 1
600 100 1
601 100 1
602 1286 1
603 2012 1
604 2356 1
605 2823 1
606 3172 1
607 3335 1
608 2899 1
609 2661 1
610 2072 1
611 1325 1
612 686 1
613 100 1
614 3714 1
615 4178 1
616 4469 1
617 4524 1
618 5125 1
619 5266 1
620 5499 1
621 4151 1
622 4374 1
623 4682 1
624 4788 1
625 4612 1
626 4278 1
627 3821 1
628 5257 1
629 4555 1
630 3841 1
631 3190 1
632 2882 1
633 2755 1
634 2977 1
635 3030 1
636 3341 1
637 3726 1
638 4204 1
639 4389 1
640 4153 1
641 3759 1
642 2499 1
643 2213 1
644 1641 1
645 1256 1
646 772 1
647 259 1
648 100 1
649 100 1
650 563 1
651 1312 1
652 1803 1
653 2375 1
654 2432 1
655 2932 1
656 100 1
657 284 1
658 972 1
659 1378 1
660 1944 1
661 2419 1
662 2866 1
663 2828 1
664 2534 1
665 2238 1
666 1745 1
667 1130 1
668 273 1
669 100 1
670 3361 1
671 3833 1
672 4183 1
673 4204 1
674 3745 1
675 3589 1
676 3036 1
677 4980 1
678 4800 1
679 4384 1
680 4300 1
681 4092 1
682 3888 1
683 3185 1
684 3128 1
685 3485 1
686 3827 1
687 3781 1
688 3553 1
689 3242 1
690 2449 1
691 1745 1
692 2263 1
693 2382 1
694 2684 1
695 2921 1
696 2957 1
697 3083 1
698 2127 1
699 1608 1
700 1193 1
701 801 1
702 299 1
703 100 1
704 100 1
705 100 1
706 100 1
707 386 1
708 867 1
709 1470 1
710 1898 1
711 2493 1
712 100 1
713 565 1
714 1171 1
715 2037 1
716 2440 1
717 2756 1
718 3240 1
719 3167 1
720 2670 1
721 2415 1
722 1804 1
723 1125 1
724 220 1
725 100 1
726 3412 1
727 3802 1
728 4014 1
729 3978 1
730 4650 1
731 4985 1
732 5468 1
733 5537 1
734 4930 1
735 4677 1
736 4559 1
737 4232 1
738 3982 1
739 3635 1
740 5259 1
741 5278 1
742 4966 1
743 4683 1
744 4630 1
745 4027 1
746 3651 1
747 3335 1
748 3261 1
749 3216 1
750 3294 1
751 4173 1
752 4566 1
753 5361 1
754 3013 1
755 2740 1
756 2424 1
757 2107 1
758 1028 1
759 238 1
760 100 1
761 100 1
762 100 1
763 1160 1
764 2102 1
765 2268 1
766 2493 1
767 3062 1
768 100 1
769 100 1
770 729 1
771 1548 1
772 1993 1
773 2303 1
774 2969 1
775 2861 1
776 2619 1
777 1933 1
778 1733 1
779 1021 1
780 510 1
781 100 1
782 3404 1
783 3676 1
784 4053 1
785 4343 1
786 4418 1
787 4936 1
788 5115 1
789 4650 1
790 4213 1
791 3399 1
792 2847 1
793 2546 1
794 3216 1
795 3275 1
796 100 1
797 100 1
798 100 1
799 100 1
800 100 1
801 100 1
802 100 1
803 3271 1
804 3658 1
805 3749 1
806 4327 1
807 4671 1
808 4688 1
809 4616 1
810 100 1
811 100 1
812 100 1
813 100 1
814 100 1
815 100 1
816 100 1
817 100 1
818 708 1
819 1094 1
820 1722 1
821 2139 1
822 2447 1
823 3001 1
824 100 1
825 100 1
826 1051 1
827 1766 1
828 2286 1
829 2558 1
830 3007 1
831 2872 1
832 2458 1
833 1813 1
834 1603 1
835 741 1
836 100 1
837 100 1
838 3209 1
839 3870 1
840 4146 1
841 4189 1
842 3875 1
843 3809 1
844 3558 1
845 4724 1
846 4561 1
847 4338 1
848 4306 1
849 3950 1
850 3461 1
851 3014 1
852 3423 1
853 3884 1
854 4204 1
855 4122 1
856 4182 1
857 3773 1
858 3183 1
859 3325 1
860 3618 1
861 4031 1
862 4554 1
863 4403 1
864 5044 1
865 5155 1
866 3019 1
867 2793 1
868 2451 1
869 1970 1
870 1217 1
871 1006 1
872 100 1
873 100 1
874 466 1
875 1216 1
876 1984 1
877 2184 1
878 2832 1
879 2878 1
880 100 1
881 100 1
882 681 1
883 1379 1
884 1688 1
885 1908 1
886 2343 1
887 2651 1
888 2327 1
889 2040 1
890 1650 1
891 930 1
892 100 1
893 100 1
894 2280 1
895 2832 1
896 2970 1
897 3515 1
898 3471 1
899 3604 1
900 3874 1
901 4972 1
902 4585 1
903 4140 1
904 3970 1
905 3571 1
906 3278 1
907 2968 1
908 4993 1
909 4487 1
910 4420 1
911 3950 1
912 3689 1
913 3335 1
914 2681 1
915 2327 1
916 2617 1
917 3169 1
918 3463 1
919 4008 1
920 4434 1
921 4671 1
922 1837 1
923 1617 1
924 1392 1
925 1059 1
926 216 1
927 100 1
928 100 1
929 100 1
930 100 1
931 822 1
932 1567 1
933 1832 1
934 1934 1
935 2088 1
936 100 1
937 415 1
938 1278 1
939 1779 1
940 2224 1
941 2459 1
942 2894 1
943 2534 1
944 2194 1
945 2040 1
946 1800 1
947 1049 1
948 260 1
949 100 1
950 3309 1
951 3432 1
952 3828 1
953 4062 1
954 4623 1
955 4747 1
956 5018 1
957 100 1
958 100 1
959 100 1
960 100 1
961 100 1
962 100 1
963 100 1
964 4644 1
965 4320 1
966 4437 1
967 4112 1
968 3861 1
969 3090 1
970 2380 1
971 3213 1
972 3410 1
973 4095 1
974 4299 1
975 4236 1
976 4219 1
977 4355 1
978 1567 1
979 884 1
980 674 1
981 994 1
982 487 1
983 100 1
984 100 1
985 100 1
986 535 1
987 735 1
988 1730 1
989 2145 1
990 2361 1
991 2729 1
992 100 1
993 288 1
994 986 1
995 1584 1
996 2085 1
997 2288 1
998 2665 1
999 2648 1
1000 2230 1
1001 1934 1
1002 1370 1
1003 905 1
1004 177 1
1005 100 1
1006 3041 1
1007 3197 1
1008 4014 1
1009 4572 1
1010 4285 1
1011 4767 1
1012 4760 1
1013 4631 1
1014 4760 1
1015 4492 1
1016 4144 1
1017 3760 1
1018 3527 1
1019 100 1
1020 4600 1
1021 4638 1
1022 4617 1
1023 4189 1
1024 3621 1
1025 3490 1
1026 3053 1
1027 3000 1
1028 3206 1
1029 3688 1
1030 3835 1
1031 4234 1
1032 4496 1
1033 4735 1
1034 2276 1
1035 2250 1
1036 1777 1
1037 1349 1
1038 803 1
1039 100 1
1040 100 1
1041 100 1
1042 100 1
1043 900 1
1044 1611 1
1045 1911 1
1046 2233 1
1047 2687 1
1048 100 1
1049 100 1
1050 461 1
1051 732 1
1052 1041 1
1053 992 1
1054 1483 1
1055 2921 1
1056 2561 1
1057 2404 1
1058 1945 1
1059 1318 1
1060 692 1
1061 100 1
1062 1658 1
1063 2129 1
1064 2248 1
1065 3036 1
1066 3069 1
1067 3200 1
1068 3398 1
1069 4330 1
1070 4350 1
1071 4470 1
1072 4377 1
1073 4120 1
1074 3916 1
1075 3377 1
1076 3564 1
1077 3534 1
1078 3251 1
1079 2749 1
1080 2517 1
1081 1693 1
1082 1314 1
1083 3127 1
1084 3266 1
1085 3687 1
1086 3822 1
1087 3982 1
1088 3961 1
1089 4387 1
1090 1129 1
1091 1011 1
1092 673 1
1093 100 1
1094 115 1
1095 109 1
1096 100 1
1097 100 1
1098 281 1
1099 1155 1
1100 1746 1
1101 2130 1
1102 2558 1
1103 3007 1
1104 100 1
1105 577 1
1106 1075 1
1107 1454 1
1108 1785 1
1109 2183 1
1110 2613 1
1111 1608 1
1112 1294 1
1113 1181 1
1114 949 1
1115 100 1
1116 100 1
1117 100 1
1118 2856 1
1119 3440 1
1120 3516 1
1121 4273 1
1122 4311 1
1123 4300 1
1124 4597 1
1125 3212 1
1126 2503 1
1127 2590 1
1128 2582 1
1129 2253 1
1130 2090 1
1131 1815 1
1132 4686 1
1133 4458 1
1134 4282 1
1135 3607 1
1136 3313 1
1137 2913 1
1138 2597 1
1139 1309 1
1140 1729 1
1141 1768 1
1142 2582 1
1143 2636 1
1144 3102 1
1145 3265 1
1146 2367 1
1147 2001 1
1148 1666 1
1149 1138 1
1150 463 1
1151 100 1
1152 100 1
1153 100 1
1154 100 1
1155 100 1
1156 428 1
1157 916 1
1158 871 1
1159 1187 1
1160 100 1
1161 295 1
1162 1285 1
1163 1892 1
1164 2447 1
1165 2687 1
1166 3100 1
1167 3231 1
1168 2644 1
1169 2436 1
1170 1889 1
1171 1342 1
1172 960 1
1173 212 1
1174 3348 1
1175 3492 1
1176 3976 1
1177 4222 1
1178 4258 1
1179 4128 1
1180 4465 1
1181 4556 1
1182 4870 1
1183 4671 1
1184 4475 1
1185 4291 1
1186 3891 1
1187 3341 1
1188 4287 1
1189 3489 1
1190 2549 1
1191 1753 1
1192 1825 1
1193 2050 1
1194 2311 1
1195 3171 1
1196 3488 1
1197 3852 1
1198 4333 1
1199 4532 1
1200 4674 1
1201 4668 1
1202 1964 1
1203 2076 1
1204 2253 1
1205 2266 1
1206 785 1
1207 339 1
1208 100 1
1209 100 1
1210 385 1
1211 1246 1
1212 2142 1
1213 2463 1
1214 2681 1
1215 2870 1
1216 100 1
1217 215 1
1218 952 1
1219 1489 1
1220 1981 1
1221 2255 1
1222 2683 1
1223 2604 1
1224 2048 1
1225 1678 1
1226 1155 1
1227 889 1
1228 100 1
1229 100 1
1230 2912 1
1231 3324 1
1232 3672 1
1233 3860 1
1234 4179 1
1235 4378 1
1236 4393 1
1237 4298 1
1238 4259 1
1239 4249 1
1240 3784 1
1241 3521 1
1242 3178 1
1243 3044 1
1244 4607 1
1245 4282 1
1246 3956 1
1247 3842 1
1248 3192 1
1249 2776 1
1250 2498 1
1251 2292 1
1252 2820 1
1253 3176 1
1254 3456 1
1255 3942 1
1256 4089 1
1257 4250 1
1258 1811 1
1259 1581 1
1260 1565 1
1261 1258 1
1262 795 1
1263 100 1
1264 100 1
1265 100 1
1266 100 1
1267 264 1
1268 1326 1
1269 1542 1
1270 1681 1
1271 2020 1
1272 100 1
1273 100 1
1274 1071 1
1275 1712 1
1276 2185 1
1277 2431 1
1278 2712 1
1279 2517 1
1280 2365 1
1281 2207 1
1282 1755 1
1283 1336 1
1284 857 1
1285 162 1
1286 2964 1
1287 3240 1
1288 3420 1
1289 4031 1
1290 4146 1
1291 4136 1
1292 4066 1
1293 4740 1
1294 4609 1
1295 4349 1
1296 3878 1
1297 3624 1
1298 3252 1
1299 2849 1
1300 100 1
1301 100 1
1302 100 1
1303 100 1
1304 100 1
1305 100 1
1306 100 1
1307 1956 1
1308 2433 1
1309 2879 1
1310 3471 1
1311 3660 1
1312 4276 1
1313 4668 1
1314 1290 1
1315 1355 1
1316 1480 1
1317 1379 1
1318 992 1
1319 100 1
1320 100 1
1321 100 1
1322 202 1
1323 1177 1
1324 1850 1
1325 1949 1
1326 1428 1
1327 1822 1
1328 100 1
1329 291 1
1330 952 1
1331 1545 1
1332 2006 1
1333 2196 1
1334 2631 1
1335 2509 1
1336 1996 1
1337 1654 1
1338 1399 1
1339 881 1
1340 100 1
1341 100 1
1342 3120 1
1343 3365 1
1344 3704 1
1345 4030 1
1346 4315 1
1347 4314 1
1348 4050 1
1349 3485 1
1350 3676 1
1351 3146 1
1352 3273 1
1353 2929 1
1354 2817 1
1355 2128 1
1356 4336 1
1357 4493 1
1358 4060 1
1359 3606 1
1360 3358 1
1361 2870 1
1362 2426 1
1363 3250 1
1364 3745 1
1365 3914 1
1366 4453 1
1367 4764 1
1368 4987 1
1369 4809 1
1370 1915 1
1371 1823 1
1372 1550 1
1373 1372 1
1374 887 1
1375 251 1
1376 100 1
1377 100 1
1378 100 1
1379 945 1
1380 1518 1
1381 1907 1
1382 2171 1
1383 2549 1
1384 100 1
1385 100 1
1386 1088 1
1387 1734 1
1388 2014 1
1389 2600 1
1390 3033 1
1391 2973 1
1392 2712 1
1393 2193 1
1394 1944 1
1395 1162 1
1396 474 1
1397 100 1
1398 2837 1
1399 3106 1
1400 3524 1
1401 3545 1
1402 3951 1
1403 4017 1
1404 3903 1
1405 4532 1
1406 4801 1
1407 4679 1
1408 4469 1
1409 3950 1
1410 3522 1
1411 3323 1
1412 4727 1
1413 4831 1
1414 4803 1
1415 4173 1
1416 3905 1
1417 3147 1
1418 3240 1
1419 3234 1
1420 3672 1
1421 3952 1
1422 4233 1
1423 3818 1
1424 5010 1
1425 4846 1
1426 3008 1
1427 2756 1
1428 2380 1
1429 1848 1
1430 1470 1
1431 407 1
1432 100 1
1433 100 1
1434 599 1
1435 1277 1
1436 1907 1
1437 2188 1
1438 2413 1
1439 3212 1
1440 100 1
1441 100 1
1442 100 1
1443 332 1
1444 1364 1
1445 2041 1
1446 2123 1
1447 2746 1
1448 2355 1
1449 1643 1
1450 1056 1
1451 394 1
1452 100 1
1453 100 1
1454 2631 1
1455 2935 1
1456 3284 1
1457 3732 1
1458 4033 1
1459 4021 1
1460 4448 1
1461 4839 1
1462 4852 1
1463 4656 1
1464 4465 1
1465 3918 1
1466 3286 1
1467 3299 1
1468 4322 1
1469 4113 1
1470 4080 1
1471 3825 1
1472 3561 1
1473 3084 1
1474 2830 1
1475 2783 1
1476 3544 1
1477 3641 1
1478 4002 1
1479 4230 1
1480 4588 1
1481 4968 1
1482 2316 1
1483 1971 1
1484 1719 1
1485 1460 1
1486 937 1
1487 283 1
1488 100 1
1489 100 1
1490 292 1
1491 1056 1
1492 1636 1
1493 1900 1
1494 2270 1
1495 2603 1
1496 100 1
1497 100 1
1498 1036 1
1499 1756 1
1500 2009 1
1501 2553 1
1502 2997 1
1503 3080 1
1504 2219 1
1505 1197 1
1506 456 1
1507 100 1
1508 100 1
1509 100 1
1510 3148 1
1511 3771 1
1512 4307 1
1513 4149 1
1514 4095 1
1515 3501 1
1516 3204 1
1517 4823 1
1518 4785 1
1519 4790 1
1520 4172 1
1521 4163 1
1522 3808 1
1523 3453 1
1524 3425 1
1525 3710 1
1526 4009 1
1527 4298 1
1528 3908 1
1529 3591 1
1530 3476 1
1531 3274 1
1532 3954 1
1533 4081 1
1534 4306 1
1535 4899 1
1536 4788 1
1537 4957 1
1538 3195 1
1539 2637 1
1540 2441 1
1541 2133 1
1542 1215 1
1543 597 1
1544 100 1
1545 100 1
1546 555 1
1547 1498 1
1548 2080 1
1549 2482 1
1550 2762 1
1551 2931 1
1552 100 1
1553 321 1
1554 1160 1
1555 1775 1
1556 2311 1
1557 2600 1
1558 2963 1
1559 2966 1
1560 2542 1
1561 2217 1
1562 1730 1
1563 1075 1
1564 589 1
1565 100 1
1566 3279 1
1567 3602 1
1568 4331 1
1569 4342 1
1570 5050 1
1571 5249 1
1572 5219 1
1573 5391 1
1574 5048 1
1575 4715 1
1576 4626 1
1577 4086 1
1578 3638 1
1579 3056 1
1580 4716 1
1581 4279 1
1582 3547 1
1583 2988 1
1584 3119 1
1585 2825 1
1586 2823 1
1587 2506 1
1588 3360 1
1589 3769 1
1590 4274 1
1591 4710 1
1592 5040 1
1593 5359 1
1594 2561 1
1595 2052 1
1596 1955 1
1597 1596 1
1598 1169 1
1599 275 1
1600 100 1
1601 100 1
1602 291 1
1603 993 1
1604 1269 1
1605 1698 1
1606 2201 1
1607 2480 1
1608 100 1
1609 100 1
1610 1133 1
1611 1806 1
1612 2368 1
1613 2541 1
1614 2956 1
1615 2534 1
1616 1861 1
1617 1968 1
1618 1564 1
1619 1011 1
1620 100 1
1621 100 1
1622 3069 1
1623 3711 1
1624 3868 1
1625 3916 1
1626 4478 1
1627 4615 1
1628 5008 1
1629 4772 1
1630 4593 1
1631 4291 1
1632 3687 1
1633 3925 1
1634 3106 1
1635 2977 1
1636 4947 1
1637 4803 1
1638 4739 1
1639 4443 1
1640 4159 1
1641 3680 1
1642 2959 1
1643 3194 1
1644 3502 1
1645 3916 1
1646 4069 1
1647 4315 1
1648 4771 1
1649 4846 1
1650 2377 1
1651 1754 1
1652 1589 1
1653 1521 1
1654 881 1
1655 100 1
1656 100 1
1657 100 1
1658 100 1
1659 1016 1
1660 2077 1
1661 2201 1
1662 2339 1
1663 3184 1
1664 100 1
1665 100 1
1666 907 1
1667 1614 1
1668 2187 1
1669 2665 1
1670 3276 1
1671 2896 1
1672 2597 1
1673 2145 1
1674 1715 1
1675 964 1
1676 430 1
1677 100 1
1678 3654 1
1679 3860 1
1680 4175 1
1681 4480 1
1682 4937 1
1683 5193 1
1684 4926 1
1685 5372 1
1686 5217 1
1687 5033 1
1688 4955 1
1689 3947 1
1690 3933 1
1691 3460 1
1692 4946 1
1693 4962 1
1694 4779 1
1695 4304 1
1696 4005 1
1697 3464 1
1698 3413 1
1699 3310 1
1700 3540 1
1701 4200 1
1702 4199 1
1703 4806 1
1704 5082 1
1705 5307 1
1706 2981 1
1707 2454 1
1708 2171 1
1709 1585 1
1710 859 1
1711 100 1
1712 100 1
1713 100 1
1714 100 1
1715 918 1
1716 1699 1
1717 2037 1
1718 2463 1
1719 2862 1
1720 100 1
1721 100 1
1722 100 1
1723 100 1
1724 307 1
1725 506 1
1726 884 1
1727 2824 1
1728 2521 1
1729 2150 1
1730 1617 1
1731 876 1
1732 100 1
1733 100 1
1734 693 1
1735 1231 1
1736 1492 1
1737 1617 1
1738 1901 1
1739 2168 1
1740 2455 1
1741 4874 1
1742 4993 1
1743 4816 1
1744 4122 1
1745 4161 1
1746 3925 1
1747 3268 1
1748 2607 1
1749 2678 1
1750 2582 1
1751 2433 1
1752 2559 1
1753 2212 1
1754 1585 1
1755 3536 1
1756 3603 1
1757 3928 1
1758 4430 1
1759 4807 1
1760 5029 1
1761 4792 1
1762 1506 1
1763 1323 1
1764 1082 1
1765 714 1
1766 130 1
1767 100 1
1768 100 1
1769 100 1
1770 100 1
1771 923 1
1772 1805 1
1773 2048 1
1774 2684 1
1775 3197 1
1776 100 1
1777 283 1
1778 1000 1
1779 1938 1
1780 2577 1
1781 3088 1
1782 3575 1
1783 2274 1
1784 2049 1
1785 1821 1
1786 1316 1
1787 595 1
1788 100 1
1789 100 1
1790 3932 1
1791 4339 1
1792 4920 1
1793 5172 1
1794 5540 1
1795 5582 1
1796 5648 1
1797 4036 1
1798 4010 1
1799 3738 1
1800 3500 1
1801 3121 1
1802 3056 1
1803 2687 1
1804 5893 1
1805 5514 1
1806 5229 1
1807 5225 1
1808 4685 1
1809 4253 1
1810 3683 1
1811 2977 1
1812 3202 1
1813 3564 1
1814 3672 1
1815 3920 1
1816 4116 1
1817 4125 1
1818 3430 1
1819 3109 1
1820 2599 1
1821 2043 1
1822 1030 1
1823 565 1
1824 100 1
1825 100 1
1826 100 1
1827 494 1
1828 1443 1
1829 1973 1
1830 2167 1
1831 2448 1
1832 100 1
1833 945 1
1834 1399 1
1835 2168 1
1836 2706 1
1837 2958 1
1838 3606 1
1839 3390 1
1840 2852 1
1841 2615 1
1842 2199 1
1843 1309 1
1844 516 1
1845 100 1
1846 4114 1
1847 4391 1
1848 4964 1
1849 5372 1
1850 5544 1
1851 5672 1
1852 5751 1
1853 6162 1
1854 5742 1
1855 5601 1
1856 5457 1
1857 5060 1
1858 4589 1
1859 3790 1
1860 5995 1
1861 5600 1
1862 5304 1
1863 4742 1
1864 4172 1
1865 3344 1
1866 2689 1
1867 2715 1
1868 3544 1
1869 4255 1
1870 5139 1
1871 5904 1
1872 5988 1
1873 6207 1
1874 2376 1
1875 2479 1
1876 2425 1
1877 2399 1
1878 1702 1
1879 1004 1
1880 523 1
1881 209 1
1882 983 1
1883 1584 1
1884 2462 1
1885 2625 1
1886 2432 1
1887 2459 1
1888 100 1
1889 798 1
1890 1099 1
1891 1800 1
1892 2162 1
1893 2083 1
1894 2793 1
1895 3044 1
1896 2522 1
1897 2085 1
1898 1571 1
1899 849 1
1900 100 1
1901 100 1
1902 3171 1
1903 3452 1
1904 4056 1
1905 4347 1
1906 4687 1
1907 4923 1
1908 5003 1
1909 5156 1
1910 5101 1
1911 4763 1
1912 4577 1
1913 3866 1
1914 3805 1
1915 3329 1
1916 5074 1
1917 4953 1
1918 4403 1
1919 3469 1
1920 2732 1
1921 2979 1
1922 3015 1
1923 3273 1
1924 3273 1
1925 3948 1
1926 4312 1
1927 4647 1
1928 5243 1
1929 5126 1
1930 2801 1
1931 2784 1
1932 2501 1
1933 1809 1
1934 1125 1
1935 866 1
1936 100 1
1937 100 1
1938 533 1
1939 494 1
1940 1789 1
1941 2362 1
1942 2857 1
1943 2896 1
1944 100 1
1945 604 1
1946 1559 1
1947 2033 1
1948 2365 1
1949 2609 1
1950 3179 1
1951 3227 1
1952 2807 1
1953 2347 1
1954 2007 1
1955 1308 1
1956 370 1
1957 100 1
1958 3542 1
1959 4269 1
1960 4322 1
1961 4763 1
1962 4929 1
1963 5025 1
1964 5318 1
1965 5357 1
1966 4957 1
1967 4351 1
1968 4906 1
1969 4687 1
1970 4110 1
1971 3629 1
1972 5321 1
1973 5464 1
1974 5099 1
1975 4802 1
1976 4826 1
1977 4172 1
1978 3933 1
1979 3475 1
1980 3144 1
1981 3300 1
1982 3929 1
1983 4823 1
1984 5246 1
1985 5313 1
1986 3382 1
1987 3016 1
1988 2556 1
1989 2148 1
1990 1523 1
1991 1028 1
1992 280 1
1993 100 1
1994 939 1
1995 1681 1
1996 2338 1
1997 2764 1
1998 2922 1
1999 3331 1
2000 100 1
2001 100 1
2002 697 1
2003 1558 1
2004 1816 1
2005 2302 1
2006 2893 1
2007 3027 1
2008 2310 1
2009 1560 1
2010 1148 1
2011 801 1
2012 100 1
2013 100 1
2014 3259 1
2015 3782 1
2016 3996 1
2017 4544 1
2018 3696 1
2019 2736 1
2020 1949 1
2021 5156 1
2022 4639 1
2023 4477 1
2024 4467 1
2025 4209 1
2026 3796 1
2027 3304 1
2028 1972 1
2029 3113 1
2030 3939 1
2031 4503 1
2032 4280 1
2033 3817 1
2034 3481 1
2035 3296 1
2036 3961 1
2037 4116 1
2038 4328 1
2039 4861 1
2040 4945 1
2041 5071 1
2042 3076 1
2043 2605 1
2044 1960 1
2045 1649 1
2046 906 1
2047 247 1
2048 100 1
2049 100 1
2050 658 1
2051 1134 1
2052 1879 1
2053 2352 1
2054 2840 1
2055 2918 1
2056 100 1
2057 100 1
2058 835 1
2059 1583 1
2060 2158 1
2061 2637 1
2062 3178 1
2063 3157 1
2064 2876 1
2065 2553 1
2066 2174 1
2067 1472 1
2068 100 1
2069 100 1
2070 3624 1
2071 3906 1
2072 4099 1
2073 4772 1
2074 4438 1
2075 4269 1
2076 3378 1
2077 4623 1
2078 4783 1
2079 5004 1
2080 4912 1
2081 4796 1
2082 4134 1
2083 3665 1
2084 3785 1
2085 4245 1
2086 4789 1
2087 4851 1
2088 4701 1
2089 4188 1
2090 3808 1
2091 3577 1
2092 3787 1
2093 4279 1
2094 4082 1
2095 4468 1
2096 4400 1
2097 4526 1
2098 3439 1
2099 2858 1
2100 2525 1
2101 2188 1
2102 1524 1
2103 289 1
2104 100 1
2105 100 1
2106 701 1
2107 1499 1
2108 2195 1
2109 2614 1
2110 3053 1
2111 3342 1
2112 100 1
2113 100 1
2114 951 1
2115 1737 1
2116 2142 1
2117 2528 1
2118 2988 1
2119 3081 1
2120 2225 1
2121 2109 1
2122 1573 1
2123 938 1
2124 100 1
2125 100 1
2126 3459 1
2127 3780 1
2128 4134 1
2129 4539 1
2130 4784 1
2131 4960 1
2132 5216 1
2133 5022 1
2134 5193 1
2135 4625 1
2136 4685 1
2137 4138 1
2138 3715 1
2139 3342 1
2140 5186 1
2141 5150 1
2142 4586 1
2143 4391 1
2144 4156 1
2145 3363 1
2146 3088 1
2147 3474 1
2148 3803 1
2149 4252 1
2150 4792 1
2151 4961 1
2152 5145 1
2153 5243 1
2154 2658 1
2155 2159 1
2156 2139 1
2157 1794 1
2158 1050 1
2159 206 1
2160 100 1
2161 100 1
2162 100 1
2163 1057 1
2164 1944 1
2165 2351 1
2166 2667 1
2167 2958 1
2168 100 1
2169 324 1
2170 1079 1
2171 1725 1
2172 1604 1
2173 1619 1
2174 1733 1
2175 2451 1
2176 1989 1
2177 1912 1
2178 1754 1
2179 1077 1
2180 432 1
2181 100 1
2182 2666 1
2183 3823 1
2184 4485 1
2185 4673 1
2186 5310 1
2187 5494 1
2188 5553 1
2189 5396 1
2190 5037 1
2191 4787 1
2192 4283 1
2193 3608 1
2194 3225 1
2195 2729 1
2196 5447 1
2197 5447 1
2198 5377 1
2199 4905 1
2200 4388 1
2201 3903 1
2202 3486 1
2203 3014 1
2204 3730 1
2205 4582 1
2206 4794 1
2207 5262 1
2208 5366 1
2209 5502 1
2210 3416 1
2211 2827 1
2212 2522 1
2213 2253 1
2214 1415 1
2215 298 1
2216 100 1
2217 100 1
2218 647 1
2219 1445 1
2220 2106 1
2221 2335 1
2222 2545 1
2223 2936 1
2224 100 1
2225 100 1
2226 100 1
2227 100 1
2228 100 1
2229 100 1
2230 100 1
2231 100 1
2232 100 1
2233 100 1
2234 100 1
2235 100 1
2236 100 1
2237 100 1
2238 100 1
2239 100 1
2240 100 1
2241 100 1
2242 100 1
2243 100 1
2244 100 1
2245 100 1
2246 100 1
2247 100 1
2248 100 1
2249 100 1
2250 100 1
2251 100 1
2252 100 1
2253 100 1
2254 100 1
2255 100 1
2256 100 1
2257 100 1
2258 100 1
2259 100 1
2260 100 1
2261 100 1
2262 100 1
2263 100 1
2264 100 1
2265 100 1
2266 100 1
2267 100 1
2268 100 1
2269 100 1
2270 100 1
2271 100 1
2272 100 1
2273 100 1
2274 100 1
2275 100 1
2276 100 1
2277 100 1
2278 100 1
2279 100 1
2280 100 1
2281 100 1
2282 100 1
2283 100 1
2284 100 1
2285 100 1
2286 100 1
2287 100 1
2288 100 1
2289 100 1
2290 100 1
2291 100 1
2292 100 1
2293 100 1
2294 100 1
2295 100 1
2296 100 1
2297 100 1
2298 100 1
2299 100 1
2300 100 1
2301 100 1
2302 100 1
2303 100 1
2304 100 1
2305 100 1
2306 100 1
2307 100 1
2308 100 1
2309 100 1
2310 100 1
2311 100 1
2312 100 1
2313 100 1
2314 100 1
2315 100 1
2316 100 1
2317 100 1
2318 100 1
2319 100 1
2320 100 1
2321 100 1
2322 100 1
2323 100 1
2324 100 1
2325 100 1
2326 100 1
2327 100 1
2328 100 1
2329 100 1
2330 100 1
2331 100 1
2332 100 1
2333 100 1
2334 100 1
2335 100 1
2336 100 1
2337 563 1
2338 1097 1
2339 1596 1
2340 1767 1
2341 1876 1
2342 2182 1
2343 3066 1
2344 2386 1
2345 2166 1
2346 1947 1
2347 1298 1
2348 838 1
2349 100 1
2350 2884 1
2351 3348 1
2352 3811 1
2353 3948 1
2354 4270 1
2355 4678 1
2356 4952 1
2357 5732 1
2358 5470 1
2359 4689 1
2360 4343 1
2361 4103 1
2362 3854 1
2363 3436 1
2364 4759 1
2365 4949 1
2366 4850 1
2367 3968 1
2368 3669 1
2369 3352 1
2370 2959 1
2371 2013 1
2372 2229 1
2373 2882 1
2374 4248 1
2375 5344 1
2376 5628 1
2377 5456 1
2378 1394 1
2379 1249 1
2380 1124 1
2381 784 1
2382 704 1
2383 161 1
2384 100 1
2385 100 1
2386 924 1
2387 1234 1
2388 1985 1
2389 2193 1
2390 2733 1
2391 2107 1
2392 100 1
2393 100 1
2394 100 1
2395 234 1
2396 608 1
2397 694 1
2398 1020 1
2399 2231 1
2400 1964 1
2401 1957 1
2402 1358 1
2403 1109 1
2404 325 1
2405 100 1
2406 1348 1
2407 1617 1
2408 1894 1
2409 2282 1
2410 2602 1
2411 3168 1
2412 3021 1
2413 4926 1
2414 4606 1
2415 4417 1
2416 4071 1
2417 3853 1
2418 3683 1
2419 2982 1
2420 3124 1
2421 3027 1
2422 3028 1
2423 2476 1
2424 2337 1
2425 1712 1
2426 1679 1
2427 2748 1
2428 2958 1
2429 2835 1
2430 2913 1
2431 3778 1
2432 4646 1
2433 5001 1
2434 1685 1
2435 964 1
2436 904 1
2437 630 1
2438 538 1
2439 100 1
2440 100 1
2441 100 1
2442 1053 1
2443 1610 1
2444 1815 1
2445 2120 1
2446 2590 1
2447 2949 1
2448 100 1
2449 217 1
2450 1006 1
2451 1791 1
2452 2139 1
2453 2519 1
2454 2798 1
2455 1866 1
2456 1424 1
2457 1342 1
2458 839 1
2459 634 1
2460 100 1
2461 100 1
2462 3183 1
2463 3520 1
2464 3639 1
2465 4340 1
2466 4608 1
2467 4916 1
2468 4979 1
2469 4435 1
2470 4353 1
2471 3741 1
2472 3397 1
2473 2663 1
2474 2317 1
2475 2185 1
2476 4850 1
2477 4839 1
2478 4531 1
2479 4279 1
2480 3943 1
2481 3371 1
2482 3155 1
2483 2247 1
2484 2629 1
2485 3366 1
2486 3673 1
2487 3964 1
2488 4285 1
2489 4400 1
2490 2317 1
2491 1848 1
2492 1687 1
2493 1431 1
2494 874 1
2495 664 1
2496 100 1
2497 100 1
2498 100 1
2499 640 1
2500 766 1
2501 1296 1
2502 1435 1
2503 2084 1
2504 100 1
2505 269 1
2506 1123 1
2507 2151 1
2508 2517 1
2509 2931 1
2510 3440 1
2511 3142 1
2512 2455 1
2513 1885 1
2514 1252 1
2515 600 1
2516 254 1
2517 131 1
2518 3716 1
2519 4169 1
2520 4275 1
2521 4743 1
2522 4862 1
2523 5018 1
2524 5185 1
2525 5266 1
2526 5262 1
2527 4997 1
2528 4473 1
2529 4436 1
2530 4048 1
2531 3635 1
2532 5082 1
2533 5570 1
2534 5032 1
2535 4777 1
2536 4356 1
2537 4271 1
2538 3804 1
2539 3639 1
2540 4089 1
2541 4149 1
2542 4936 1
2543 5231 1
2544 5383 1
2545 5467 1
2546 3476 1
2547 3056 1
2548 2689 1
2549 2306 1
2550 1579 1
2551 1002 1
2552 100 1
2553 292 1
2554 745 1
2555 1336 1
2556 2174 1
2557 2688 1
2558 2851 1
2559 3330 1
2560 100 1
2561 544 1
2562 1173 1
2563 2064 1
2564 2530 1
2565 2670 1
2566 3339 1
2567 100 1
2568 100 1
2569 100 1
2570 100 1
2571 100 1
2572 100 1
2573 100 1
2574 3555 1
2575 3766 1
2576 4356 1
2577 4547 1
2578 4850 1
2579 5246 1
2580 5044 1
2581 5230 1
2582 5187 1
2583 4760 1
2584 4502 1
2585 3916 1
2586 3462 1
2587 2684 1
2588 3040 1
2589 2867 1
2590 2822 1
2591 2424 1
2592 2258 1
2593 2301 1
2594 1904 1
2595 3121 1
2596 3459 1
2597 4096 1
2598 4514 1
2599 4738 1
2600 5104 1
2601 4892 1
2602 3370 1
2603 2941 1
2604 2424 1
2605 2081 1
2606 1222 1
2607 679 1
2608 100 1
2609 100 1
2610 406 1
2611 702 1
2612 1924 1
2613 2204 1
2614 2488 1
2615 2898 1
2616 195 1
2617 602 1
2618 1194 1
2619 2079 1
2620 2429 1
2621 2560 1
2622 2971 1
2623 3237 1
2624 2699 1
2625 2428 1
2626 1818 1
2627 1158 1
2628 320 1
2629 100 1
2630 3441 1
2631 3762 1
2632 4132 1
2633 4614 1
2634 4692 1
2635 4835 1
2636 4587 1
2637 5405 1
2638 5301 1
2639 5076 1
2640 4556 1
2641 4097 1
2642 3885 1
2643 3538 1
2644 4137 1
2645 4073 1
2646 4039 1
2647 3777 1
2648 3512 1
2649 3174 1
2650 3116 1
2651 2943 1
2652 2917 1
2653 2741 1
2654 2821 1
2655 3573 1
2656 4414 1
2657 4987 1
2658 100 1
2659 100 1
2660 100 1
2661 100 1
2662 100 1
2663 100 1
2664 100 1
2665 100 1
2666 1047 1
2667 1596 1
2668 2037 1
2669 2512 1
2670 2722 1
2671 3105 1
2672 100 1
2673 290 1
2674 959 1
2675 1397 1
2676 2081 1
2677 2548 1
2678 2857 1
2679 2994 1
2680 2656 1
2681 2202 1
2682 1867 1
2683 1153 1
2684 305 1
2685 100 1
2686 1675 1
2687 1725 1
2688 2259 1
2689 2595 1
2690 3158 1
2691 3205 1
2692 3203 1
2693 5365 1
2694 4598 1
2695 3804 1
2696 3017 1
2697 2692 1
2698 2993 1
2699 3230 1
2700 100 1
2701 100 1
2702 100 1
2703 100 1
2704 100 1
2705 100 1
2706 100 1
2707 3626 1
2708 3656 1
2709 4038 1
2710 4616 1
2711 5039 1
2712 5285 1
2713 5360 1
2714 2656 1
2715 2288 1
2716 2017 1
2717 1575 1
2718 660 1
2719 100 1
2720 100 1
2721 100 1
2722 100 1
2723 100 1
2724 100 1
2725 100 1
2726 100 1
2727 100 1
2728 100 1
2729 882 1
2730 1373 1
2731 2170 1
2732 2513 1
2733 2768 1
2734 2993 1
2735 1562 1
2736 1390 1
2737 1265 1
2738 1032 1
2739 428 1
2740 313 1
2741 100 1
2742 3545 1
2743 3565 1
2744 3486 1
2745 4078 1
2746 4230 1
2747 4158 1
2748 4271 1
2749 100 1
2750 100 1
2751 100 1
2752 100 1
2753 100 1
2754 100 1
2755 100 1
2756 3926 1
2757 4442 1
2758 4654 1
2759 4709 1
2760 4477 1
2761 3916 1
2762 3000 1
2763 3760 1
2764 4339 1
2765 4929 1
2766 4991 1
2767 5296 1
2768 5415 1
2769 5192 1
2770 2609 1
2771 2275 1
2772 2029 1
2773 1844 1
2774 1132 1
2775 317 1
2776 100 1
2777 100 1
2778 500 1
2779 1023 1
2780 2098 1
2781 2426 1
2782 2768 1
2783 3317 1
2784 100 1
2785 100 1
2786 971 1
2787 1625 1
2788 1891 1
2789 2465 1
2790 2721 1
2791 3195 1
2792 2618 1
2793 2325 1
2794 1922 1
2795 1176 1
2796 288 1
2797 100 1
2798 3021 1
2799 3087 1
2800 3694 1
2801 3815 1
2802 4481 1
2803 4826 1
2804 4794 1
2805 5512 1
2806 5251 1
2807 5066 1
2808 4889 1
2809 4268 1
2810 3718 1
2811 3176 1
2812 4732 1
2813 4701 1
2814 4457 1
2815 4230 1
2816 3769 1
2817 3270 1
2818 2923 1
2819 3303 1
2820 3770 1
2821 4329 1
2822 4640 1
2823 4991 1
2824 5202 1
2825 5498 1
2826 2644 1
2827 2273 1
2828 1910 1
2829 1400 1
2830 773 1
2831 284 1
2832 100 1
2833 100 1
2834 284 1
2835 947 1
2836 1954 1
2837 2160 1
2838 1686 1
2839 2903 1
2840 100 1
2841 650 1
2842 1199 1
2843 1982 1
2844 2376 1
2845 2720 1
2846 3152 1
2847 3176 1
2848 2705 1
2849 2372 1
2850 2033 1
2851 1239 1
2852 751 1
2853 100 1
2854 3621 1
2855 3863 1
2856 4419 1
2857 4468 1
2858 4772 1
2859 4960 1
2860 4989 1
2861 5291 1
2862 4953 1
2863 4677 1
2864 4454 1
2865 4350 1
2866 3867 1
2867 3554 1
2868 5570 1
2869 5144 1
2870 4991 1
2871 4952 1
2872 4305 1
2873 3995 1
2874 3770 1
2875 2942 1
2876 3766 1
2877 4163 1
2878 4116 1
2879 4799 1
2880 4920 1
2881 5166 1
2882 3169 1
2883 2722 1
2884 2408 1
2885 2180 1
2886 1470 1
2887 961 1
2888 276 1
2889 100 1
2890 628 1
2891 1104 1
2892 1898 1
2893 2107 1
2894 2325 1
2895 2738 1
2896 100 1
2897 322 1
2898 1168 1
2899 1910 1
2900 2073 1
2901 2805 1
2902 3251 1
2903 2989 1
2904 2532 1
2905 2279 1
2906 1868 1
2907 1063 1
2908 333 1
2909 100 1
2910 3674 1
2911 3981 1
2912 4141 1
2913 4542 1
2914 4862 1
2915 5163 1
2916 5158 1
2917 5095 1
2918 5044 1
2919 4824 1
2920 4635 1
2921 4038 1
2922 3774 1
2923 3111 1
2924 5313 1
2925 4896 1
2926 4696 1
2927 4506 1
2928 4122 1
2929 3447 1
2930 3005 1
2931 100 1
2932 100 1
2933 100 1
2934 100 1
2935 100 1
2936 100 1
2937 100 1
2938 2735 1
2939 2528 1
2940 2360 1
2941 1835 1
2942 1182 1
2943 625 1
2944 100 1
2945 100 1
2946 688 1
2947 1139 1
2948 1973 1
2949 2393 1
2950 2511 1
2951 2940 1
2952 100 1
2953 611 1
2954 1204 1
2955 1948 1
2956 1996 1
2957 2580 1
2958 2832 1
2959 2841 1
2960 2499 1
2961 2226 1
2962 1683 1
2963 1174 1
2964 125 1
2965 100 1
2966 3387 1
2967 3741 1
2968 4081 1
2969 4315 1
2970 4710 1
2971 4910 1
2972 5079 1
2973 5064 1
2974 4977 1
2975 4453 1
2976 4230 1
2977 3694 1
2978 3466 1
2979 3194 1
2980 4932 1
2981 5137 1
2982 4966 1
2983 4677 1
2984 4519 1
2985 3963 1
2986 3606 1
2987 3121 1
2988 3329 1
2989 4083 1
2990 4459 1
2991 4993 1
2992 5146 1
2993 5088 1
2994 3221 1
2995 2957 1
2996 2552 1
2997 2132 1
2998 1351 1
2999 580 1
3000 100 1
3001 100 1
3002 284 1
3003 1032 1
3004 1639 1
3005 1863 1
3006 2393 1
3007 2867 1
3008 100 1
3009 100 1
3010 980 1
3011 1852 1
3012 2353 1
3013 2472 1
3014 2507 1
3015 2417 1
3016 2322 1
3017 2198 1
3018 1761 1
3019 1030 1
3020 503 1
3021 100 1
3022 2607 1
3023 3231 1
3024 3729 1
3025 4152 1
3026 3994 1
3027 4483 1
3028 4765 1
3029 5161 1
3030 5084 1
3031 4833 1
3032 4578 1
3033 4101 1
3034 3449 1
3035 2869 1
3036 4709 1
3037 4437 1
3038 4230 1
3039 3948 1
3040 3937 1
3041 3344 1
3042 3094 1
3043 2895 1
3044 3181 1
3045 3633 1
3046 3639 1
3047 4059 1
3048 4194 1
3049 4414 1
3050 3195 1
3051 110 1
3052 2375 1
3053 1817 1
3054 1159 1
3055 609 1
3056 100 1
3057 100 1
3058 799 1
3059 1071 1
3060 1821 1
3061 2148 1
3062 2447 1
3063 2735 1
3064 100 1
3065 100 1
3066 672 1
3067 1258 1
3068 1713 1
3069 2015 1
3070 2120 1
3071 2393 1
3072 2135 1
3073 2047 1
3074 1672 1
3075 1064 1
3076 100 1
3077 100 1
3078 2519 1
3079 2855 1
3080 3032 1
3081 3507 1
3082 3602 1
3083 3755 1
3084 4260 1
3085 100 1
3086 100 1
3087 100 1
3088 100 1
3089 100 1
3090 100 1
3091 100 1
3092 4167 1
3093 3963 1
3094 3799 1
3095 3340 1
3096 3217 1
3097 3137 1
3098 2858 1
3099 3213 1
3100 3541 1
3101 3485 1
3102 4258 1
3103 4609 1
3104 4629 1
3105 4983 1
3106 2556 1
3107 2194 1
3108 2053 1
3109 1448 1
3110 790 1
3111 278 1
3112 197 1
3113 192 1
3114 307 1
3115 1054 1
3116 1964 1
3117 2416 1
3118 2872 1
3119 3143 1
3120 924 1
3121 1240 1
3122 1383 1
3123 1613 1
3124 1693 1
3125 1803 1
3126 1985 1
3127 1099 1
3128 998 1
3129 910 1
3130 842 1
3131 754 1
3132 626 1
3133 500 1
3134 1874 1
3135 1544 1
3136 1377 1
3137 1397 1
3138 1924 1
3139 2951 1
3140 3215 1
3141 1854 1
3142 1904 1
3143 1751 1
3144 1546 1
3145 1628 1
3146 1313 1
3147 1310 1
3148 3268 1
3149 3253 1
3150 3030 1
3151 2938 1
3152 2548 1
3153 2305 1
3154 2224 1
3155 1526 1
3156 1610 1
3157 1646 1
3158 1816 1
3159 2019 1
3160 1807 1
3161 1974 1
3162 2102 1
3163 1746 1
3164 1567 1
3165 1383 1
3166 1145 1
3167 1187 1
3168 381 1
3169 415 1
3170 730 1
3171 810 1
3172 774 1
3173 1035 1
3174 1089 1
3175 1165 1
3176 1338 1
3177 1350 1
3178 1612 1
3179 1812 1
3180 1891 1
3181 2280 1
3182 2284 1
3183 2299 1
3184 1864 1
3185 1921 1
3186 1663 1
3187 1581 1
3188 1414 1
3189 1312 1
3190 2666 1
3191 3140 1
3192 3241 1
3193 3379 1
3194 3402 1
3195 3547 1
3196 3667 1
3197 3074 1
3198 3015 1
3199 2829 1
3200 2667 1
3201 2801 1
3202 2426 1
3203 2301 1
3204 3673 1
3205 3720 1
3206 3506 1
3207 3362 1
3208 3142 1
3209 2968 1
3210 2692 1
3211 2624 1
3212 2711 1
3213 3239 1
3214 3370 1
3215 3553 1
3216 3502 1
3217 3475 1
3218 2429 1
3219 2184 1
3220 1902 1
3221 1695 1
3222 1175 1
3223 968 1
3224 918 1
3225 779 1
3226 1184 1
3227 100 1
3228 1586 1
3229 100 1
3230 1860 1
3231 2005 1
3232 1100 1
3233 1377 1
3234 1544 1
3235 1829 1
3236 2145 1
3237 2171 1
3238 2513 1
3239 2356 1
3240 2071 1
3241 1788 1
3242 1654 1
3243 1446 1
3244 1327 1
3245 1106 1
3246 2722 1
3247 3088 1
3248 3161 1
3249 3455 1
3250 3430 1
3251 3528 1
3252 3672 1
3253 3552 1
3254 3401 1
3255 3332 1
3256 3101 1
3257 3014 1
3258 2884 1
3259 2557 1
3260 3745 1
3261 3425 1
3262 3423 1
3263 3189 1
3264 2860 1
3265 2581 1
3266 2503 1
3267 1599 1
3268 1828 1
3269 2062 1
3270 2233 1
3271 2377 1
3272 2515 1
3273 2609 1
3274 1768 1
3275 1506 1
3276 1466 1
3277 1384 1
3278 1161 1
3279 996 1
3280 814 1
3281 262 1
3282 618 1
3283 833 1
3284 1107 1
3285 1393 1
3286 1449 1
3287 1730 1
3288 1311 1
3289 1484 1
3290 1601 1
3291 1754 1
3292 2107 1
3293 2321 1
3294 2538 1
3295 1967 1
3296 1802 1
3297 1591 1
3298 1394 1
3299 1271 1
3300 1158 1
3301 672 1
3302 2755 1
3303 2875 1
3304 3073 1
3305 3317 1
3306 3366 1
3307 3599 1
3308 3589 1
3309 2850 1
3310 2690 1
3311 2663 1
3312 2633 1
3313 2239 1
3314 2108 1
3315 1914 1
3316 3508 1
3317 3618 1
3318 3462 1
3319 3318 1
3320 3038 1
3321 2555 1
3322 2213 1
3323 1539 1
3324 2179 1
3325 2394 1
3326 2945 1
3327 3135 1
3328 3004 1
3329 3220 1
3330 1967 1
3331 1370 1
3332 1672 1
3333 1595 1
3334 1561 1
3335 1415 1
3336 1240 1
3337 644 1
3338 767 1
3339 964 1
3340 1186 1
3341 1191 1
3342 1293 1
3343 1230 1
3344 1104 1
3345 1158 1
3346 1378 1
3347 1680 1
3348 1805 1
3349 2062 1
3350 2398 1
3351 2292 1
3352 2185 1
3353 1850 1
3354 1602 1
3355 1552 1
3356 1425 1
3357 1156 1
3358 1831 1
3359 1924 1
3360 2063 1
3361 2276 1
3362 2373 1
3363 2461 1
3364 2529 1
3365 1760 1
3366 1969 1
3367 2508 1
3368 2904 1
3369 2770 1
3370 2615 1
3371 2430 1
3372 3253 1
3373 3011 1
3374 2553 1
3375 2151 1
3376 1910 1
3377 1711 1
3378 1812 1
3379 1801 1
3380 1798 1
3381 1986 1
3382 2256 1
3383 2018 1
3384 1988 1
3385 1696 1
3386 1831 1
3387 1817 1
3388 1497 1
3389 1316 1
3390 1012 1
3391 761 1
3392 617 1
3393 896 1
3394 1072 1
3395 1178 1
3396 1303 1
3397 1566 1
3398 1742 1
3399 1797 1
3400 1139 1
3401 1456 1
3402 1419 1
3403 1723 1
3404 2058 1
3405 2052 1
3406 2281 1
3407 2257 1
3408 2080 1
3409 1870 1
3410 1672 1
3411 1523 1
3412 1434 1
3413 1106 1
3414 2634 1
3415 2816 1
3416 2836 1
3417 2817 1
3418 2480 1
3419 1864 1
3420 1836 1
3421 3546 1
3422 3415 1
3423 3365 1
3424 3069 1
3425 3078 1
3426 2755 1
3427 2688 1
3428 1746 1
3429 2100 1
3430 2662 1
3431 2997 1
3432 3028 1
3433 2550 1
3434 2573 1
3435 2158 1
3436 2637 1
3437 2601 1
3438 2953 1
3439 2970 1
3440 3240 1
3441 3481 1
3442 2098 1
3443 2148 1
3444 1661 1
3445 1161 1
3446 1024 1
3447 818 1
3448 575 1
3449 550 1
3450 856 1
3451 1157 1
3452 1440 1
3453 1584 1
3454 1531 1
3455 1642 1
3456 997 1
3457 1185 1
3458 1409 1
3459 1497 1
3460 1706 1
3461 2029 1
3462 2276 1
3463 1877 1
3464 1738 1
3465 1422 1
3466 1280 1
3467 1111 1
3468 1020 1
3469 730 1
3470 2405 1
3471 2729 1
3472 2816 1
3473 3070 1
3474 3019 1
3475 3226 1
3476 3376 1
3477 2836 1
3478 2748 1
3479 2270 1
3480 2268 1
3481 2084 1
3482 2144 1
3483 2022 1
3484 3282 1
3485 3273 1
3486 2952 1
3487 2762 1
3488 2421 1
3489 2450 1
3490 2398 1
3491 1520 1
3492 1256 1
3493 1220 1
3494 1547 1
3495 2014 1
3496 1301 1
3497 2736 1
3498 2229 1
3499 1948 1
3500 1825 1
3501 1465 1
3502 1409 1
3503 1318 1
3504 1186 1
3505 536 1
3506 804 1
3507 832 1
3508 1162 1
3509 1422 1
3510 1675 1
3511 1727 1
3512 1242 1
3513 1263 1
3514 1607 1
3515 1760 1
3516 2049 1
3517 2244 1
3518 2404 1
3519 2011 1
3520 2079 1
3521 2108 1
3522 1766 1
3523 1569 1
3524 1529 1
3525 1183 1
3526 100 1
3527 100 1
3528 100 1
3529 100 1
3530 100 1
3531 100 1
3532 100 1
3533 3415 1
3534 3514 1
3535 3140 1
3536 3045 1
3537 2605 1
3538 1786 1
3539 2531 1
3540 3339 1
3541 3330 1
3542 3169 1
3543 3206 1
3544 3034 1
3545 2804 1
3546 2622 1
3547 2521 1
3548 2823 1
3549 3077 1
3550 3096 1
3551 3312 1
3552 3383 1
3553 3618 1
3554 2457 1
3555 2266 1
3556 1949 1
3557 1745 1
3558 1623 1
3559 1489 1
3560 1160 1
3561 1128 1
3562 1453 1
3563 1615 1
3564 1715 1
3565 1876 1
3566 2144 1
3567 2497 1
3568 865 1
3569 1112 1
3570 1267 1
3571 1418 1
3572 1648 1
3573 1964 1
3574 2206 1
3575 2245 1
3576 2048 1
3577 1876 1
3578 1456 1
3579 1306 1
3580 1121 1
3581 1011 1
3582 2343 1
3583 2405 1
3584 2622 1
3585 2715 1
3586 3019 1
3587 3305 1
3588 3475 1
3589 3539 1
3590 3657 1
3591 3377 1
3592 3323 1
3593 3237 1
3594 3092 1
3595 2816 1
3596 3254 1
3597 3004 1
3598 3050 1
3599 2728 1
3600 2377 1
3601 2289 1
3602 1916 1
3603 1996 1
3604 2143 1
3605 2439 1
3606 2746 1
3607 2746 1
3608 2900 1
3609 2950 1
3610 1722 1
3611 1482 1
3612 1590 1
3613 926 1
3614 991 1
3615 942 1
3616 847 1
3617 804 1
3618 843 1
3619 1091 1
3620 1122 1
3621 1622 1
3622 1415 1
3623 1635 1
3624 1003 1
3625 1334 1
3626 1397 1
3627 1592 1
3628 1803 1
3629 2057 1
3630 2240 1
3631 1976 1
3632 1859 1
3633 1522 1
3634 1322 1
3635 494 1
3636 826 1
3637 602 1
3638 2344 1
3639 2523 1
3640 2690 1
3641 2695 1
3642 2633 1
3643 2370 1
3644 2336 1
3645 2396 1
3646 2408 1
3647 2900 1
3648 2634 1
3649 2635 1
3650 2482 1
3651 2302 1
3652 2244 1
3653 2245 1
3654 2588 1
3655 2785 1
3656 2533 1
3657 2448 1
3658 2466 1
3659 2019 1
3660 2501 1
3661 2594 1
3662 2797 1
3663 2787 1
3664 2627 1
3665 2304 1
3666 2068 1
3667 1922 1
3668 1940 1
3669 1734 1
3670 1391 1
3671 1383 1
3672 1206 1
3673 1145 1
3674 1334 1
3675 1557 1
3676 1645 1
3677 1750 1
3678 1878 1
3679 1938 1
3680 919 1
3681 1080 1
3682 1117 1
3683 1395 1
3684 1471 1
3685 1772 1
3686 1961 1
3687 1929 1
3688 1857 1
3689 1598 1
3690 1485 1
3691 1297 1
3692 1137 1
3693 1021 1
3694 2179 1
3695 2240 1
3696 2662 1
3697 2682 1
3698 2824 1
3699 3067 1
3700 3327 1
3701 3185 1
3702 3080 1
3703 2671 1
3704 2683 1
3705 2321 1
3706 2293 1
3707 2129 1
3708 3129 1
3709 2983 1
3710 2851 1
3711 2730 1
3712 2667 1
3713 2313 1
3714 1977 1
3715 1625 1
3716 2112 1
3717 2256 1
3718 2075 1
3719 2611 1
3720 3055 1
3721 3150 1
3722 2000 1
3723 1439 1
3724 1318 1
3725 1174 1
3726 1097 1
3727 1138 1
3728 951 1
3729 953 1
3730 1106 1
3731 1240 1
3732 1192 1
3733 1257 1
3734 1360 1
3735 1458 1
3736 863 1
3737 880 1
3738 1177 1
3739 100 1
3740 1607 1
3741 1706 1
3742 1700 1
3743 1904 1
3744 1551 1
3745 1456 1
3746 1187 1
3747 1116 1
3748 1100 1
3749 1078 1
3750 1814 1
3751 2336 1
3752 2284 1
3753 2402 1
3754 2758 1
3755 2849 1
3756 2806 1
3757 2959 1
3758 3022 1
3759 2853 1
3760 2713 1
3761 2413 1
3762 2447 1
3763 2094 1
3764 2409 1
3765 2250 1
3766 2202 1
3767 2564 1
3768 2553 1
3769 2405 1
3770 2112 1
3771 2568 1
3772 2617 1
3773 2829 1
3774 2893 1
3775 2947 1
3776 3117 1
3777 2797 1
3778 2036 1
3779 1619 1
3780 1206 1
3781 895 1
3782 801 1
3783 627 1
3784 973 1
3785 1093 1
3786 1239 1
3787 1404 1
3788 1522 1
3789 1752 1
3790 1976 1
3791 2287 1
3792 887 1
3793 1009 1
3794 1225 1
3795 1549 1
3796 1710 1
3797 1529 1
3798 1954 1
3799 2041 1
3800 1919 1
3801 1743 1
3802 1602 1
3803 1420 1
3804 1223 1
3805 1000 1
3806 2508 1
3807 2681 1
3808 2763 1
3809 2880 1
3810 3242 1
3811 3177 1
3812 3177 1
3813 2914 1
3814 2748 1
3815 2675 1
3816 2603 1
3817 2621 1
3818 2453 1
3819 2082 1
3820 3150 1
3821 3072 1
3822 2835 1
3823 2870 1
3824 2834 1
3825 2473 1
3826 2474 1
3827 2137 1
3828 2349 1
3829 2428 1
3830 2519 1
3831 2541 1
3832 2692 1
3833 2575 1
3834 2238 1
3835 1900 1
3836 1772 1
3837 1430 1
3838 1360 1
3839 1232 1
3840 1142 1
3841 458 1
3842 398 1
3843 100 1
3844 106 1
3845 578 1
3846 1125 1
3847 1835 1
3848 1171 1
3849 1444 1
3850 1545 1
3851 1590 1
3852 1827 1
3853 1959 1
3854 2250 1
3855 1982 1
3856 1686 1
3857 1688 1
3858 1526 1
3859 1424 1
3860 1142 1
3861 1117 1
3862 2454 1
3863 2819 1
3864 2878 1
3865 3100 1
3866 2970 1
3867 2808 1
3868 3036 1
3869 3134 1
3870 3194 1
3871 3142 1
3872 2897 1
3873 2700 1
3874 2653 1
3875 2391 1
3876 3012 1
3877 2834 1
3878 2569 1
3879 2476 1
3880 2428 1
3881 2352 1
3882 2019 1
3883 2223 1
3884 2415 1
3885 2741 1
3886 2975 1
3887 3011 1
3888 3212 1
3889 3365 1
3890 2010 1
3891 1913 1
3892 1730 1
3893 1727 1
3894 1595 1
3895 1324 1
3896 1263 1
3897 869 1
3898 1097 1
3899 1355 1
3900 1466 1
3901 1802 1
3902 1951 1
3903 2231 1
3904 340 1
3905 358 1
3906 530 1
3907 534 1
3908 532 1
3909 559 1
3910 825 1
3911 1979 1
3912 1660 1
3913 1530 1
3914 1357 1
3915 1323 1
3916 1098 1
3917 1030 1
3918 916 1
3919 1290 1
3920 1465 1
3921 1683 1
3922 1815 1
3923 1927 1
3924 1974 1
3925 2717 1
3926 2478 1
3927 2569 1
3928 2754 1
3929 2454 1
3930 2377 1
3931 2254 1
3932 2111 1
3933 1868 1
3934 1829 1
3935 1552 1
3936 1222 1
3937 951 1
3938 1006 1
3939 1872 1
3940 2106 1
3941 2429 1
3942 2635 1
3943 2599 1
3944 2642 1
3945 2710 1
3946 669 1
3947 653 1
3948 356 1
3949 431 1
3950 372 1
3951 100 1
3952 100 1
3953 717 1
3954 751 1
3955 1009 1
3956 1270 1
3957 1233 1
3958 1760 1
3959 1758 1
3960 938 1
3961 847 1
3962 1193 1
3963 1291 1
3964 1558 1
3965 1590 1
3966 1974 1
3967 1180 1
3968 944 1
3969 911 1
3970 918 1
3971 617 1
3972 512 1
3973 538 1
3974 1876 1
3975 2427 1
3976 2593 1
3977 2542 1
3978 2317 1
3979 2418 1
3980 2402 1
3981 2058 1
3982 1780 1
3983 1564 1
3984 1633 1
3985 1554 1
3986 1632 1
3987 1152 1
3988 2839 1
3989 2861 1
3990 2811 1
3991 2398 1
3992 2264 1
3993 2140 1
3994 1962 1
3995 1133 1
3996 1272 1
3997 1692 1
3998 1788 1
3999 1986 1
4000 2357 1
4001 2210 1
4002 1741 1
4003 1608 1
4004 1324 1
4005 1257 1
4006 1005 1
4007 969 1
4008 686 1
4009 236 1
4010 444 1
4011 487 1
4012 469 1
4013 758 1
4014 881 1
4015 705 1
4016 1072 1
4017 1246 1
4018 1271 1
4019 1514 1
4020 1660 1
4021 1841 1
4022 2095 1
4023 2052 1
4024 1936 1
4025 1642 1
4026 1388 1
4027 1367 1
4028 1049 1
4029 1001 1
4030 2286 1
4031 2467 1
4032 2741 1
4033 2731 1
4034 2920 1
4035 2838 1
4036 2916 1
4037 3112 1
4038 3084 1
4039 3025 1
4040 2874 1
4041 2535 1
4042 2610 1
4043 2200 1
4044 2995 1
4045 2989 1
4046 2641 1
4047 2481 1
4048 2363 1
4049 2024 1
4050 1820 1
4051 2074 1
4052 2199 1
4053 2494 1
4054 2637 1
4055 2783 1
4056 1958 1
4057 3148 1
4058 1921 1
4059 1617 1
4060 1297 1
4061 1375 1
4062 1391 1
4063 1316 1
4064 1172 1
4065 904 1
4066 1212 1
4067 1273 1
4068 1476 1
4069 1656 1
4070 1742 1
4071 1960 1
4072 677 1
4073 1025 1
4074 1355 1
4075 1443 1
4076 1630 1
4077 2142 1
4078 1946 1
4079 2407 1
4080 2377 1
4081 1954 1
4082 1661 1
4083 1566 1
4084 1455 1
4085 1214 1
4086 1986 1
4087 2342 1
4088 2544 1
4089 2728 1
4090 2647 1
4091 2722 1
4092 2833 1
4093 3346 1
4094 3268 1
4095 3026 1
4096 3014 1
4097 3079 1
4098 2797 1
4099 2672 1
4100 3051 1
4101 2733 1
4102 2690 1
4103 2592 1
4104 2332 1
4105 2091 1
4106 1949 1
4107 1122 1
4108 815 1
4109 712 1
4110 770 1
4111 1721 1
4112 2603 1
4113 3152 1
4114 1797 1
4115 1400 1
4116 1395 1
4117 999 1
4118 1069 1
4119 979 1
4120 833 1
4121 1415 1
4122 1494 1
4123 1468 1
4124 1248 1
4125 1342 1
4126 1455 1
4127 1525 1
4128 925 1
4129 1191 1
4130 1290 1
4131 1233 1
4132 1632 1
4133 1690 1
4134 1998 1
4135 1989 1
4136 1751 1
4137 1665 1
4138 1464 1
4139 1289 1
4140 1120 1
4141 924 1
4142 2214 1
4143 2280 1
4144 100 1
4145 2525 1
4146 2807 1
4147 2822 1
4148 2952 1
4149 2804 1
4150 2690 1
4151 2536 1
4152 2561 1
4153 2433 1
4154 2304 1
4155 2164 1
4156 2969 1
4157 2653 1
4158 2447 1
4159 2224 1
4160 2022 1
4161 1935 1
4162 1887 1
4163 1720 1
4164 2114 1
4165 2301 1
4166 2606 1
4167 2634 1
4168 2731 1
4169 2848 1
4170 1836 1
4171 1655 1
4172 1478 1
4173 1256 1
4174 1259 1
4175 1133 1
4176 1032 1
4177 898 1
4178 1039 1
4179 927 1
4180 1015 1
4181 1052 1
4182 1274 1
4183 1435 1
4184 940 1
4185 1273 1
4186 1393 1
4187 1513 1
4188 1600 1
4189 1643 1
4190 1956 1
4191 1844 1
4192 1771 1
4193 1549 1
4194 1468 1
4195 1372 1
4196 1174 1
4197 1251 1
4198 1974 1
4199 2082 1
4200 2514 1
4201 2413 1
4202 2553 1
4203 2570 1
4204 2611 1
4205 2955 1
4206 2914 1
4207 2877 1
4208 2774 1
4209 2701 1
4210 2442 1
4211 2236 1
4212 1672 1
4213 1684 1
4214 1727 1
4215 1691 1
4216 1417 1
4217 1307 1
4218 1010 1
4219 1358 1
4220 1942 1
4221 2060 1
4222 2353 1
4223 2658 1
4224 2873 1
4225 2920 1
4226 1003 1
4227 601 1
4228 997 1
4229 897 1
4230 938 1
4231 1005 1
4232 839 1
4233 1069 1
4234 1266 1
4235 825 1
4236 594 1
4237 573 1
4238 610 1
4239 876 1
4240 919 1
4241 1037 1
4242 1221 1
4243 1346 1
4244 1617 1
4245 1673 1
4246 1740 1
4247 1897 1
4248 1517 1
4249 1483 1
4250 1398 1
4251 1002 1
4252 1041 1
4253 918 1
4254 1973 1
4255 2217 1
4256 2381 1
4257 2484 1
4258 2492 1
4259 2463 1
4260 2521 1
4261 2365 1
4262 2519 1
4263 2422 1
4264 2478 1
4265 2370 1
4266 2123 1
4267 1962 1
4268 2692 1
4269 2920 1
4270 2694 1
4271 2416 1
4272 2235 1
4273 2202 1
4274 1911 1
4275 2118 1
4276 2383 1
4277 2465 1
4278 2696 1
4279 2677 1
4280 2755 1
4281 2692 1
4282 1555 1
4283 1388 1
4284 1268 1
4285 1001 1
4286 1012 1
4287 914 1
4288 762 1
4289 1023 1
4290 1172 1
4291 1279 1
4292 1225 1
4293 1608 1
4294 1902 1
4295 2118 1
4296 1140 1
4297 1222 1
4298 1364 1
4299 1667 1
4300 1841 1
4301 1929 1
4302 2140 1
4303 2291 1
4304 2085 1
4305 1803 1
4306 1590 1
4307 1484 1
4308 1260 1
4309 1093 1
4310 2480 1
4311 2493 1
4312 2678 1
4313 2917 1
4314 2926 1
4315 3144 1
4316 3213 1
4317 3148 1
4318 3083 1
4319 2944 1
4320 3110 1
4321 2578 1
4322 2437 1
4323 2464 1
4324 3017 1
4325 3121 1
4326 3184 1
4327 3069 1
4328 2864 1
4329 2395 1
4330 2343 1
4331 2350 1
4332 2482 1
4333 2605 1
4334 2695 1
4335 3156 1
4336 3067 1
4337 2820 1
4338 2081 1
4339 1975 1
4340 1768 1
4341 1720 1
4342 1380 1
4343 1219 1
4344 1159 1
4345 1266 1
4346 1227 1
4347 1302 1
4348 1625 1
4349 1889 1
4350 2034 1
4351 2314 1
4352 692 1
4353 1041 1
4354 1184 1
4355 1609 1
4356 1991 1
4357 2067 1
4358 2408 1
4359 1920 1
4360 1820 1
4361 1575 1
4362 1269 1
4363 1104 1
4364 996 1
4365 894 1
4366 2453 1
4367 2789 1
4368 2903 1
4369 3169 1
4370 3014 1
4371 3159 1
4372 3123 1
4373 2925 1
4374 2973 1
4375 2892 1
4376 2586 1
4377 2727 1
4378 2449 1
4379 2286 1
4380 3194 1
4381 3238 1
4382 2908 1
4383 2744 1
4384 2622 1
4385 2564 1
4386 2651 1
4387 1834 1
4388 2099 1
4389 2335 1
4390 2580 1
4391 2637 1
4392 2776 1
4393 2678 1
4394 1283 1
4395 1032 1
4396 1039 1
4397 786 1
4398 744 1
4399 696 1
4400 647 1
4401 1047 1
4402 1239 1
4403 1455 1
4404 1529 1
4405 1699 1
4406 1864 1
4407 1912 1
4408 100 1
4409 544 1
4410 1111 1
4411 1551 1
4412 1801 1
4413 1875 1
4414 2174 1
4415 1865 1
4416 1363 1
4417 1183 1
4418 998 1
4419 889 1
4420 565 1
4421 100 1
4422 100 1
4423 100 1
4424 100 1
4425 100 1
4426 100 1
4427 100 1
4428 100 1
4429 2958 1
4430 2632 1
4431 2731 1
4432 2401 1
4433 2245 1
4434 2066 1
4435 1625 1
4436 3095 1
4437 3003 1
4438 3037 1
4439 2881 1
4440 2520 1
4441 2415 1
4442 2308 1
4443 1866 1
4444 2218 1
4445 2361 1
4446 2527 1
4447 2616 1
4448 2660 1
4449 2957 1
4450 2070 1
4451 1877 1
4452 1793 1
4453 1634 1
4454 1455 1
4455 1299 1
4456 931 1
4457 902 1
4458 894 1
4459 1247 1
4460 1302 1
4461 1225 1
4462 1497 1
4463 1675 1
4464 987 1
4465 1056 1
4466 1217 1
4467 1489 1
4468 1699 1
4469 1854 1
4470 2124 1
4471 2048 1
4472 1909 1
4473 1665 1
4474 1443 1
4475 772 1
4476 287 1
4477 277 1
4478 2370 1
4479 2548 1
4480 2653 1
4481 2853 1
4482 2636 1
4483 2220 1
4484 2202 1
4485 3152 1
4486 3026 1
4487 3227 1
4488 3142 1
4489 2939 1
4490 2754 1
4491 2868 1
4492 2091 1
4493 2365 1
4494 2476 1
4495 2615 1
4496 2538 1
4497 2569 1
4498 2147 1
4499 2113 1
4500 2318 1
4501 2482 1
4502 2772 1
4503 2666 1
4504 2663 1
4505 2700 1
4506 2462 1
4507 2259 1
4508 2096 1
4509 1816 1
4510 1675 1
4511 1458 1
4512 1326 1
4513 1151 1
4514 1252 1
4515 1339 1
4516 1538 1
4517 1851 1
4518 1752 1
4519 2176 1
4520 1257 1
4521 1313 1
4522 1405 1
4523 1719 1
4524 1699 1
4525 1856 1
4526 2116 1
4527 2266 1
4528 2097 1
4529 1892 1
4530 1715 1
4531 1530 1
4532 1237 1
4533 1155 1
4534 2499 1
4535 2602 1
4536 2722 1
4537 2811 1
4538 3128 1
4539 3144 1
4540 3325 1
4541 3388 1
4542 3324 1
4543 3193 1
4544 3053 1
4545 2872 1
4546 2785 1
4547 2436 1
4548 3317 1
4549 3372 1
4550 3050 1
4551 2639 1
4552 2562 1
4553 2418 1
4554 2283 1
4555 2528 1
4556 2732 1
4557 2888 1
4558 2925 1
4559 3281 1
4560 3298 1
4561 3538 1
4562 100 1
4563 100 1
4564 100 1
4565 100 1
4566 100 1
4567 100 1
4568 100 1
4569 100 1
4570 100 1
4571 100 1
4572 100 1
4573 100 1
4574 100 1
4575 100 1
4576 827 1
4577 1246 1
4578 1341 1
4579 1541 1
4580 1724 1
4581 1974 1
4582 2042 1
4583 1883 1
4584 1590 1
4585 1448 1
4586 1183 1
4587 1028 1
4588 690 1
4589 361 1
4590 2482 1
4591 2449 1
4592 2786 1
4593 2813 1
4594 3130 1
4595 3147 1
4596 3365 1
4597 2821 1
4598 2904 1
4599 2711 1
4600 2746 1
4601 2599 1
4602 2297 1
4603 2012 1
4604 3341 1
4605 3217 1
4606 2899 1
4607 2684 1
4608 2440 1
4609 2419 1
4610 2384 1
4611 1733 1
4612 1462 1
4613 1549 1
4614 1646 1
4615 2096 1
4616 2722 1
4617 3003 1
4618 2369 1
4619 2025 1
4620 2096 1
4621 1899 1
4622 1437 1
4623 1328 1
4624 1384 1
4625 964 1
4626 1225 1
4627 1153 1
4628 1461 1
4629 1840 1
4630 1979 1
4631 2000 1
4632 1218 1
4633 1274 1
4634 1500 1
4635 1654 1
4636 1882 1
4637 2117 1
4638 2330 1
4639 2364 1
4640 1929 1
4641 1875 1
4642 1685 1
4643 1379 1
4644 1389 1
4645 1155 1
4646 2323 1
4647 2614 1
4648 2643 1
4649 2898 1
4650 2865 1
4651 3067 1
4652 3069 1
4653 3340 1
4654 3175 1
4655 3207 1
4656 3126 1
4657 2820 1
4658 2874 1
4659 2559 1
4660 3479 1
4661 3517 1
4662 3245 1
4663 3208 1
4664 2920 1
4665 2872 1
4666 2637 1
4667 2452 1
4668 2792 1
4669 3036 1
4670 2984 1
4671 3213 1
4672 3361 1
4673 3355 1
4674 2409 1
4675 2217 1
4676 1988 1
4677 1829 1
4678 1511 1
4679 1297 1
4680 1235 1
4681 100 1
4682 100 1
4683 100 1
4684 100 1
4685 100 1
4686 100 1
4687 100 1
4688 975 1
4689 1175 1
4690 1457 1
4691 1668 1
4692 2057 1
4693 2174 1
4694 2381 1
4695 2306 1
4696 2120 1
4697 1893 1
4698 1631 1
4699 1359 1
4700 1211 1
4701 1006 1
4702 2765 1
4703 2948 1
4704 3018 1
4705 3225 1
4706 3337 1
4707 3489 1
4708 3222 1
4709 3083 1
4710 3139 1
4711 3295 1
4712 3167 1
4713 2701 1
4714 2713 1
4715 2548 1
4716 3152 1
4717 3165 1
4718 2990 1
4719 2804 1
4720 2748 1
4721 2508 1
4722 2473 1
4723 2108 1
4724 2440 1
4725 2408 1
4726 2830 1
4727 3051 1
4728 3090 1
4729 2828 1
4730 2243 1
4731 1992 1
4732 1602 1
4733 1257 1
4734 1194 1
4735 991 1
4736 827 1
4737 1131 1
4738 1299 1
4739 1368 1
4740 1611 1
4741 1797 1
4742 1936 1
4743 2041 1
4744 100 1
4745 100 1
4746 258 1
4747 390 1
4748 426 1
4749 671 1
4750 573 1
4751 2055 1
4752 1754 1
4753 1496 1
4754 1286 1
4755 1218 1
4756 1115 1
4757 848 1
4758 824 1
4759 1027 1
4760 912 1
4761 1025 1
4762 1190 1
4763 1327 1
4764 1392 1
4765 3042 1
4766 2846 1
4767 2852 1
4768 2641 1
4769 2430 1
4770 2366 1
4771 2163 1
4772 1451 1
4773 1537 1
4774 1340 1
4775 1195 1
4776 1458 1
4777 1307 1
4778 1336 1
4779 2472 1
4780 2512 1
4781 2608 1
4782 2993 1
4783 3079 1
4784 3072 1
4785 2954 1
4786 916 1
4787 897 1
4788 654 1
4789 695 1
4790 495 1
4791 555 1
4792 317 1
4793 1075 1
4794 1174 1
4795 1440 1
4796 1637 1
4797 1944 1
4798 1976 1
4799 2349 1
4800 1156 1
4801 1644 1
4802 1792 1
4803 2096 1
4804 2309 1
4805 2487 1
4806 2683 1
4807 1435 1
4808 1431 1
4809 1196 1
4810 1060 1
4811 940 1
4812 869 1
4813 604 1
4814 3124 1
4815 3176 1
4816 3457 1
4817 3679 1
4818 3535 1
4819 3744 1
4820 3900 1
4821 2315 1
4822 2225 1
4823 2085 1
4824 1995 1
4825 1806 1
4826 1684 1
4827 1634 1
4828 3936 1
4829 3776 1
4830 3635 1
4831 3534 1
4832 3388 1
4833 2925 1
4834 2937 1
4835 1719 1
4836 1949 1
4837 2137 1
4838 2143 1
4839 2194 1
4840 2130 1
4841 2323 1
4842 2180 1
4843 2058 1
4844 1877 1
4845 1716 1
4846 1606 1
4847 1310 1
4848 1102 1
4849 710 1
4850 1090 1
4851 1128 1
4852 1232 1
4853 1373 1
4854 1587 1
4855 1743 1
4856 1201 1
4857 1647 1
4858 1623 1
4859 1916 1
4860 2026 1
4861 2091 1
4862 2563 1
4863 2776 1
4864 2526 1
4865 2212 1
4866 1982 1
4867 1749 1
4868 1540 1
4869 1319 1
4870 2836 1
4871 3320 1
4872 3427 1
4873 3644 1
4874 3682 1
4875 3856 1
4876 3835 1
4877 4036 1
4878 3668 1
4879 3670 1
4880 3605 1
4881 3280 1
4882 3333 1
4883 3157 1
4884 3914 1
4885 3833 1
4886 3805 1
4887 3659 1
4888 3263 1
4889 2822 1
4890 2507 1
4891 2550 1
4892 2929 1
4893 3455 1
4894 3719 1
4895 3758 1
4896 3960 1
4897 4039 1
4898 1978 1
4899 1772 1
4900 1671 1
4901 1468 1
4902 1766 1
4903 1721 1
4904 1467 1
4905 1520 1
4906 1741 1
4907 1681 1
4908 1445 1
4909 1625 1
4910 1761 1
4911 1965 1
4912 1039 1
4913 1331 1
4914 1514 1
4915 1627 1
4916 1703 1
4917 1943 1
4918 2393 1
4919 2535 1
4920 2224 1
4921 2034 1
4922 1717 1
4923 1598 1
4924 1397 1
4925 1111 1
4926 2568 1
4927 2959 1
4928 3108 1
4929 3450 1
4930 3359 1
4931 3369 1
4932 3313 1
4933 3580 1
4934 3455 1
4935 3379 1
4936 3296 1
4937 3111 1
4938 2863 1
4939 2543 1
4940 3589 1
4941 3402 1
4942 3342 1
4943 3060 1
4944 2786 1
4945 2535 1
4946 100 1
4947 1993 1
4948 2381 1
4949 2964 1
4950 3081 1
4951 3231 1
4952 3513 1
4953 3668 1
4954 2161 1
4955 2013 1
4956 1963 1
4957 1848 1
4958 1466 1
4959 1339 1
4960 997 1
4961 1308 1
4962 1453 1
4963 1533 1
4964 1344 1
4965 1362 1
4966 1479 1
4967 1618 1
4968 100 1
4969 100 1
4970 100 1
4971 100 1
4972 100 1
4973 100 1
4974 100 1
4975 2092 1
4976 1933 1
4977 1758 1
4978 1525 1
4979 1242 1
4980 1357 1
4981 1146 1
4982 2641 1
4983 2944 1
4984 2930 1
4985 3134 1
4986 3062 1
4987 3165 1
4988 3280 1
4989 3308 1
4990 3247 1
4991 3003 1
4992 2983 1
4993 2557 1
4994 2387 1
4995 2351 1
4996 100 1
4997 100 1
4998 100 1
4999 100 1
5000 100 1
5001 100 1
5002 100 1
5003 2324 1
5004 2515 1
5005 2818 1
5006 3023 1
5007 3282 1
5008 3303 1
5009 3596 1
5010 2193 1
5011 1941 1
5012 1863 1
5013 1694 1
5014 1714 1
5015 1689 1
5016 1433 1
5017 1331 1
5018 1396 1
5019 1547 1
5020 1723 1
5021 1771 1
5022 1890 1
5023 2037 1
5024 1091 1
5025 1305 1
5026 1400 1
5027 1517 1
5028 1857 1
5029 2000 1
5030 2284 1
5031 2702 1
5032 2361 1
5033 2233 1
5034 1856 1
5035 1587 1
5036 1464 1
5037 1370 1
5038 2559 1
5039 2705 1
5040 2845 1
5041 3042 1
5042 3097 1
5043 3098 1
5044 3443 1
5045 3330 1
5046 3078 1
5047 100 1
5048 2848 1
5049 2875 1
5050 2649 1
5051 2515 1
5052 3430 1
5053 3392 1
5054 3322 1
5055 2992 1
5056 2886 1
5057 2918 1
5058 2713 1
5059 2792 1
5060 3245 1
5061 3382 1
5062 3538 1
5063 3769 1
5064 3756 1
5065 3835 1
5066 2436 1
5067 2180 1
5068 1949 1
5069 1685 1
5070 1557 1
5071 1167 1
5072 1206 1
5073 1232 1
5074 1382 1
5075 1413 1
5076 1626 1
5077 1697 1
5078 2032 1
5079 2180 1
5080 781 1
5081 840 1
5082 1093 1
5083 1463 1
5084 1684 1
5085 1891 1
5086 2183 1
5087 2472 1
5088 2145 1
5089 1954 1
5090 1657 1
5091 1162 1
5092 865 1
5093 854 1
5094 2425 1
5095 2541 1
5096 2588 1
5097 2794 1
5098 2205 1
5099 1539 1
5100 1351 1
5101 3533 1
5102 3425 1
5103 3130 1
5104 3121 1
5105 2968 1
5106 2728 1
5107 2776 1
5108 1374 1
5109 1650 1
5110 2436 1
5111 3135 1
5112 3051 1
5113 2629 1
5114 2422 1
5115 2697 1
5116 2682 1
5117 3142 1
5118 3266 1
5119 3318 1
5120 3383 1
5121 3490 1
5122 2576 1
5123 1939 1
5124 1816 1
5125 1675 1
5126 1549 1
5127 1101 1
5128 963 1
5129 1400 1
5130 1550 1
5131 1782 1
5132 1972 1
5133 1894 1
5134 2271 1
5135 2613 1
5136 1228 1
5137 1216 1
5138 1470 1
5139 1623 1
5140 1848 1
5141 2024 1
5142 2183 1
5143 2205 1
5144 1945 1
5145 1613 1
5146 1465 1
5147 1325 1
5148 1197 1
5149 1045 1
5150 2368 1
5151 2692 1
5152 2970 1
5153 3157 1
5154 2956 1
5155 2639 1
5156 2599 1
5157 1830 1
5158 2050 1
5159 2595 1
5160 2874 1
5161 2954 1
5162 2609 1
5163 2325 1
5164 2522 1
5165 2730 1
5166 2901 1
5167 2903 1
5168 2691 1
5169 2595 1
5170 2307 1
5171 2325 1
5172 2451 1
5173 2597 1
5174 2621 1
5175 2569 1
5176 2392 1
5177 1989 1
5178 2179 1
5179 2098 1
5180 1882 1
5181 1705 1
5182 1486 1
5183 1312 1
5184 1200 1
5185 1243 1
5186 1311 1
5187 1558 1
5188 1768 1
5189 1950 1
5190 1828 1
5191 2258 1
5192 969 1
5193 1131 1
5194 1408 1
5195 1833 1
5196 2124 1
5197 2185 1
5198 2395 1
5199 2470 1
5200 2233 1
5201 2000 1
5202 1642 1
5203 1451 1
5204 1161 1
5205 922 1
5206 2456 1
5207 2841 1
5208 2949 1
5209 3051 1
5210 3285 1
5211 3599 1
5212 3555 1
5213 2308 1
5214 2433 1
5215 2957 1
5216 2943 1
5217 2946 1
5218 2779 1
5219 2560 1
5220 3582 1
5221 3638 1
5222 3452 1
5223 3294 1
5224 3278 1
5225 2761 1
5226 2452 1
5227 2689 1
5228 2775 1
5229 3187 1
5230 3308 1
5231 3035 1
5232 2484 1
5233 2153 1
5234 2622 1
5235 2290 1
5236 2061 1
5237 1823 1
5238 1660 1
5239 1591 1
5240 1315 1
5241 1406 1
5242 1549 1
5243 1599 1
5244 1922 1
5245 2058 1
5246 2382 1
5247 2584 1
5248 829 1
5249 830 1
5250 850 1
5251 1210 1
5252 1643 1
5253 1766 1
5254 1955 1
5255 2321 1
5256 2145 1
5257 1886 1
5258 1582 1
5259 1458 1
5260 1347 1
5261 1080 1
5262 2386 1
5263 2557 1
5264 2700 1
5265 2956 1
5266 3014 1
5267 3290 1
5268 3399 1
5269 3375 1
5270 3390 1
5271 3248 1
5272 3119 1
5273 3029 1
5274 2942 1
5275 2570 1
5276 3413 1
5277 3384 1
5278 3302 1
5279 3231 1
5280 2706 1
5281 2512 1
5282 2281 1
5283 2508 1
5284 2774 1
5285 3089 1
5286 3227 1
5287 3263 1
5288 3362 1
5289 3389 1
5290 1727 1
5291 1329 1
5292 1305 1
5293 1198 1
5294 1207 1
5295 1070 1
5296 922 1
5297 1266 1
5298 1396 1
5299 1516 1
5300 1631 1
5301 1784 1
5302 2057 1
5303 2189 1
5304 1106 1
5305 863 1
5306 860 1
5307 804 1
5308 635 1
5309 1072 1
5310 1821 1
5311 2001 1
5312 1711 1
5313 1563 1
5314 1292 1
5315 1098 1
5316 1263 1
5317 1275 1
5318 2415 1
5319 2787 1
5320 3221 1
5321 3263 1
5322 3330 1
5323 3393 1
5324 3441 1
5325 3215 1
5326 3291 1
5327 3340 1
5328 3018 1
5329 2854 1
5330 2908 1
5331 2336 1
5332 3526 1
5333 3345 1
5334 3257 1
5335 3258 1
5336 3089 1
5337 2750 1
5338 2459 1
5339 2519 1
5340 2833 1
5341 2998 1
5342 3001 1
5343 3237 1
5344 3212 1
5345 3496 1
5346 2369 1
5347 2318 1
5348 2103 1
5349 1715 1
5350 1582 1
5351 1466 1
5352 1372 1
5353 1433 1
5354 1493 1
5355 1636 1
5356 1693 1
5357 1999 1
5358 2182 1
5359 2306 1
5360 270 1
5361 291 1
5362 550 1
5363 570 1
5364 636 1
5365 1225 1
5366 1634 1
5367 1707 1
5368 1256 1
5369 685 1
5370 612 1
5371 149 1
5372 120 1
5373 308 1
5374 2310 1
5375 2428 1
5376 2663 1
5377 2795 1
5378 3092 1
5379 3212 1
5380 3293 1
5381 3221 1
5382 3126 1
5383 2954 1
5384 2778 1
5385 2523 1
5386 2498 1
5387 2261 1
5388 3384 1
5389 3195 1
5390 3075 1
5391 2909 1
5392 2508 1
5393 1905 1
5394 1692 1
5395 1520 1
5396 1857 1
5397 2415 1
5398 2936 1
5399 3144 1
5400 3172 1
5401 3186 1
5402 1307 1
5403 1389 1
5404 1423 1
5405 1159 1
5406 1216 1
5407 1155 1
5408 767 1
5409 1146 1
5410 1301 1
5411 1181 1
5412 1275 1
5413 1209 1
5414 1380 1
5415 1491 1
5416 282 1
5417 703 1
5418 650 1
5419 636 1
5420 1180 1
5421 1302 1
5422 1868 1
5423 1975 1
5424 1301 1
5425 972 1
5426 752 1
5427 669 1
5428 447 1
5429 376 1
5430 2134 1
5431 2786 1
5432 2546 1
5433 2932 1
5434 3056 1
5435 3244 1
5436 3560 1
5437 3517 1
5438 3480 1
5439 3415 1
5440 3208 1
5441 2839 1
5442 2662 1
5443 2401 1
5444 3486 1
5445 3487 1
5446 3329 1
5447 3086 1
5448 2750 1
5449 2750 1
5450 2294 1
5451 100 1
5452 2538 1
5453 3052 1
5454 3276 1
5455 3323 1
5456 3451 1
5457 3552 1
5458 2027 1
5459 1973 1
5460 1649 1
5461 1529 1
5462 1176 1
5463 1118 1
5464 724 1
5465 1160 1
5466 1333 1
5467 1481 1
5468 1690 1
5469 1884 1
5470 1967 1
5471 1996 1
5472 440 1
5473 620 1
5474 692 1
5475 717 1
5476 863 1
5477 931 1
5478 1009 1
5479 662 1
5480 752 1
5481 580 1
5482 410 1
5483 421 1
5484 266 1
5485 216 1
5486 1102 1
5487 1196 1
5488 1392 1
5489 1299 1
5490 1362 1
5491 1600 1
5492 1355 1
5493 1242 1
5494 1280 1
5495 1074 1
5496 948 1
5497 968 1
5498 967 1
5499 928 1
5500 1499 1
5501 1560 1
5502 1488 1
5503 1488 1
5504 1215 1
5505 1167 1
5506 1057 1
5507 763 1
5508 963 1
5509 1090 1
5510 1082 1
5511 1242 1
5512 1239 1
5513 1210 1
5514 1119 1
5515 761 1
5516 762 1
5517 800 1
5518 734 1
5519 512 1
5520 549 1
5521 267 1
5522 495 1
5523 459 1
5524 443 1
5525 526 1
5526 491 1
5527 517 1
5528 407 1
5529 453 1
5530 484 1
5531 521 1
5532 849 1
5533 790 1
5534 961 1
5535 785 1
5536 687 1
5537 505 1
5538 526 1
5539 425 1
5540 371 1
5541 392 1
5542 1101 1
5543 1094 1
5544 1193 1
5545 1406 1
5546 1222 1
5547 1199 1
5548 1516 1
5549 1341 1
5550 1466 1
5551 1355 1
5552 1150 1
5553 1066 1
5554 1059 1
5555 990 1
5556 1558 1
5557 1533 1
5558 1549 1
5559 1444 1
5560 1175 1
5561 1153 1
5562 1087 1
5563 954 1
5564 1015 1
5565 1170 1
5566 1321 1
5567 1411 1
5568 1419 1
5569 1331 1
5570 972 1
5571 829 1
5572 878 1
5573 787 1
5574 659 1
5575 468 1
5576 426 1
5577 402 1
5578 421 1
5579 574 1
5580 702 1
5581 689 1
5582 723 1
5583 905 1
5584 100 1
5585 100 1
5586 100 1
5587 100 1
5588 100 1
5589 100 1
5590 100 1
5591 100 1
5592 100 1
5593 100 1
5594 100 1
5595 100 1
5596 100 1
5597 100 1
5598 100 1
5599 100 1
5600 100 1
5601 100 1
5602 100 1
5603 100 1
5604 100 1
5605 100 1
5606 100 1
5607 100 1
5608 100 1
5609 100 1
5610 100 1
5611 100 1
5612 100 1
5613 100 1
5614 100 1
5615 100 1
5616 100 1
5617 100 1
5618 100 1
5619 100 1
5620 100 1
5621 100 1
5622 100 1
5623 100 1
5624 100 1
5625 100 1
5626 100 1
5627 100 1
5628 100 1
5629 100 1
5630 100 1
5631 100 1
5632 100 1
5633 100 1
5634 100 1
5635 100 1
5636 100 1
5637 100 1
5638 100 1
5639 100 1
5640 100 1
5641 100 1
5642 100 1
5643 100 1
5644 100 1
5645 100 1
5646 100 1
5647 100 1
5648 100 1
5649 100 1
5650 100 1
5651 100 1
5652 100 1
5653 100 1
5654 100 1
5655 100 1
5656 100 1
5657 100 1
5658 100 1
5659 100 1
5660 100 1
5661 100 1
5662 100 1
5663 100 1
5664 100 1
5665 100 1
5666 100 1
5667 100 1
5668 100 1
5669 100 1
5670 100 1
5671 100 1
5672 100 1
5673 100 1
5674 100 1
5675 100 1
5676 100 1
5677 100 1
5678 100 1
5679 100 1
5680 100 1
5681 100 1
5682 100 1
5683 100 1
5684 100 1
5685 100 1
5686 100 1
5687 100 1
5688 100 1
5689 100 1
5690 100 1
5691 100 1
5692 100 1
5693 100 1
5694 100 1
5695 100 1
5696 493 1
5697 452 1
5698 885 1
5699 1520 1
5700 1837 1
5701 2028 1
5702 2246 1
5703 2560 1
5704 2334 1
5705 2112 1
5706 1797 1
5707 1586 1
5708 1407 1
5709 1190 1
5710 2510 1
5711 2464 1
5712 2922 1
5713 2966 1
5714 3088 1
5715 3048 1
5716 3275 1
5717 3774 1
5718 3648 1
5719 3482 1
5720 3487 1
5721 3292 1
5722 2901 1
5723 2756 1
5724 3293 1
5725 3338 1
5726 3224 1
5727 3168 1
5728 2767 1
5729 2487 1
5730 2476 1
5731 2771 1
5732 2952 1
5733 3138 1
5734 3486 1
5735 3659 1
5736 3695 1
5737 3852 1
5738 2238 1
5739 2069 1
5740 1707 1
5741 1722 1
5742 1550 1
5743 1407 1
5744 1270 1
5745 1292 1
5746 1494 1
5747 1715 1
5748 1894 1
5749 2095 1
5750 2275 1
5751 2250 1
5752 100 1
5753 100 1
5754 100 1
5755 100 1
5756 100 1
5757 100 1
5758 100 1
5759 2633 1
5760 2379 1
5761 2210 1
5762 1976 1
5763 1693 1
5764 1539 1
5765 1252 1
5766 2312 1
5767 2608 1
5768 2940 1
5769 2974 1
5770 3343 1
5771 3392 1
5772 3414 1
5773 3368 1
5774 3321 1
5775 3484 1
5776 3231 1
5777 3185 1
5778 3109 1
5779 2801 1
5780 3200 1
5781 3211 1
5782 3249 1
5783 2875 1
5784 2819 1
5785 2784 1
5786 2399 1
5787 2720 1
5788 3141 1
5789 3224 1
5790 3262 1
5791 3689 1
5792 3641 1
5793 3519 1
5794 1967 1
5795 2219 1
5796 1674 1
5797 1516 1
5798 1264 1
5799 1450 1
5800 1157 1
5801 1401 1
5802 1651 1
5803 1867 1
5804 2022 1
5805 2183 1
5806 2396 1
5807 2605 1
5808 1194 1
5809 1453 1
5810 1563 1
5811 1862 1
5812 2013 1
5813 2214 1
5814 2391 1
5815 2247 1
5816 2486 1
5817 2132 1
5818 1833 1
5819 1635 1
5820 1511 1
5821 1313 1
5822 2585 1
5823 2848 1
5824 3050 1
5825 3102 1
5826 3399 1
5827 3528 1
5828 3547 1
5829 3238 1
5830 3307 1
5831 3177 1
5832 2846 1
5833 2872 1
5834 2653 1
5835 2288 1
5836 3560 1
5837 3225 1
5838 2464 1
5839 2127 1
5840 1891 1
5841 1677 1
5842 1769 1
5843 2386 1
5844 2515 1
5845 2675 1
5846 3028 1
5847 3057 1
5848 3085 1
5849 3165 1
5850 1931 1
5851 1689 1
5852 1870 1
5853 1723 1
5854 1486 1
5855 1385 1
5856 1153 1
5857 1338 1
5858 1459 1
5859 1690 1
5860 1871 1
5861 2020 1
5862 2180 1
5863 2220 1
5864 1198 1
5865 1320 1
5866 1351 1
5867 1632 1
5868 1691 1
5869 2115 1
5870 2270 1
5871 2362 1
5872 2193 1
5873 1991 1
5874 1783 1
5875 1413 1
5876 1369 1
5877 1207 1
5878 2567 1
5879 2576 1
5880 2873 1
5881 3192 1
5882 3118 1
5883 3026 1
5884 3046 1
5885 3563 1
5886 3274 1
5887 3358 1
5888 3104 1
5889 2884 1
5890 2873 1
5891 2582 1
5892 3056 1
5893 2849 1
5894 3059 1
5895 2980 1
5896 2885 1
5897 2569 1
5898 2453 1
5899 2369 1
5900 2379 1
5901 2665 1
5902 2851 1
5903 3086 1
5904 3295 1
5905 3512 1
5906 2266 1
5907 1915 1
5908 1715 1
5909 1509 1
5910 1176 1
5911 1109 1
5912 1003 1
5913 1171 1
5914 1497 1
5915 1616 1
5916 1791 1
5917 1895 1
5918 2203 1
5919 2395 1
5920 865 1
5921 1006 1
5922 1305 1
5923 1472 1
5924 1546 1
5925 1693 1
5926 1588 1
5927 2037 1
5928 2043 1
5929 1929 1
5930 1696 1
5931 1361 1
5932 1269 1
5933 1144 1
5934 1525 1
5935 1513 1
5936 1689 1
5937 2197 1
5938 2627 1
5939 2953 1
5940 3097 1
5941 3609 1
5942 3133 1
5943 2517 1
5944 2266 1
5945 1912 1
5946 1564 1
5947 1697 1
5948 3086 1
5949 3025 1
5950 2875 1
5951 2433 1
5952 2296 1
5953 2242 1
5954 1983 1
5955 2338 1
5956 2515 1
5957 2783 1
5958 3142 1
5959 3229 1
5960 3317 1
5961 3580 1
5962 1727 1
5963 1409 1
5964 1466 1
5965 1199 1
5966 1116 1
5967 743 1
5968 860 1
5969 999 1
5970 818 1
5971 1207 1
5972 1253 1
5973 1682 1
5974 2149 1
5975 2411 1
5976 1173 1
5977 1487 1
5978 1604 1
5979 1613 1
5980 1669 1
5981 1965 1
5982 1729 1
5983 1732 1
5984 1815 1
5985 1769 1
5986 1729 1
5987 1710 1
5988 1532 1
5989 1195 1
5990 1140 1
5991 1601 1
5992 2192 1
5993 2611 1
5994 2954 1
5995 2948 1
5996 3007 1
5997 3358 1
5998 3303 1
5999 3147 1
6000 2606 1
6001 2384 1
6002 1789 1
6003 1327 1
6004 2883 1
6005 2894 1
6006 3194 1
6007 3242 1
6008 3211 1
6009 3142 1
6010 2652 1
6011 2188 1
6012 2699 1
6013 3041 1
6014 3168 1
6015 3189 1
6016 3263 1
6017 3269 1
6018 2561 1
6019 2089 1
6020 1946 1
6021 1721 1
6022 1506 1
6023 1338 1
6024 1293 1
6025 1243 1
6026 1362 1
6027 1592 1
6028 1652 1
6029 1901 1
6030 1749 1
6031 2020 1
6032 1327 1
6033 1511 1
6034 1652 1
6035 1861 1
6036 2129 1
6037 2166 1
6038 2596 1
6039 2263 1
6040 2062 1
6041 1899 1
6042 1634 1
6043 1302 1
6044 1396 1
6045 1228 1
6046 2655 1
6047 2888 1
6048 3164 1
6049 3438 1
6050 3439 1
6051 3508 1
6052 3725 1
6053 2806 1
6054 2789 1
6055 2871 1
6056 2825 1
6057 2708 1
6058 2234 1
6059 2249 1
6060 3647 1
6061 3637 1
6062 3383 1
6063 3237 1
6064 3215 1
6065 3065 1
6066 2829 1
6067 2473 1
6068 2493 1
6069 2945 1
6070 3160 1
6071 2923 1
6072 2805 1
6073 2545 1
6074 2459 1
6075 2169 1
6076 1934 1
6077 1516 1
6078 1528 1
6079 1405 1
6080 1299 1
6081 1000 1
6082 1266 1
6083 1174 1
6084 1466 1
6085 1572 1
6086 1732 1
6087 1950 1
6088 463 1
6089 869 1
6090 1084 1
6091 1490 1
6092 1686 1
6093 1896 1
6094 1832 1
6095 2153 1
6096 1887 1
6097 1788 1
6098 1590 1
6099 1441 1
6100 1214 1
6101 1064 1
6102 1928 1
6103 2187 1
6104 2456 1
6105 2738 1
6106 3073 1
6107 3136 1
6108 3224 1
6109 3335 1
6110 3231 1
6111 3075 1
6112 2829 1
6113 2659 1
6114 2406 1
6115 2292 1
6116 3194 1
6117 3183 1
6118 3239 1
6119 2910 1
6120 2819 1
6121 2589 1
6122 2253 1
6123 2286 1
6124 2684 1
6125 2806 1
6126 2957 1
6127 3195 1
6128 3483 1
6129 3415 1
6130 2126 1
6131 1534 1
6132 1687 1
6133 1326 1
6134 1075 1
6135 1002 1
6136 642 1
6137 1123 1
6138 1078 1
6139 1304 1
6140 1460 1
6141 1756 1
6142 1953 1
6143 2201 1
6144 1151 1
6145 1340 1
6146 1576 1
6147 1729 1
6148 2102 1
6149 2272 1
6150 2529 1
6151 2342 1
6152 2068 1
6153 1844 1
6154 1604 1
6155 1489 1
6156 1327 1
6157 1180 1
6158 2566 1
6159 2840 1
6160 3190 1
6161 3120 1
6162 3420 1
6163 3522 1
6164 3703 1
6165 3344 1
6166 3296 1
6167 3155 1
6168 3075 1
6169 3024 1
6170 2844 1
6171 2684 1
6172 3669 1
6173 3639 1
6174 3372 1
6175 3098 1
6176 3203 1
6177 2598 1
6178 2400 1
6179 2403 1
6180 2704 1
6181 2801 1
6182 2954 1
6183 3052 1
6184 2983 1
6185 3361 1
6186 2279 1
6187 2015 1
6188 1758 1
6189 1603 1
6190 1472 1
6191 1448 1
6192 1117 1
6193 1252 1
6194 1335 1
6195 1439 1
6196 1598 1
6197 1810 1
6198 1931 1
6199 2207 1
6200 867 1
6201 1207 1
6202 1369 1
6203 1502 1
6204 1669 1
6205 1753 1
6206 2130 1
6207 1912 1
6208 1948 1
6209 1804 1
6210 1609 1
6211 1273 1
6212 1379 1
6213 1227 1
6214 100 1
6215 100 1
6216 100 1
6217 100 1
6218 100 1
6219 100 1
6220 100 1
6221 3269 1
6222 2979 1
6223 2974 1
6224 3043 1
6225 2621 1
6226 2654 1
6227 2332 1
6228 3047 1
6229 3099 1
6230 2894 1
6231 2778 1
6232 2852 1
6233 2754 1
6234 2387 1
6235 2169 1
6236 2243 1
6237 2281 1
6238 2667 1
6239 2766 1
6240 2853 1
6241 2991 1
6242 1880 1
6243 1917 1
6244 1707 1
6245 1510 1
6246 1592 1
6247 1476 1
6248 1163 1
6249 1263 1
6250 1450 1
6251 1592 1
6252 1655 1
6253 2029 1
6254 1873 1
6255 2170 1
6256 700 1
6257 1022 1
6258 1239 1
6259 1329 1
6260 1745 1
6261 1805 1
6262 2014 1
6263 2495 1
6264 2236 1
6265 1852 1
6266 1728 1
6267 1517 1
6268 1277 1
6269 1229 1
6270 2169 1
6271 2434 1
6272 2567 1
6273 2719 1
6274 2917 1
6275 3146 1
6276 3155 1
6277 3956 1
6278 3767 1
6279 3637 1
6280 3327 1
6281 3051 1
6282 3115 1
6283 2755 1
6284 3287 1
6285 3060 1
6286 3057 1
6287 2810 1
6288 2782 1
6289 2456 1
6290 2066 1
6291 2353 1
6292 2481 1
6293 2976 1
6294 3391 1
6295 3382 1
6296 3459 1
6297 3792 1
6298 1979 1
6299 1796 1
6300 1665 1
6301 1475 1
6302 1147 1
6303 1007 1
6304 949 1
6305 1173 1
6306 1205 1
6307 1497 1
6308 1643 1
6309 1693 1
6310 1886 1
6311 2285 1
6312 1074 1
6313 1223 1
6314 1400 1
6315 1483 1
6316 1703 1
6317 1756 1
6318 2073 1
6319 2003 1
6320 1830 1
6321 1643 1
6322 1387 1
6323 1347 1
6324 1028 1
6325 1079 1
6326 2237 1
6327 2561 1
6328 2680 1
6329 2891 1
6330 3083 1
6331 3173 1
6332 3111 1
6333 3103 1
6334 3010 1
6335 2891 1
6336 2840 1
6337 2602 1
6338 2570 1
6339 2311 1
6340 3267 1
6341 3332 1
6342 3273 1
6343 3104 1
6344 2919 1
6345 2815 1
6346 2714 1
6347 2771 1
6348 2916 1
6349 3087 1
6350 3142 1
6351 3320 1
6352 3260 1
6353 3525 1
6354 2393 1
6355 2195 1
6356 1958 1
6357 1817 1
6358 1698 1
6359 1477 1
6360 1311 1
6361 1303 1
6362 1559 1
6363 1880 1
6364 1997 1
6365 2081 1
6366 2280 1
6367 2239 1
6368 1028 1
6369 1318 1
6370 1416 1
6371 1325 1
6372 1447 1
6373 1462 1
6374 1563 1
6375 1717 1
6376 1197 1
6377 1436 1
6378 1538 1
6379 1514 1
6380 1353 1
6381 1196 1
6382 1755 1
6383 2384 1
6384 2681 1
6385 2589 1
6386 2676 1
6387 2848 1
6388 3271 1
6389 3276 1
6390 3382 1
6391 3123 1
6392 3167 1
6393 2920 1
6394 2572 1
6395 2266 1
6396 3410 1
6397 3340 1
6398 3025 1
6399 2935 1
6400 2766 1
6401 2656 1
6402 2533 1
6403 2377 1
6404 2625 1
6405 2745 1
6406 2883 1
6407 3051 1
6408 3367 1
6409 3283 1
6410 2253 1
6411 2000 1
6412 1872 1
6413 1529 1
6414 1522 1
6415 1278 1
6416 1143 1
6417 1195 1
6418 1231 1
6419 1417 1
6420 1542 1
6421 1784 1
6422 2020 1
6423 2195 1
6424 684 1
6425 824 1
6426 1041 1
6427 1162 1
6428 1234 1
6429 1455 1
6430 1432 1
6431 1517 1
6432 1542 1
6433 1554 1
6434 1356 1
6435 1388 1
6436 1297 1
6437 919 1
6438 1757 1
6439 1834 1
6440 2134 1
6441 2167 1
6442 2232 1
6443 2345 1
6444 2645 1
6445 3029 1
6446 2412 1
6447 1733 1
6448 1401 1
6449 1561 1
6450 1351 1
6451 1272 1
6452 2635 1
6453 2510 1
6454 2363 1
6455 2241 1
6456 2039 1
6457 1947 1
6458 1914 1
6459 2285 1
6460 2494 1
6461 2761 1
6462 2918 1
6463 3106 1
6464 3371 1
6465 3198 1
6466 1810 1
6467 1702 1
6468 1469 1
6469 1315 1
6470 1218 1
6471 1009 1
6472 763 1
6473 1218 1
6474 1496 1
6475 1550 1
6476 1792 1
6477 1884 1
6478 2168 1
6479 2262 1
6480 100 1
6481 100 1
6482 100 1
6483 100 1
6484 100 1
6485 338 1
6486 548 1
6487 100 1
6488 100 1
6489 100 1
6490 100 1
6491 100 1
6492 100 1
6493 100 1
6494 597 1
6495 622 1
6496 730 1
6497 849 1
6498 752 1
6499 729 1
6500 825 1
6501 100 1
6502 100 1
6503 100 1
6504 100 1
6505 100 1
6506 100 1
6507 100 1
6508 1047 1
6509 982 1
6510 948 1
6511 1064 1
6512 1132 1
6513 1126 1
6514 1110 1
6515 395 1
6516 378 1
6517 286 1
6518 271 1
6519 223 1
6520 119 1
6521 101 1
6522 1483 1
6523 1648 1
6524 1702 1
6525 1653 1
6526 1601 1
6527 1751 1
6528 1747 1
6529 581 1
6530 589 1
6531 578 1
6532 542 1
6533 455 1
6534 410 1
6535 440 1
6536 1660 1
6537 1640 1
6538 1526 1
6539 1344 1
6540 1351 1
6541 1189 1
6542 1095 1
6543 114 1
6544 200 1
6545 357 1
6546 249 1
6547 364 1
6548 370 1
6549 390 1
6550 1056 1
6551 871 1
6552 811 1
6553 621 1
6554 471 1
6555 567 1
6556 437 1
6557 100 1
6558 102 1
6559 100 1
6560 100 1
6561 100 1
6562 226 1
6563 235 1
6564 372 1
6565 109 1
6566 100 1
6567 100 1
6568 100 1
6569 100 1
6570 100 1
6571 100 1
6572 100 1
6573 100 1
6574 100 1
6575 100 1
6576 100 1
6577 100 1
6578 100 1
6579 100 1
6580 100 1
6581 100 1
6582 110 1
6583 286 1
6584 542 1
6585 533 1
6586 230 1
6587 100 1
6588 134 1
6589 100 1
6590 100 1
6591 100 1
6592 435 1
6593 433 1
6594 617 1
6595 642 1
6596 651 1
6597 683 1
6598 735 1
6599 749 1
6600 351 1
6601 585 1
6602 453 1
6603 426 1
6604 417 1
6605 367 1
6606 893 1
6607 946 1
6608 1130 1
6609 1127 1
6610 1260 1
6611 1285 1
6612 1516 1
6613 414 1
6614 527 1
6615 509 1
6616 450 1
6617 332 1
6618 496 1
6619 935 1
6620 1453 1
6621 1506 1
6622 1527 1
6623 1691 1
6624 1512 1
6625 1612 1
6626 1507 1
6627 1504 1
6628 1584 1
6629 1681 1
6630 1519 1
6631 1647 1
6632 1463 1
6633 1059 1
6634 1864 1
6635 1675 1
6636 1629 1
6637 1495 1
6638 1513 1
6639 1336 1
6640 1151 1
6641 1155 1
6642 1116 1
6643 1127 1
6644 1270 1
6645 1450 1
6646 1418 1
6647 1472 1
6648 761 1
6649 670 1
6650 734 1
6651 612 1
6652 543 1
6653 556 1
6654 510 1
6655 625 1
6656 647 1
6657 783 1
6658 885 1
6659 882 1
6660 990 1
6661 873 1
6662 363 1
6663 116 1
6664 100 1
6665 100 1
6666 100 1
6667 100 1
6668 100 1
6669 100 1
6670 100 1
6671 100 1
6672 100 1
6673 100 1
6674 234 1
6675 462 1
6676 100 1
6677 100 1
6678 100 1
6679 238 1
6680 235 1
6681 303 1
6682 575 1
6683 587 1
6684 528 1
6685 341 1
6686 236 1
6687 100 1
6688 100 1
6689 100 1
6690 597 1
6691 611 1
6692 705 1
6693 802 1
6694 890 1
6695 921 1
6696 1043 1
6697 1136 1
6698 1104 1
6699 921 1
6700 951 1
6701 833 1
6702 801 1
6703 626 1
6704 1198 1
6705 1269 1
6706 1414 1
6707 1520 1
6708 1458 1
6709 1584 1
6710 1710 1
6711 1673 1
6712 1605 1
6713 1617 1
6714 1570 1
6715 1425 1
6716 1348 1
6717 1293 1
6718 1759 1
6719 1761 1
6720 1820 1
6721 1821 1
6722 1738 1
6723 1660 1
6724 1685 1
6725 1820 1
6726 1990 1
6727 1904 1
6728 1849 1
6729 1784 1
6730 1714 1
6731 1693 1
6732 1628 1
6733 1547 1
6734 1453 1
6735 1403 1
6736 1202 1
6737 1246 1
6738 1060 1
6739 100 1
6740 100 1
6741 100 1
6742 100 1
6743 100 1
6744 100 1
6745 100 1
6746 947 1
6747 781 1
6748 842 1
6749 716 1
6750 553 1
6751 104 1
6752 122 1
6753 634 1
6754 683 1
6755 827 1
6756 892 1
6757 989 1
6758 1101 1
6759 1070 1
6760 100 1
6761 100 1
6762 100 1
6763 100 1
6764 100 1
6765 100 1
6766 100 1
6767 100 1
6768 100 1
6769 100 1
6770 113 1
6771 100 1
6772 302 1
6773 605 1
6774 100 1
6775 100 1
6776 100 1
6777 225 1
6778 240 1
6779 308 1
6780 565 1
6781 621 1
6782 554 1
6783 252 1
6784 230 1
6785 100 1
6786 100 1
6787 100 1
6788 529 1
6789 576 1
6790 609 1
6791 860 1
6792 798 1
6793 965 1
6794 983 1
6795 1039 1
6796 964 1
6797 919 1
6798 820 1
6799 717 1
6800 667 1
6801 660 1
6802 1091 1
6803 1178 1
6804 1212 1
6805 1396 1
6806 1287 1
6807 1461 1
6808 1497 1
6809 1593 1
6810 1497 1
6811 1467 1
6812 1317 1
6813 1440 1
6814 1163 1
6815 1220 1
6816 1582 1
6817 1634 1
6818 1687 1
6819 1709 1
6820 1737 1
6821 1617 1
6822 1580 1
6823 1665 1
6824 1786 1
6825 1782 1
6826 1708 1
6827 1751 1
6828 1707 1
6829 1625 1
6830 1539 1
6831 1437 1
6832 1349 1
6833 1224 1
6834 1083 1
6835 1026 1
6836 887 1
6837 851 1
6838 1036 1
6839 1220 1
6840 1319 1
6841 1487 1
6842 1659 1
6843 1632 1
6844 691 1
6845 633 1
6846 733 1
6847 628 1
6848 690 1
6849 541 1
6850 533 1
6851 392 1
6852 438 1
6853 756 1
6854 620 1
6855 819 1
6856 830 1
6857 757 1
6858 387 1
6859 131 1
6860 100 1
6861 100 1
6862 100 1
6863 100 1
6864 100 1
6865 100 1
6866 100 1
6867 100 1
6868 100 1
6869 100 1
6870 127 1
6871 359 1
6872 100 1
6873 100 1
6874 100 1
6875 100 1
6876 100 1
6877 100 1
6878 107 1
6879 100 1
6880 100 1
6881 100 1
6882 100 1
6883 100 1
6884 100 1
6885 100 1
6886 387 1
6887 419 1
6888 408 1
6889 601 1
6890 623 1
6891 687 1
6892 696 1
6893 991 1
6894 860 1
6895 867 1
6896 775 1
6897 605 1
6898 525 1
6899 518 1
6900 789 1
6901 880 1
6902 969 1
6903 945 1
6904 1012 1
6905 1181 1
6906 1183 1
6907 1496 1
6908 1482 1
6909 1340 1
6910 1284 1
6911 1313 1
6912 1043 1
6913 1101 1
6914 1327 1
6915 1384 1
6916 1377 1
6917 1308 1
6918 1325 1
6919 1170 1
6920 1292 1
6921 1676 1
6922 1444 1
6923 1647 1
6924 1634 1
6925 1682 1
6926 1655 1
6927 1623 1
6928 100 1
6929 100 1
6930 100 1
6931 100 1
6932 100 1
6933 100 1
6934 100 1
6935 630 1
6936 902 1
6937 1014 1
6938 1058 1
6939 1307 1
6940 1416 1
6941 1519 1
6942 952 1
6943 754 1
6944 805 1
6945 561 1
6946 588 1
6947 513 1
6948 389 1
6949 104 1
6950 228 1
6951 227 1
6952 234 1
6953 228 1
6954 242 1
6955 401 1
6956 100 1
6957 100 1
6958 100 1
6959 100 1
6960 100 1
6961 100 1
6962 100 1
6963 100 1
6964 100 1
6965 100 1
6966 100 1
6967 100 1
6968 100 1
6969 103 1
6970 100 1
6971 100 1
6972 100 1
6973 224 1
6974 327 1
6975 378 1
6976 547 1
6977 619 1
6978 419 1
6979 217 1
6980 123 1
6981 100 1
6982 100 1
6983 100 1
6984 557 1
6985 568 1
6986 619 1
6987 745 1
6988 803 1
6989 719 1
6990 902 1
6991 931 1
6992 836 1
6993 717 1
6994 720 1
6995 447 1
6996 689 1
6997 419 1
6998 1150 1
6999 1041 1
7000 1219 1
7001 1178 1
7002 1316 1
7003 1290 1
7004 1390 1
7005 1689 1
7006 1568 1
7007 1570 1
7008 1345 1
7009 1425 1
7010 1405 1
7011 1263 1
7012 971 1
7013 681 1
7014 569 1
7015 517 1
7016 523 1
7017 541 1
7018 958 1
7019 1694 1
7020 1823 1
7021 1833 1
7022 1909 1
7023 1723 1
7024 1750 1
7025 1716 1
7026 848 1
7027 954 1
7028 905 1
7029 821 1
7030 773 1
7031 647 1
7032 676 1
7033 608 1
7034 701 1
7035 641 1
7036 906 1
7037 910 1
7038 988 1
7039 1127 1
7040 793 1
7041 729 1
7042 641 1
7043 759 1
7044 566 1
7045 483 1
7046 403 1
7047 612 1
7048 772 1
7049 785 1
7050 652 1
7051 673 1
7052 683 1
7053 891 1
7054 216 1
7055 104 1
7056 100 1
7057 100 1
7058 100 1
7059 100 1
7060 100 1
7061 100 1
7062 100 1
7063 100 1
7064 108 1
7065 248 1
7066 422 1
7067 679 1
7068 100 1
7069 100 1
7070 100 1
7071 100 1
7072 206 1
7073 379 1
7074 572 1
7075 612 1
7076 582 1
7077 334 1
7078 100 1
7079 100 1
7080 100 1
7081 100 1
7082 588 1
7083 719 1
7084 842 1
7085 862 1
7086 919 1
7087 1065 1
7088 1249 1
7089 1268 1
7090 1074 1
7091 1046 1
7092 956 1
7093 885 1
7094 704 1
7095 667 1
7096 1242 1
7097 1263 1
7098 1255 1
7099 1408 1
7100 1374 1
7101 1441 1
7102 1596 1
7103 1830 1
7104 1779 1
7105 1636 1
7106 1687 1
7107 1443 1
7108 1469 1
7109 1320 1
7110 1604 1
7111 1696 1
7112 1750 1
7113 1707 1
7114 1708 1
7115 1698 1
7116 1584 1
7117 1095 1
7118 1501 1
7119 1596 1
7120 1563 1
7121 1468 1
7122 1530 1
7123 1608 1
7124 1494 1
7125 1474 1
7126 1231 1
7127 1154 1
7128 1072 1
7129 1019 1
7130 992 1
7131 1057 1
7132 641 1
7133 105 1
7134 284 1
7135 463 1
7136 584 1
7137 676 1
7138 951 1
7139 747 1
7140 826 1
7141 735 1
7142 579 1
7143 523 1
7144 143 1
7145 351 1
7146 541 1
7147 584 1
7148 677 1
7149 685 1
7150 905 1
7151 816 1
7152 134 1
7153 136 1
7154 111 1
7155 100 1
7156 100 1
7157 100 1
7158 100 1
7159 100 1
7160 100 1
7161 100 1
7162 105 1
7163 110 1
7164 134 1
7165 122 1
7166 100 1
7167 100 1
7168 100 1
7169 239 1
7170 353 1
7171 523 1
7172 630 1
7173 526 1
7174 402 1
7175 114 1
7176 117 1
7177 100 1
7178 100 1
7179 100 1
7180 639 1
7181 793 1
7182 714 1
7183 949 1
7184 1019 1
7185 1161 1
7186 1098 1
7187 985 1
7188 897 1
7189 838 1
7190 706 1
7191 637 1
7192 598 1
7193 615 1
7194 1203 1
7195 1401 1
7196 1467 1
7197 1370 1
7198 1579 1
7199 1565 1
7200 1658 1
7201 1552 1
7202 1378 1
7203 1398 1
7204 1318 1
7205 1157 1
7206 1128 1
7207 1072 1
7208 1496 1
7209 1468 1
7210 1482 1
7211 1550 1
7212 1493 1
7213 1415 1
7214 1468 1
7215 1538 1
7216 1559 1
7217 1510 1
7218 1632 1
7219 1658 1
7220 1656 1
7221 1567 1
7222 1561 1
7223 1487 1
7224 1418 1
7225 1363 1
7226 1145 1
7227 1079 1
7228 1013 1
7229 612 1
7230 996 1
7231 1092 1
7232 1195 1
7233 1322 1
7234 1062 1
7235 997 1
7236 1028 1
7237 925 1
7238 674 1
7239 691 1
7240 589 1
7241 430 1
7242 281 1
7243 259 1
7244 410 1
7245 578 1
7246 623 1
7247 478 1
7248 784 1
7249 435 1
7250 114 1
7251 100 1
7252 100 1
7253 100 1
7254 100 1
7255 100 1
7256 100 1
7257 100 1
7258 100 1
7259 100 1
7260 100 1
7261 100 1
7262 100 1
7263 114 1
7264 100 1
7265 100 1
7266 100 1
7267 100 1
7268 100 1
7269 110 1
7270 372 1
7271 371 1
7272 334 1
7273 213 1
7274 123 1
7275 100 1
7276 100 1
7277 100 1
7278 516 1
7279 459 1
7280 606 1
7281 749 1
7282 823 1
7283 894 1
7284 958 1
7285 845 1
7286 826 1
7287 750 1
7288 707 1
7289 564 1
7290 545 1
7291 402 1
7292 933 1
7293 1166 1
7294 1134 1
7295 998 1
7296 916 1
7297 993 1
7298 1121 1
7299 1078 1
7300 1058 1
7301 1132 1
7302 1061 1
7303 1076 1
7304 954 1
7305 805 1
7306 100 1
7307 100 1
7308 100 1
7309 100 1
7310 100 1
7311 100 1
7312 100 1
7313 1083 1
7314 461 1
7315 235 1
7316 220 1
7317 203 1
7318 165 1
7319 727 1
7320 427 1
7321 375 1
7322 497 1
7323 311 1
7324 325 1
7325 253 1
7326 728 1
7327 1159 1
7328 1187 1
7329 1340 1
7330 1387 1
7331 1420 1
7332 1590 1
7333 1675 1
7334 100 1
7335 100 1
7336 100 1
7337 100 1
7338 100 1
7339 100 1
7340 100 1
7341 183 1
7342 266 1
7343 465 1
7344 542 1
7345 769 1
7346 891 1
7347 915 1
7348 100 1
7349 100 1
7350 100 1
7351 100 1
7352 100 1
7353 100 1
7354 100 1
7355 100 1
7356 100 1
7357 100 1
7358 100 1
7359 104 1
7360 111 1
7361 139 1
7362 100 1
7363 100 1
7364 100 1
7365 358 1
7366 237 1
7367 573 1
7368 606 1
7369 100 1
7370 100 1
7371 100 1
7372 100 1
7373 100 1
7374 100 1
7375 100 1
7376 643 1
7377 815 1
7378 727 1
7379 882 1
7380 1016 1
7381 1183 1
7382 1117 1
7383 100 1
7384 100 1
7385 100 1
7386 100 1
7387 100 1
7388 100 1
7389 100 1
7390 1291 1
7391 1391 1
7392 1394 1
7393 1304 1
7394 1233 1
7395 1380 1
7396 1521 1
7397 1435 1
7398 1359 1
7399 1209 1
7400 1247 1
7401 1117 1
7402 1116 1
7403 979 1
7404 1377 1
7405 1483 1
7406 1559 1
7407 1568 1
7408 1404 1
7409 1485 1
7410 1467 1
7411 1610 1
7412 1752 1
7413 1766 1
7414 1942 1
7415 1781 1
7416 1732 1
7417 1732 1
7418 1176 1
7419 1023 1
7420 934 1
7421 917 1
7422 855 1
7423 843 1
7424 784 1
7425 1132 1
7426 890 1
7427 844 1
7428 935 1
7429 940 1
7430 1112 1
7431 1160 1
7432 1205 1
7433 1053 1
7434 920 1
7435 813 1
7436 685 1
7437 613 1
7438 566 1
7439 513 1
7440 443 1
7441 592 1
7442 637 1
7443 682 1
7444 908 1
7445 969 1
7446 561 1
7447 506 1
7448 212 1
7449 100 1
7450 100 1
7451 100 1
7452 100 1
7453 100 1
7454 100 1
7455 100 1
7456 117 1
7457 103 1
7458 226 1
7459 389 1
7460 100 1
7461 100 1
7462 100 1
7463 233 1
7464 102 1
7465 420 1
7466 614 1
7467 550 1
7468 242 1
7469 100 1
7470 100 1
7471 100 1
7472 100 1
7473 100 1
7474 678 1
7475 700 1
7476 755 1
7477 997 1
7478 1024 1
7479 1047 1
7480 1264 1
7481 605 1
7482 937 1
7483 833 1
7484 814 1
7485 712 1
7486 548 1
7487 553 1
7488 933 1
7489 677 1
7490 615 1
7491 535 1
7492 429 1
7493 558 1
7494 897 1
7495 1494 1
7496 1345 1
7497 1136 1
7498 1167 1
7499 1073 1
7500 1027 1
7501 644 1
7502 1179 1
7503 1354 1
7504 1573 1
7505 1539 1
7506 1724 1
7507 1606 1
7508 1561 1
7509 1575 1
7510 1792 1
7511 1458 1
7512 1654 1
7513 1649 1
7514 1559 1
7515 1520 1
7516 1780 1
7517 1611 1
7518 1646 1
7519 1595 1
7520 1335 1
7521 1369 1
7522 1192 1
7523 1112 1
7524 1206 1
7525 1162 1
7526 1396 1
7527 1289 1
7528 1485 1
7529 1564 1
7530 1266 1
7531 916 1
7532 1020 1
7533 812 1
7534 918 1
7535 841 1
7536 754 1
7537 714 1
7538 637 1
7539 791 1
7540 688 1
7541 768 1
7542 952 1
7543 1085 1
7544 735 1
7545 547 1
7546 367 1
7547 380 1
7548 100 1
7549 100 1
7550 100 1
7551 100 1
7552 100 1
7553 100 1
7554 100 1
7555 100 1
7556 352 1
7557 430 1
7558 100 1
7559 100 1
7560 100 1
7561 100 1
7562 100 1
7563 425 1
7564 293 1
7565 355 1
7566 350 1
7567 100 1
7568 100 1
7569 100 1
7570 100 1
7571 100 1
7572 309 1
7573 432 1
7574 581 1
7575 658 1
7576 899 1
7577 920 1
7578 978 1
7579 820 1
7580 733 1
7581 693 1
7582 560 1
7583 534 1
7584 466 1
7585 251 1
7586 1174 1
7587 1193 1
7588 1159 1
7589 1195 1
7590 1211 1
7591 1342 1
7592 1332 1
7593 1453 1
7594 1221 1
7595 1087 1
7596 1081 1
7597 1199 1
7598 1120 1
7599 991 1
7600 1410 1
7601 1541 1
7602 1649 1
7603 1502 1
7604 1400 1
7605 1369 1
7606 1441 1
7607 1425 1
7608 1551 1
7609 1455 1
7610 1658 1
7611 1593 1
7612 1581 1
7613 1435 1
7614 1441 1
7615 1328 1
7616 1352 1
7617 1169 1
7618 1111 1
7619 1069 1
7620 1019 1
7621 969 1
7622 1010 1
7623 1084 1
7624 1121 1
7625 1324 1
7626 1353 1
7627 1423 1
7628 988 1
7629 747 1
7630 821 1
7631 665 1
7632 707 1
7633 424 1
7634 258 1
7635 406 1
7636 420 1
7637 700 1
7638 636 1
7639 718 1
7640 740 1
7641 777 1
7642 380 1
7643 237 1
7644 100 1
7645 100 1
7646 100 1
7647 100 1
7648 100 1
7649 100 1
7650 100 1
7651 100 1
7652 222 1
7653 101 1
7654 279 1
7655 474 1
7656 100 1
7657 100 1
7658 100 1
7659 100 1
7660 100 1
7661 100 1
7662 100 1
7663 363 1
7664 232 1
7665 100 1
7666 100 1
7667 100 1
7668 100 1
7669 100 1
7670 100 1
7671 100 1
7672 220 1
7673 353 1
7674 376 1
7675 411 1
7676 779 1
7677 965 1
7678 945 1
7679 804 1
7680 670 1
7681 580 1
7682 435 1
7683 391 1
7684 886 1
7685 1071 1
7686 1137 1
7687 1261 1
7688 1287 1
7689 1228 1
7690 1368 1
7691 1479 1
7692 1182 1
7693 1215 1
7694 1158 1
7695 1172 1
7696 1280 1
7697 1180 1
7698 1412 1
7699 1361 1
7700 1448 1
7701 1436 1
7702 1598 1
7703 1416 1
7704 1583 1
7705 1601 1
7706 1660 1
7707 1670 1
7708 1684 1
7709 1665 1
7710 1634 1
7711 1632 1
7712 1402 1
7713 1116 1
7714 1193 1
7715 1050 1
7716 945 1
7717 745 1
7718 923 1
7719 925 1
7720 1016 1
7721 1051 1
7722 1212 1
7723 1257 1
7724 1443 1
7725 1601 1
7726 704 1
7727 675 1
7728 798 1
7729 742 1
7730 602 1
7731 497 1
7732 461 1
7733 403 1
7734 395 1
7735 413 1
7736 614 1
7737 673 1
7738 743 1
7739 852 1
7740 534 1
7741 358 1
7742 121 1
7743 221 1
7744 100 1
7745 100 1
7746 100 1
7747 100 1
7748 100 1
7749 100 1
7750 100 1
7751 102 1
7752 244 1
7753 399 1
7754 100 1
7755 100 1
7756 100 1
7757 100 1
7758 100 1
7759 236 1
7760 530 1
7761 489 1
7762 245 1
7763 100 1
7764 100 1
7765 100 1
7766 100 1
7767 100 1
7768 435 1
7769 662 1
7770 629 1
7771 809 1
7772 809 1
7773 847 1
7774 956 1
7775 1042 1
7776 824 1
7777 795 1
7778 634 1
7779 577 1
7780 433 1
7781 426 1
7782 979 1
7783 1064 1
7784 1102 1
7785 1190 1
7786 1252 1
7787 1230 1
7788 1381 1
7789 1426 1
7790 1274 1
7791 1181 1
7792 1146 1
7793 1103 1
7794 1169 1
7795 1093 1
7796 1474 1
7797 1367 1
7798 1390 1
7799 1402 1
7800 1538 1
7801 1372 1
7802 1351 1
7803 958 1
7804 366 1
7805 494 1
7806 252 1
7807 401 1
7808 496 1
7809 920 1
7810 1471 1
7811 1385 1
7812 1337 1
7813 1369 1
7814 1171 1
7815 921 1
7816 934 1
7817 970 1
7818 1023 1
7819 1064 1
7820 1136 1
7821 1220 1
7822 1386 1
7823 1416 1
7824 907 1
7825 912 1
7826 899 1
7827 823 1
7828 695 1
7829 642 1
7830 678 1
7831 566 1
7832 637 1
7833 768 1
7834 705 1
7835 729 1
7836 821 1
7837 941 1
7838 598 1
7839 425 1
7840 325 1
7841 249 1
7842 100 1
7843 100 1
7844 100 1
7845 100 1
7846 100 1
7847 100 1
7848 334 1
7849 208 1
7850 427 1
7851 615 1
7852 100 1
7853 100 1
7854 100 1
7855 100 1
7856 100 1
7857 271 1
7858 523 1
7859 281 1
7860 274 1
7861 100 1
7862 100 1
7863 100 1
7864 100 1
7865 100 1
7866 289 1
7867 436 1
7868 571 1
7869 682 1
7870 858 1
7871 833 1
7872 920 1
7873 1020 1
7874 924 1
7875 838 1
7876 788 1
7877 618 1
7878 561 1
7879 521 1
7880 1235 1
7881 1268 1
7882 1194 1
7883 1401 1
7884 1397 1
7885 1519 1
7886 1514 1
7887 1387 1
7888 1305 1
7889 1200 1
7890 1103 1
7891 1025 1
7892 977 1
7893 1122 1
7894 1359 1
7895 1380 1
7896 1474 1
7897 1485 1
7898 1614 1
7899 1541 1
7900 1515 1
7901 808 1
7902 995 1
7903 929 1
7904 963 1
7905 981 1
7906 879 1
7907 763 1
7908 1573 1
7909 1442 1
7910 1508 1
7911 1293 1
7912 1208 1
7913 1115 1
7914 944 1
7915 674 1
7916 754 1
7917 810 1
7918 1011 1
7919 991 1
7920 1153 1
7921 1074 1
7922 800 1
7923 703 1
7924 644 1
7925 576 1
7926 303 1
7927 579 1
7928 442 1
7929 450 1
7930 599 1
7931 514 1
7932 553 1
7933 608 1
7934 620 1
7935 653 1
7936 421 1
7937 236 1
7938 100 1
7939 100 1
7940 100 1
7941 100 1
7942 100 1
7943 100 1
7944 100 1
7945 100 1
7946 225 1
7947 221 1
7948 209 1
7949 100 1
7950 100 1
7951 100 1
7952 100 1
7953 100 1
7954 100 1
7955 250 1
7956 247 1
7957 395 1
7958 225 1
7959 206 1
7960 111 1
7961 100 1
7962 100 1
7963 100 1
7964 100 1
7965 100 1
7966 100 1
7967 100 1
7968 100 1
7969 100 1
7970 100 1
7971 100 1
7972 100 1
7973 100 1
7974 100 1
7975 100 1
7976 100 1
7977 100 1
7978 952 1
7979 994 1
7980 1219 1
7981 1162 1
7982 1247 1
7983 1264 1
7984 1395 1
7985 100 1
7986 100 1
7987 100 1
7988 100 1
7989 100 1
7990 100 1
7991 100 1
7992 1452 1
7993 1547 1
7994 1638 1
7995 1541 1
7996 1455 1
7997 1406 1
7998 1307 1
7999 1352 1
8000 1446 1
8001 1557 1
8002 1437 1
8003 1674 1
8004 1623 1
8005 1514 1
8006 1281 1
8007 1332 1
8008 1325 1
8009 1075 1
8010 100 1
8011 931 1
8012 886 1
8013 906 1
8014 911 1
8015 1055 1
8016 1051 1
8017 1257 1
8018 1147 1
8019 1391 1
8020 805 1
8021 745 1
8022 796 1
8023 586 1
8024 543 1
8025 520 1
8026 337 1
8027 100 1
8028 118 1
8029 115 1
8030 338 1
8031 344 1
8032 380 1
8033 495 1
8034 387 1
8035 223 1
8036 100 1
8037 100 1
8038 100 1
8039 100 1
8040 100 1
8041 100 1
8042 100 1
8043 100 1
8044 100 1
8045 113 1
8046 352 1
8047 369 1
8048 100 1
8049 100 1
8050 100 1
8051 100 1
8052 100 1
8053 100 1
8054 100 1
8055 468 1
8056 400 1
8057 217 1
8058 215 1
8059 100 1
8060 100 1
8061 100 1
8062 100 1
8063 245 1
8064 134 1
8065 348 1
8066 403 1
8067 557 1
8068 454 1
8069 938 1
8070 735 1
8071 670 1
8072 752 1
8073 597 1
8074 611 1
8075 444 1
8076 110 1
8077 117 1
8078 332 1
8079 250 1
8080 245 1
8081 273 1
8082 238 1
8083 824 1
8084 828 1
8085 740 1
8086 782 1
8087 652 1
8088 592 1
8089 554 1
8090 976 1
8091 970 1
8092 1087 1
8093 1125 1
8094 1024 1
8095 1036 1
8096 932 1
8097 1255 1
8098 1275 1
8099 1130 1
8100 1246 1
8101 1097 1
8102 1226 1
8103 1218 1
8104 963 1
8105 1004 1
8106 927 1
8107 937 1
8108 974 1
8109 654 1
8110 654 1
8111 811 1
8112 828 1
8113 1047 1
8114 1018 1
8115 1061 1
8116 1106 1
8117 1104 1
8118 100 1
8119 100 1
8120 100 1
8121 100 1
8122 100 1
8123 100 1
8124 100 1
8125 518 1
8126 723 1
8127 638 1
8128 738 1
8129 736 1
8130 931 1
8131 867 1
8132 100 1
8133 100 1
8134 100 1
8135 100 1
8136 100 1
8137 100 1
8138 100 1
8139 100 1
8140 100 1
8141 100 1
8142 226 1
8143 233 1
8144 303 1
8145 553 1
8146 100 1
8147 100 1
8148 100 1
8149 100 1
8150 100 1
8151 100 1
8152 100 1
8153 455 1
8154 401 1
8155 221 1
8156 232 1
8157 100 1
8158 100 1
8159 100 1
8160 100 1
8161 100 1
8162 524 1
8163 543 1
8164 610 1
8165 637 1
8166 730 1
8167 895 1
8168 790 1
8169 709 1
8170 663 1
8171 458 1
8172 660 1
8173 578 1
8174 912 1
8175 1013 1
8176 1106 1
8177 1162 1
8178 1235 1
8179 1249 1
8180 1396 1
8181 1496 1
8182 1343 1
8183 1348 1
8184 1242 1
8185 1233 1
8186 907 1
8187 1031 1
8188 1511 1
8189 1567 1
8190 1490 1
8191 1493 1
8192 1463 1
8193 1454 1
8194 1364 1
8195 100 1
8196 1161 1
8197 1041 1
8198 1085 1
8199 1148 1
8200 1245 1
8201 1245 1
8202 1268 1
8203 1309 1
8204 1200 1
8205 1102 1
8206 1022 1
8207 997 1
8208 969 1
8209 1083 1
8210 1109 1
8211 1211 1
8212 1195 1
8213 1325 1
8214 1311 1
8215 1149 1
8216 856 1
8217 656 1
8218 430 1
8219 412 1
8220 264 1
8221 366 1
8222 144 1
8223 100 1
8224 100 1
8225 100 1
8226 100 1
8227 100 1
8228 100 1
8229 100 1
8230 106 1
8231 102 1
8232 100 1
8233 100 1
8234 100 1
8235 100 1
8236 100 1
8237 100 1
8238 100 1
8239 100 1
8240 100 1
8241 100 1
8242 100 1
8243 100 1
8244 100 1
8245 100 1
8246 100 1
8247 127 1
8248 100 1
8249 378 1
8250 406 1
8251 552 1
8252 559 1
8253 260 1
8254 255 1
8255 100 1
8256 100 1
8257 100 1
8258 431 1
8259 649 1
8260 744 1
8261 704 1
8262 706 1
8263 751 1
8264 100 1
8265 768 1
8266 724 1
8267 733 1
8268 837 1
8269 788 1
8270 641 1
8271 592 1
8272 949 1
8273 923 1
8274 1133 1
8275 1239 1
8276 1337 1
8277 1313 1
8278 1615 1
8279 1663 1
8280 1558 1
8281 1501 1
8282 1375 1
8283 1379 1
8284 1068 1
8285 1031 1
8286 1547 1
8287 1557 1
8288 1675 1
8289 1626 1
8290 1589 1
8291 1493 1
8292 1478 1
8293 1527 1
8294 1597 1
8295 1464 1
8296 1699 1
8297 1575 1
8298 1678 1
8299 1667 1
8300 1496 1
8301 1440 1
8302 1369 1
8303 1215 1
8304 1188 1
8305 1091 1
8306 890 1
8307 1165 1
8308 1312 1
8309 1215 1
8310 1258 1
8311 1458 1
8312 1526 1
8313 1440 1
8314 857 1
8315 893 1
8316 750 1
8317 827 1
8318 631 1
8319 593 1
8320 442 1
8321 453 1
8322 589 1
8323 616 1
8324 676 1
8325 748 1
8326 1028 1
8327 1112 1
8328 387 1
8329 106 1
8330 212 1
8331 100 1
8332 100 1
8333 100 1
8334 100 1
8335 100 1
8336 100 1
8337 100 1
8338 100 1
8339 313 1
8340 354 1
8341 544 1
8342 100 1
8343 100 1
8344 100 1
8345 213 1
8346 336 1
8347 246 1
8348 409 1
8349 594 1
8350 310 1
8351 237 1
8352 253 1
8353 100 1
8354 100 1
8355 100 1
8356 534 1
8357 498 1
8358 572 1
8359 434 1
8360 498 1
8361 751 1
8362 740 1
8363 822 1
8364 842 1
8365 657 1
8366 740 1
8367 602 1
8368 579 1
8369 645 1
8370 769 1
8371 797 1
8372 1022 1
8373 1074 1
8374 1084 1
8375 1202 1
8376 1297 1
8377 1560 1
8378 1553 1
8379 1606 1
8380 1417 1
8381 1163 1
8382 1024 1
8383 866 1
8384 100 1
8385 100 1
8386 100 1
8387 100 1
8388 100 1
8389 100 1
8390 100 1
8391 1438 1
8392 1542 1
8393 1603 1
8394 1517 1
8395 1475 1
8396 1385 1
8397 1430 1
8398 1015 1
8399 1041 1
8400 1067 1
8401 922 1
8402 837 1
8403 813 1
8404 755 1
8405 969 1
8406 864 1
8407 993 1
8408 1040 1
8409 1110 1
8410 1225 1
8411 1261 1
8412 753 1
8413 691 1
8414 675 1
8415 573 1
8416 493 1
8417 380 1
8418 237 1
8419 668 1
8420 640 1
8421 731 1
8422 767 1
8423 769 1
8424 811 1
8425 869 1
8426 226 1
8427 107 1
8428 102 1
8429 103 1
8430 100 1
8431 100 1
8432 100 1
8433 100 1
8434 100 1
8435 100 1
8436 119 1
8437 247 1
8438 513 1
8439 543 1
8440 100 1
8441 100 1
8442 100 1
8443 100 1
8444 100 1
8445 100 1
8446 100 1
8447 548 1
8448 380 1
8449 110 1
8450 100 1
8451 100 1
8452 100 1
8453 100 1
8454 100 1
8455 100 1
8456 100 1
8457 100 1
8458 100 1
8459 100 1
8460 100 1
8461 877 1
8462 844 1
8463 767 1
8464 693 1
8465 586 1
8466 550 1
8467 530 1
8468 100 1
8469 105 1
8470 222 1
8471 234 1
8472 347 1
8473 364 1
8474 483 1
8475 1446 1
8476 1309 1
8477 1223 1
8478 1190 1
8479 1135 1
8480 993 1
8481 809 1
8482 578 1
8483 610 1
8484 559 1
8485 683 1
8486 888 1
8487 721 1
8488 445 1
8489 1552 1
8490 1573 1
8491 1498 1
8492 1674 1
8493 1425 1
8494 1526 1
8495 1498 1
8496 475 1
8497 284 1
8498 225 1
8499 121 1
8500 209 1
8501 103 1
8502 100 1
8503 963 1
8504 983 1
8505 1069 1
8506 1133 1
8507 1339 1
8508 1431 1
8509 1526 1
8510 100 1
8511 100 1
8512 100 1
8513 100 1
8514 100 1
8515 100 1
8516 100 1
8517 354 1
8518 404 1
8519 430 1
8520 596 1
8521 687 1
8522 767 1
8523 810 1
8524 100 1
8525 100 1
8526 100 1
8527 100 1
8528 100 1
8529 100 1
8530 100 1
8531 100 1
8532 100 1
8533 100 1
8534 100 1
8535 101 1
8536 100 1
8537 100 1
8538 100 1
8539 100 1
8540 100 1
8541 100 1
8542 100 1
8543 113 1
8544 275 1
8545 100 1
8546 100 1
8547 100 1
8548 100 1
8549 100 1
8550 100 1
8551 100 1
8552 477 1
8553 407 1
8554 536 1
8555 457 1
8556 523 1
8557 668 1
8558 737 1
8559 242 1
8560 324 1
8561 333 1
8562 206 1
8563 100 1
8564 104 1
8565 100 1
8566 792 1
8567 1041 1
8568 1001 1
8569 1051 1
8570 1128 1
8571 1188 1
8572 1139 1
8573 694 1
8574 672 1
8575 598 1
8576 530 1
8577 527 1
8578 372 1
8579 334 1
8580 1110 1
8581 819 1
8582 1269 1
8583 1325 1
8584 1435 1
8585 1515 1
8586 1471 1
8587 836 1
8588 991 1
8589 1121 1
8590 981 1
8591 749 1
8592 626 1
8593 476 1
8594 1383 1
8595 1165 1
8596 1065 1
8597 970 1
8598 972 1
8599 877 1
8600 807 1
8601 116 1
8602 217 1
8603 247 1
8604 397 1
8605 534 1
8606 561 1
8607 741 1
8608 655 1
8609 617 1
8610 524 1
8611 501 1
8612 361 1
8613 350 1
8614 318 1
8615 100 1
8616 100 1
8617 100 1
8618 100 1
8619 100 1
8620 200 1
8621 100 1
8622 219 1
8623 100 1
8624 100 1
8625 100 1
8626 100 1
8627 100 1
8628 100 1
8629 100 1
8630 100 1
8631 100 1
8632 100 1
8633 100 1
8634 100 1
8635 100 1
8636 100 1
8637 100 1
8638 100 1
8639 341 1
8640 346 1
8641 542 1
8642 582 1
8643 230 1
8644 128 1
8645 217 1
8646 100 1
8647 100 1
8648 100 1
8649 100 1
8650 621 1
8651 656 1
8652 804 1
8653 825 1
8654 939 1
8655 974 1
8656 1032 1
8657 930 1
8658 731 1
8659 783 1
8660 489 1
8661 561 1
8662 447 1
8663 484 1
8664 1074 1
8665 1093 1
8666 814 1
8667 1380 1
8668 1467 1
8669 1582 1
8670 1630 1
8671 1275 1
8672 1228 1
8673 1207 1
8674 1116 1
8675 1053 1
8676 871 1
8677 922 1
8678 1549 1
8679 1646 1
8680 1552 1
8681 1590 1
8682 1723 1
8683 1520 1
8684 1608 1
8685 1373 1
8686 1372 1
8687 1365 1
8688 1417 1
8689 1327 1
8690 1319 1
8691 1275 1
8692 1600 1
8693 1538 1
8694 1487 1
8695 1293 1
8696 1232 1
8697 1155 1
8698 1193 1
8699 870 1
8700 923 1
8701 1003 1
8702 1011 1
8703 1045 1
8704 1145 1
8705 1255 1
8706 1127 1
8707 973 1
8708 846 1
8709 838 1
8710 767 1
8711 619 1
8712 100 1
8713 269 1
8714 384 1
8715 482 1
8716 564 1
8717 673 1
8718 690 1
8719 723 1
8720 430 1
8721 393 1
8722 117 1
8723 242 1
8724 100 1
8725 100 1
8726 100 1
8727 100 1
8728 100 1
8729 100 1
8730 100 1
8731 100 1
8732 102 1
8733 213 1
8734 100 1
8735 100 1
8736 100 1
8737 220 1
8738 332 1
8739 557 1
8740 547 1
8741 513 1
8742 378 1
8743 115 1
8744 208 1
8745 100 1
8746 100 1
8747 100 1
8748 477 1
8749 662 1
8750 751 1
8751 744 1
8752 952 1
8753 1006 1
8754 1038 1
8755 886 1
8756 772 1
8757 794 1
8758 742 1
8759 595 1
8760 566 1
8761 420 1
8762 1110 1
8763 1184 1
8764 1334 1
8765 1265 1
8766 1367 1
8767 1355 1
8768 1523 1
8769 1372 1
8770 1172 1
8771 1177 1
8772 1107 1
8773 1128 1
8774 968 1
8775 1061 1
8776 1502 1
8777 1491 1
8778 1474 1
8779 1448 1
8780 1445 1
8781 1475 1
8782 1056 1
8783 1358 1
8784 1274 1
8785 1266 1
8786 1366 1
8787 1227 1
8788 1414 1
8789 1462 1
8790 646 1
8791 497 1
8792 453 1
8793 394 1
8794 376 1
8795 412 1
8796 419 1
8797 1046 1
8798 930 1
8799 1047 1
8800 1088 1
8801 1272 1
8802 1249 1
8803 1316 1
8804 321 1
8805 166 1
8806 179 1
8807 168 1
8808 252 1
8809 639 1
8810 634 1
8811 614 1
8812 598 1
8813 730 1
8814 671 1
8815 688 1
8816 936 1
8817 905 1
8818 554 1
8819 295 1
8820 344 1
8821 227 1
8822 100 1
8823 100 1
8824 100 1
8825 100 1
8826 100 1
8827 100 1
8828 231 1
8829 106 1
8830 512 1
8831 442 1
8832 100 1
8833 100 1
8834 100 1
8835 100 1
8836 100 1
8837 219 1
8838 341 1
8839 410 1
8840 263 1
8841 113 1
8842 100 1
8843 100 1
8844 100 1
8845 100 1
8846 382 1
8847 542 1
8848 512 1
8849 454 1
8850 559 1
8851 594 1
8852 873 1
8853 943 1
8854 907 1
8855 813 1
8856 629 1
8857 599 1
8858 477 1
8859 565 1
8860 774 1
8861 885 1
8862 849 1
8863 1180 1
8864 1073 1
8865 1185 1
8866 1142 1
8867 1206 1
8868 931 1
8869 1267 1
8870 1213 1
8871 1088 1
8872 1110 1
8873 953 1
8874 100 1
8875 100 1
8876 100 1
8877 100 1
8878 100 1
8879 100 1
8880 100 1
8881 952 1
8882 1486 1
8883 1481 1
8884 1615 1
8885 1442 1
8886 1482 1
8887 1420 1
8888 1264 1
8889 1299 1
8890 1186 1
8891 1165 1
8892 1035 1
8893 819 1
8894 693 1
8895 1000 1
8896 455 1
8897 141 1
8898 279 1
8899 262 1
8900 171 1
8901 257 1
8902 659 1
8903 454 1
8904 613 1
8905 436 1
8906 304 1
8907 120 1
8908 363 1
8909 567 1
8910 593 1
8911 688 1
8912 520 1
8913 664 1
8914 775 1
8915 776 1
8916 226 1
8917 211 1
8918 100 1
8919 100 1
8920 100 1
8921 100 1
8922 100 1
8923 100 1
8924 100 1
8925 100 1
8926 100 1
8927 104 1
8928 500 1
8929 578 1
8930 100 1
8931 100 1
8932 100 1
8933 100 1
8934 100 1
8935 100 1
8936 100 1
8937 491 1
8938 338 1
8939 100 1
8940 230 1
8941 100 1
8942 100 1
8943 100 1
8944 229 1
8945 335 1
8946 371 1
8947 393 1
8948 391 1
8949 512 1
8950 557 1
8951 785 1
8952 683 1
8953 667 1
8954 621 1
8955 697 1
8956 551 1
8957 497 1
8958 802 1
8959 1091 1
8960 1172 1
8961 1154 1
8962 1189 1
8963 1279 1
8964 1389 1
8965 822 1
8966 762 1
8967 747 1
8968 732 1
8969 604 1
8970 582 1
8971 533 1
8972 700 1
8973 683 1
8974 644 1
8975 767 1
8976 740 1
8977 705 1
8978 637 1
8979 1199 1
8980 1107 1
8981 1187 1
8982 1184 1
8983 1262 1
8984 1115 1
8985 1114 1
8986 777 1
8987 913 1
8988 675 1
8989 680 1
8990 729 1
8991 727 1
8992 568 1
8993 100 1
8994 100 1
8995 100 1
8996 100 1
8997 100 1
8998 100 1
8999 100 1
9000 736 1
9001 648 1
9002 477 1
9003 488 1
9004 285 1
9005 100 1
9006 141 1
9007 100 1
9008 100 1
9009 100 1
9010 100 1
9011 100 1
9012 100 1
9013 100 1
9014 230 1
9015 134 1
9016 104 1
9017 100 1
9018 100 1
9019 100 1
9020 100 1
9021 100 1
9022 100 1
9023 100 1
9024 100 1
9025 100 1
9026 100 1
9027 104 1
9028 100 1
9029 100 1
9030 102 1
9031 324 1
9032 353 1
9033 365 1
9034 552 1
9035 407 1
9036 326 1
9037 103 1
9038 100 1
9039 100 1
9040 100 1
9041 100 1
9042 601 1
9043 583 1
9044 573 1
9045 565 1
9046 605 1
9047 668 1
9048 695 1
9049 955 1
9050 833 1
9051 697 1
9052 659 1
9053 474 1
9054 568 1
9055 578 1
9056 970 1
9057 868 1
9058 1144 1
9059 1163 1
9060 1313 1
9061 1342 1
9062 1387 1
9063 1111 1
9064 1221 1
9065 994 1
9066 1034 1
9067 1064 1
9068 956 1
9069 1059 1
9070 1384 1
9071 1442 1
9072 1440 1
9073 1457 1
9074 1663 1
9075 1578 1
9076 1449 1
9077 1349 1
9078 1529 1
9079 1505 1
9080 1521 1
9081 1564 1
9082 1561 1
9083 1455 1
9084 1066 1
9085 1208 1
9086 879 1
9087 962 1
9088 971 1
9089 654 1
9090 270 1
9091 1001 1
9092 991 1
9093 985 1
9094 1060 1
9095 1067 1
9096 1158 1
9097 1279 1
9098 185 1
9099 174 1
9100 100 1
9101 156 1
9102 131 1
9103 512 1
9104 602 1
9105 414 1
9106 427 1
9107 416 1
9108 604 1
9109 694 1
9110 697 1
9111 751 1
9112 554 1
9113 491 1
9114 135 1
9115 220 1
9116 100 1
9117 100 1
9118 100 1
9119 100 1
9120 100 1
9121 100 1
9122 101 1
9123 100 1
9124 109 1
9125 469 1
9126 100 1
9127 100 1
9128 100 1
9129 100 1
9130 100 1
9131 100 1
9132 100 1
9133 406 1
9134 415 1
9135 212 1
9136 100 1
9137 100 1
9138 100 1
9139 100 1
9140 542 1
9141 572 1
9142 576 1
9143 606 1
9144 727 1
9145 751 1
9146 728 1
9147 887 1
9148 806 1
9149 837 1
9150 760 1
9151 607 1
9152 466 1
9153 535 1
9154 813 1
9155 838 1
9156 985 1
9157 965 1
9158 1093 1
9159 1166 1
9160 1025 1
9161 1491 1
9162 1267 1
9163 1204 1
9164 1144 1
9165 1102 1
9166 1085 1
9167 839 1
9168 1078 1
9169 1107 1
9170 1183 1
9171 1166 1
9172 1215 1
9173 1224 1
9174 1264 1
9175 1267 1
9176 1356 1
9177 1381 1
9178 1302 1
9179 1426 1
9180 1402 1
9181 1433 1
9182 1199 1
9183 1081 1
9184 980 1
9185 971 1
9186 893 1
9187 731 1
9188 615 1
9189 100 1
9190 670 1
9191 904 1
9192 939 1
9193 1169 1
9194 836 1
9195 1136 1
9196 559 1
9197 245 1
9198 437 1
9199 423 1
9200 362 1
9201 405 1
9202 397 1
9203 110 1
9204 118 1
9205 139 1
9206 150 1
9207 101 1
9208 100 1
9209 100 1
9210 498 1
9211 351 1
9212 322 1
9213 102 1
9214 100 1
9215 100 1
9216 100 1
9217 100 1
9218 100 1
9219 100 1
9220 100 1
9221 100 1
9222 118 1
9223 201 1
9224 100 1
9225 100 1
9226 100 1
9227 100 1
9228 100 1
9229 100 1
9230 118 1
9231 573 1
9232 388 1
9233 355 1
9234 221 1
9235 100 1
9236 100 1
9237 100 1
9238 242 1
9239 383 1
9240 372 1
9241 267 1
9242 457 1
9243 572 1
9244 617 1
9245 915 1
9246 881 1
9247 853 1
9248 693 1
9249 792 1
9250 562 1
9251 568 1
9252 100 1
9253 100 1
9254 100 1
9255 100 1
9256 100 1
9257 100 1
9258 100 1
9259 1345 1
9260 1324 1
9261 1201 1
9262 1172 1
9263 1219 1
9264 1156 1
9265 993 1
9266 1160 1
9267 1155 1
9268 1264 1
9269 1243 1
9270 1330 1
9271 1303 1
9272 1489 1
9273 1546 1
9274 1515 1
9275 1352 1
9276 1362 1
9277 1396 1
9278 1433 1
9279 1320 1
9280 1285 1
9281 1145 1
9282 1024 1
9283 1005 1
9284 937 1
9285 891 1
9286 747 1
9287 867 1
9288 1060 1
9289 1175 1
9290 1307 1
9291 1406 1
9292 1487 1
9293 1490 1
9294 641 1
9295 648 1
9296 567 1
9297 432 1
9298 393 1
9299 389 1
9300 119 1
9301 438 1
9302 486 1
9303 604 1
9304 539 1
9305 833 1
9306 906 1
9307 828 1
9308 122 1
9309 106 1
9310 100 1
9311 100 1
9312 100 1
9313 100 1
9314 100 1
9315 100 1
9316 100 1
9317 100 1
9318 100 1
9319 337 1
9320 419 1
9321 417 1
9322 100 1
9323 100 1
9324 100 1
9325 100 1
9326 100 1
9327 251 1
9328 409 1
9329 508 1
9330 346 1
9331 224 1
9332 109 1
9333 100 1
9334 100 1
9335 100 1
9336 553 1
9337 608 1
9338 602 1
9339 591 1
9340 763 1
9341 825 1
9342 780 1
9343 881 1
9344 807 1
9345 622 1
9346 701 1
9347 578 1
9348 544 1
9349 405 1
9350 954 1
9351 1078 1
9352 1129 1
9353 1068 1
9354 1153 1
9355 1341 1
9356 1370 1
9357 1579 1
9358 1481 1
9359 1532 1
9360 1217 1
9361 1329 1
9362 1226 1
9363 1044 1
9364 1454 1
9365 1435 1
9366 1525 1
9367 1433 1
9368 1447 1
9369 1445 1
9370 1435 1
9371 1300 1
9372 1344 1
9373 1349 1
9374 1268 1
9375 1406 1
9376 1301 1
9377 1283 1
9378 1390 1
9379 1343 1
9380 1058 1
9381 1153 1
9382 1110 1
9383 1030 1
9384 953 1
9385 815 1
9386 863 1
9387 923 1
9388 957 1
9389 1020 1
9390 1173 1
9391 1198 1
9392 930 1
9393 716 1
9394 720 1
9395 845 1
9396 640 1
9397 445 1
9398 462 1
9399 222 1
9400 124 1
9401 220 1
9402 260 1
9403 359 1
9404 423 1
9405 578 1
9406 481 1
9407 262 1
9408 116 1
9409 125 1
9410 100 1
9411 100 1
9412 100 1
9413 100 1
9414 100 1
9415 100 1
9416 100 1
9417 100 1
9418 108 1
9419 113 1
9420 100 1
9421 100 1
9422 100 1
9423 100 1
9424 104 1
9425 272 1
9426 513 1
9427 586 1
9428 522 1
9429 224 1
9430 215 1
9431 100 1
9432 100 1
9433 100 1
9434 564 1
9435 484 1
9436 670 1
9437 642 1
9438 815 1
9439 850 1
9440 963 1
9441 1038 1
9442 969 1
9443 971 1
9444 843 1
9445 758 1
9446 650 1
9447 660 1
9448 952 1
9449 1012 1
9450 1089 1
9451 1180 1
9452 1318 1
9453 1270 1
9454 1418 1
9455 1491 1
9456 1388 1
9457 1490 1
9458 1373 1
9459 1379 1
9460 1115 1
9461 1244 1
9462 1405 1
9463 1534 1
9464 1472 1
9465 1522 1
9466 1440 1
9467 1456 1
9468 1461 1
9469 1549 1
9470 1641 1
9471 1594 1
9472 1643 1
9473 1491 1
9474 1453 1
9475 1364 1
9476 1499 1
9477 1410 1
9478 1269 1
9479 1235 1
9480 1095 1
9481 1006 1
9482 1004 1
9483 1134 1
9484 1209 1
9485 1231 1
9486 1401 1
9487 1485 1
9488 1511 1
9489 1577 1
9490 961 1
9491 806 1
9492 822 1
9493 774 1
9494 645 1
9495 589 1
9496 464 1
9497 622 1
9498 669 1
9499 871 1
9500 100 1
9501 957 1
9502 830 1
9503 1120 1
9504 433 1
9505 274 1
9506 251 1
9507 232 1
9508 100 1
9509 100 1
9510 100 1
9511 100 1
9512 100 1
9513 100 1
9514 289 1
9515 394 1
9516 449 1
9517 594 1
9518 100 1
9519 100 1
9520 100 1
9521 100 1
9522 112 1
9523 395 1
9524 543 1
9525 499 1
9526 271 1
9527 105 1
9528 100 1
9529 100 1
9530 100 1
9531 100 1
9532 517 1
9533 443 1
9534 560 1
9535 749 1
9536 783 1
9537 766 1
9538 786 1
9539 1009 1
9540 894 1
9541 869 1
9542 822 1
9543 766 1
9544 622 1
9545 543 1
9546 981 1
9547 1100 1
9548 1133 1
9549 1111 1
9550 1163 1
9551 1313 1
9552 1427 1
9553 1559 1
9554 1428 1
9555 1257 1
9556 1349 1
9557 1317 1
9558 1190 1
9559 1086 1
9560 1543 1
9561 1568 1
9562 1619 1
9563 1568 1
9564 1589 1
9565 1629 1
9566 1465 1
9567 1591 1
9568 1599 1
9569 1555 1
9570 1461 1
9571 1582 1
9572 1481 1
9573 1496 1
9574 1355 1
9575 1304 1
9576 794 1
9577 1058 1
9578 1071 1
9579 1009 1
9580 954 1
9581 1217 1
9582 1137 1
9583 1204 1
9584 1266 1
9585 1324 1
9586 1535 1
9587 1549 1
9588 867 1
9589 1021 1
9590 830 1
9591 678 1
9592 496 1
9593 599 1
9594 461 1
9595 681 1
9596 823 1
9597 804 1
9598 853 1
9599 984 1
9600 999 1
9601 1084 1
9602 531 1
9603 368 1
9604 231 1
9605 115 1
9606 100 1
9607 100 1
9608 100 1
9609 100 1
9610 100 1
9611 100 1
9612 248 1
9613 269 1
9614 536 1
9615 485 1
9616 100 1
9617 100 1
9618 100 1
9619 100 1
9620 100 1
9621 100 1
9622 100 1
9623 100 1
9624 100 1
9625 100 1
9626 100 1
9627 100 1
9628 100 1
9629 100 1
9630 100 1
9631 100 1
9632 100 1
9633 100 1
9634 100 1
9635 100 1
9636 100 1
9637 871 1
9638 950 1
9639 946 1
9640 752 1
9641 611 1
9642 452 1
9643 281 1
9644 573 1
9645 561 1
9646 727 1
9647 855 1
9648 1044 1
9649 844 1
9650 100 1
9651 1550 1
9652 1490 1
9653 1353 1
9654 1257 1
9655 1183 1
9656 1246 1
9657 1122 1
9658 448 1
9659 567 1
9660 478 1
9661 700 1
9662 582 1
9663 502 1
9664 368 1
9665 1079 1
9666 1009 1
9667 977 1
9668 963 1
9669 1090 1
9670 985 1
9671 1034 1
9672 1050 1
9673 1119 1
9674 1091 1
9675 910 1
9676 718 1
9677 671 1
9678 729 1
9679 1078 1
9680 1296 1
9681 1256 1
9682 1455 1
9683 1477 1
9684 1512 1
9685 1550 1
9686 371 1
9687 345 1
9688 122 1
9689 118 1
9690 100 1
9691 121 1
9692 100 1
9693 131 1
9694 327 1
9695 372 1
9696 358 1
9697 362 1
9698 280 1
9699 567 1
9700 100 1
9701 100 1
9702 100 1
9703 100 1
9704 100 1
9705 100 1
9706 100 1
9707 100 1
9708 100 1
9709 100 1
9710 259 1
9711 267 1
9712 557 1
9713 510 1
9714 100 1
9715 100 1
9716 100 1
9717 100 1
9718 100 1
9719 100 1
9720 100 1
9721 100 1
9722 100 1
9723 100 1
9724 100 1
9725 100 1
9726 100 1
9727 100 1
9728 100 1
9729 100 1
9730 618 1
9731 832 1
9732 854 1
9733 848 1
9734 906 1
9735 666 1
9736 657 1
9737 599 1
9738 460 1
9739 555 1
9740 100 1
9741 105 1
9742 1132 1
9743 1199 1
9744 1073 1
9745 1135 1
9746 1286 1
9747 1188 1
9748 1391 1
9749 1449 1
9750 1293 1
9751 1211 1
9752 1112 1
9753 1147 1
9754 1063 1
9755 1000 1
9756 100 1
9757 100 1
9758 100 1
9759 100 1
9760 100 1
9761 100 1
9762 100 1
9763 1597 1
9764 1640 1
9765 1456 1
9766 1486 1
9767 1565 1
9768 1552 1
9769 1512 1
9770 1380 1
9771 1335 1
9772 1334 1
9773 1107 1
9774 1053 1
9775 1027 1
9776 985 1
9777 1088 1
9778 1140 1
9779 1199 1
9780 1340 1
9781 1388 1
9782 1451 1
9783 1506 1
9784 861 1
9785 853 1
9786 803 1
9787 629 1
9788 587 1
9789 457 1
9790 551 1
9791 470 1
9792 612 1
9793 658 1
9794 723 1
9795 911 1
9796 937 1
9797 892 1
9798 396 1
9799 361 1
9800 228 1
9801 234 1
9802 100 1
9803 100 1
9804 100 1
9805 100 1
9806 100 1
9807 100 1
9808 100 1
9809 329 1
9810 248 1
9811 391 1
9812 100 1
9813 100 1
9814 100 1
9815 100 1
9816 100 1
9817 376 1
9818 531 1
9819 372 1
9820 353 1
9821 100 1
9822 100 1
9823 100 1
9824 100 1
9825 100 1
9826 401 1
9827 604 1
9828 603 1
9829 774 1
9830 723 1
9831 924 1
9832 916 1
9833 1193 1
9834 959 1
9835 962 1
9836 917 1
9837 681 1
9838 546 1
9839 470 1
9840 1095 1
9841 1064 1
9842 1207 1
9843 1201 1
9844 1263 1
9845 1360 1
9846 1292 1
9847 1587 1
9848 1426 1
9849 1606 1
9850 1478 1
9851 1413 1
9852 1326 1
9853 1317 1
9854 1454 1
9855 1393 1
9856 1408 1
9857 1254 1
9858 1160 1
9859 1310 1
9860 1368 1
9861 1145 1
9862 764 1
9863 803 1
9864 881 1
9865 893 1
9866 833 1
9867 1274 1
9868 1359 1
9869 1407 1
9870 1166 1
9871 1163 1
9872 1172 1
9873 1086 1
9874 1098 1
9875 1096 1
9876 1257 1
9877 1276 1
9878 1292 1
9879 1513 1
9880 1595 1
9881 1510 1
9882 965 1
9883 846 1
9884 798 1
9885 832 1
9886 644 1
9887 659 1
9888 593 1
9889 729 1
9890 656 1
9891 836 1
9892 940 1
9893 846 1
9894 1007 1
9895 1165 1
9896 552 1
9897 421 1
9898 102 1
9899 108 1
9900 100 1
9901 100 1
9902 100 1
9903 100 1
9904 100 1
9905 100 1
9906 223 1
9907 362 1
9908 455 1
9909 701 1
9910 100 1
9911 100 1
9912 100 1
9913 362 1
9914 233 1
9915 540 1
9916 593 1
9917 358 1
9918 412 1
9919 220 1
9920 113 1
9921 100 1
9922 100 1
9923 100 1
9924 639 1
9925 694 1
9926 692 1
9927 819 1
9928 882 1
9929 958 1
9930 981 1
9931 906 1
9932 861 1
9933 743 1
9934 780 1
9935 643 1
9936 583 1
9937 530 1
9938 1102 1
9939 1253 1
9940 1342 1
9941 1397 1
9942 1515 1
9943 1550 1
9944 1629 1
9945 1509 1
9946 1418 1
9947 1284 1
9948 1272 1
9949 1203 1
9950 995 1
9951 951 1
9952 1567 1
9953 1707 1
9954 1620 1
9955 1860 1
9956 1791 1
9957 1714 1
9958 1744 1
9959 1519 1
9960 1483 1
9961 1627 1
9962 1505 1
9963 1522 1
9964 1440 1
9965 1486 1
9966 1611 1
9967 1575 1
9968 1516 1
9969 1433 1
9970 1398 1
9971 1218 1
9972 959 1
9973 1006 1
9974 1099 1
9975 1115 1
9976 1201 1
9977 1210 1
9978 1386 1
9979 1438 1
9980 934 1
9981 797 1
9982 867 1
9983 694 1
9984 503 1
9985 472 1
9986 570 1
9987 424 1
9988 468 1
9989 555 1
9990 491 1
9991 812 1
9992 877 1
9993 770 1
9994 537 1
9995 145 1
9996 329 1
9997 244 1
9998 100 1
9999 100 1
10000 100 1
10001 100 1
10002 100 1
10003 100 1
10004 238 1
10005 127 1
10006 266 1
10007 504 1
10008 100 1
10009 100 1
10010 100 1
10011 100 1
10012 100 1
10013 100 1
10014 110 1
10015 426 1
10016 512 1
10017 265 1
10018 127 1
10019 100 1
10020 100 1
10021 100 1
10022 245 1
10023 366 1
10024 357 1
10025 355 1
10026 509 1
10027 694 1
10028 813 1
10029 842 1
10030 923 1
10031 856 1
10032 797 1
10033 745 1
10034 584 1
10035 458 1
10036 881 1
10037 884 1
10038 1077 1
10039 1310 1
10040 1320 1
10041 1442 1
10042 1373 1
10043 1550 1
10044 1446 1
10045 1286 1
10046 1100 1
10047 1253 1
10048 1141 1
10049 1013 1
10050 1421 1
10051 1463 1
10052 1569 1
10053 1616 1
10054 1493 1
10055 1593 1
10056 1109 1
10057 1298 1
10058 1547 1
10059 1631 1
10060 1623 1
10061 1573 1
10062 1625 1
10063 1530 1
10064 708 1
10065 596 1
10066 561 1
10067 475 1
10068 461 1
10069 644 1
10070 821 1
10071 987 1
10072 913 1
10073 852 1
10074 862 1
10075 894 1
10076 925 1
10077 910 1
10078 740 1
10079 686 1
10080 790 1
10081 521 1
10082 545 1
10083 533 1
10084 538 1
10085 496 1
10086 514 1
10087 477 1
10088 642 1
10089 776 1
10090 749 1
10091 830 1
10092 374 1
10093 234 1
10094 132 1
10095 100 1
10096 100 1
10097 100 1
10098 100 1
10099 100 1
10100 100 1
10101 100 1
10102 220 1
10103 325 1
10104 272 1
10105 504 1
10106 100 1
10107 100 1
10108 100 1
10109 231 1
10110 366 1
10111 447 1
10112 600 1
10113 387 1
10114 253 1
10115 106 1
10116 119 1
10117 100 1
10118 100 1
10119 100 1
10120 482 1
10121 796 1
10122 703 1
10123 809 1
10124 937 1
10125 850 1
10126 1146 1
10127 588 1
10128 538 1
10129 402 1
10130 267 1
10131 333 1
10132 330 1
10133 207 1
10134 708 1
10135 690 1
10136 917 1
10137 949 1
10138 985 1
10139 1146 1
10140 1163 1
10141 859 1
10142 849 1
10143 836 1
10144 872 1
10145 767 1
10146 680 1
10147 606 1
10148 1714 1
10149 1656 1
10150 1450 1
10151 1692 1
10152 1554 1
10153 1692 1
10154 1604 1
10155 900 1
10156 908 1
10157 930 1
10158 927 1
10159 921 1
10160 960 1
10161 926 1
10162 1599 1
10163 1560 1
10164 1487 1
10165 1357 1
10166 1292 1
10167 1344 1
10168 1075 1
10169 100 1
10170 100 1
10171 100 1
10172 100 1
10173 100 1
10174 100 1
10175 100 1
10176 1054 1
10177 973 1
10178 721 1
10179 685 1
10180 725 1
10181 577 1
10182 514 1
10183 243 1
10184 348 1
10185 379 1
10186 391 1
10187 551 1
10188 575 1
10189 600 1
10190 435 1
10191 397 1
10192 222 1
10193 100 1
10194 100 1
10195 100 1
10196 100 1
10197 100 1
10198 100 1
10199 100 1
10200 102 1
10201 100 1
10202 362 1
10203 414 1
10204 100 1
10205 100 1
10206 100 1
10207 221 1
10208 223 1
10209 401 1
10210 502 1
10211 383 1
10212 265 1
10213 100 1
10214 100 1
10215 100 1
10216 100 1
10217 100 1
10218 615 1
10219 653 1
10220 823 1
10221 857 1
10222 836 1
10223 1002 1
10224 1211 1
10225 776 1
10226 832 1
10227 826 1
10228 786 1
10229 624 1
10230 426 1
10231 423 1
10232 1260 1
10233 1227 1
10234 1290 1
10235 1495 1
10236 1441 1
10237 1655 1
10238 1762 1
10239 1587 1
10240 1392 1
10241 1264 1
10242 1226 1
10243 1234 1
10244 1038 1
10245 1013 1
10246 1772 1
10247 1836 1
10248 1602 1
10249 1823 1
10250 1933 1
10251 1852 1
10252 1677 1
10253 1485 1
10254 1462 1
10255 1596 1
10256 1572 1
10257 1489 1
10258 1589 1
10259 1514 1
10260 1690 1
10261 1594 1
10262 1538 1
10263 1339 1
10264 1304 1
10265 1333 1
10266 1142 1
10267 939 1
10268 996 1
10269 1121 1
10270 1105 1
10271 1328 1
10272 1282 1
10273 1422 1
10274 1020 1
10275 986 1
10276 923 1
10277 837 1
10278 753 1
10279 602 1
10280 556 1
10281 205 1
10282 132 1
10283 117 1
10284 432 1
10285 552 1
10286 600 1
10287 808 1
10288 514 1
10289 390 1
10290 100 1
10291 100 1
10292 100 1
10293 100 1
10294 100 1
10295 100 1
10296 100 1
10297 100 1
10298 100 1
10299 100 1
10300 103 1
10301 100 1
10302 100 1
10303 100 1
10304 100 1
10305 100 1
10306 100 1
10307 253 1
10308 281 1
10309 125 1
10310 100 1
10311 100 1
10312 100 1
10313 100 1
10314 100 1
10315 100 1
10316 289 1
10317 445 1
10318 500 1
10319 805 1
10320 766 1
10321 929 1
10322 912 1
10323 998 1
10324 858 1
10325 670 1
10326 535 1
10327 596 1
10328 425 1
10329 263 1
10330 1051 1
10331 1186 1
10332 1223 1
10333 1262 1
10334 1267 1
10335 1427 1
10336 1412 1
10337 1426 1
10338 1366 1
10339 1307 1
10340 1191 1
10341 1201 1
10342 1054 1
10343 1108 1
10344 1484 1
10345 1545 1
10346 1656 1
10347 1673 1
10348 1573 1
10349 1572 1
10350 1654 1
10351 1511 1
10352 1568 1
10353 1356 1
10354 1458 1
10355 828 1
10356 1533 1
10357 1531 1
10358 1473 1
10359 1328 1
10360 1380 1
10361 1202 1
10362 1145 1
10363 1035 1
10364 1130 1
10365 1035 1
10366 1081 1
10367 1103 1
10368 1151 1
10369 1232 1
10370 1371 1
10371 1464 1
10372 936 1
10373 884 1
10374 790 1
10375 768 1
10376 456 1
10377 402 1
10378 423 1
10379 405 1
10380 553 1
10381 592 1
10382 746 1
10383 794 1
10384 860 1
10385 968 1
10386 374 1
10387 342 1
10388 100 1
10389 100 1
10390 100 1
10391 100 1
10392 100 1
10393 100 1
10394 100 1
10395 100 1
10396 100 1
10397 101 1
10398 208 1
10399 353 1
10400 100 1
10401 100 1
10402 100 1
10403 100 1
10404 100 1
10405 250 1
10406 450 1
10407 402 1
10408 355 1
10409 100 1
10410 100 1
10411 100 1
10412 100 1
10413 100 1
10414 557 1
10415 508 1
10416 712 1
10417 845 1
10418 982 1
10419 1001 1
10420 1247 1
10421 1138 1
10422 1038 1
10423 943 1
10424 855 1
10425 720 1
10426 597 1
10427 431 1
10428 1302 1
10429 1363 1
10430 1437 1
10431 1605 1
10432 1683 1
10433 1576 1
10434 1684 1
10435 1653 1
10436 1553 1
10437 1471 1
10438 1525 1
10439 1381 1
10440 1408 1
10441 1188 1
10442 1776 1
10443 1704 1
10444 1687 1
10445 1901 1
10446 1798 1
10447 1632 1
10448 1647 1
10449 1640 1
10450 1696 1
10451 1662 1
10452 1797 1
10453 1762 1
10454 1778 1
10455 1653 1
10456 1283 1
10457 1549 1
10458 1558 1
10459 1347 1
10460 1251 1
10461 1215 1
10462 1215 1
10463 1292 1
10464 1198 1
10465 1269 1
10466 1503 1
10467 1545 1
10468 1618 1
10469 1631 1
10470 1229 1
10471 1001 1
10472 1008 1
10473 858 1
10474 546 1
10475 726 1
10476 575 1
10477 405 1
10478 492 1
10479 634 1
10480 824 1
10481 935 1
10482 980 1
10483 1211 1
10484 531 1
10485 351 1
10486 100 1
10487 100 1
10488 100 1
10489 100 1
10490 100 1
10491 100 1
10492 100 1
10493 100 1
10494 100 1
10495 100 1
10496 224 1
10497 407 1
10498 100 1
10499 100 1
10500 100 1
10501 100 1
10502 100 1
10503 100 1
10504 100 1
10505 100 1
10506 100 1
10507 100 1
10508 100 1
10509 100 1
10510 100 1
10511 100 1
10512 100 1
10513 100 1
10514 100 1
10515 218 1
10516 100 1
10517 108 1
10518 255 1
10519 391 1
10520 374 1
10521 131 1
10522 115 1
10523 103 1
10524 117 1
10525 100 1
10526 383 1
10527 435 1
10528 562 1
10529 451 1
10530 597 1
10531 674 1
10532 620 1
10533 709 1
10534 707 1
10535 736 1
10536 688 1
10537 687 1
10538 571 1
10539 534 1
10540 632 1
10541 687 1
10542 653 1
10543 685 1
10544 838 1
10545 892 1
10546 678 1
10547 845 1
10548 821 1
10549 993 1
10550 939 1
10551 893 1
10552 998 1
10553 731 1
10554 675 1
10555 820 1
10556 821 1
10557 669 1
10558 615 1
10559 589 1
10560 559 1
10561 597 1
10562 685 1
10563 705 1
10564 700 1
10565 783 1
10566 715 1
10567 934 1
10568 520 1
10569 234 1
10570 355 1
10571 366 1
10572 209 1
10573 100 1
10574 106 1
10575 361 1
10576 400 1
10577 413 1
10578 428 1
10579 435 1
10580 517 1
10581 572 1
10582 114 1
10583 100 1
10584 100 1
10585 100 1
10586 100 1
10587 100 1
10588 100 1
10589 100 1
10590 100 1
10591 100 1
10592 100 1
10593 100 1
10594 119 1
10595 366 1
10596 100 1
10597 100 1
10598 100 1
10599 100 1
10600 100 1
10601 264 1
10602 601 1
10603 100 1
10604 100 1
10605 100 1
10606 100 1
10607 100 1
10608 100 1
10609 100 1
10610 641 1
10611 834 1
10612 749 1
10613 922 1
10614 963 1
10615 1021 1
10616 1229 1
10617 366 1
10618 241 1
10619 243 1
10620 114 1
10621 103 1
10622 215 1
10623 100 1
10624 1301 1
10625 1276 1
10626 1452 1
10627 1479 1
10628 1539 1
10629 1696 1
10630 1718 1
10631 722 1
10632 695 1
10633 611 1
10634 481 1
10635 599 1
10636 514 1
10637 476 1
10638 1693 1
10639 1754 1
10640 1760 1
10641 1832 1
10642 1919 1
10643 1718 1
10644 1865 1
10645 756 1
10646 850 1
10647 818 1
10648 824 1
10649 804 1
10650 710 1
10651 774 1
10652 1749 1
10653 1671 1
10654 1628 1
10655 1556 1
10656 1521 1
10657 1355 1
10658 1271 1
10659 588 1
10660 589 1
10661 637 1
10662 758 1
10663 674 1
10664 745 1
10665 684 1
10666 1213 1
10667 1262 1
10668 997 1
10669 981 1
10670 893 1
10671 800 1
10672 526 1
10673 350 1
10674 221 1
10675 326 1
10676 355 1
10677 400 1
10678 400 1
10679 545 1
10680 609 1
10681 409 1
10682 100 1
10683 100 1
10684 100 1
10685 100 1
10686 100 1
10687 100 1
10688 100 1
10689 100 1
10690 100 1
10691 100 1
10692 100 1
10693 112 1
10694 100 1
10695 100 1
10696 100 1
10697 100 1
10698 225 1
10699 264 1
10700 533 1
10701 465 1
10702 380 1
10703 231 1
10704 224 1
10705 100 1
10706 100 1
10707 100 1
10708 535 1
10709 581 1
10710 629 1
10711 790 1
10712 861 1
10713 750 1
10714 1068 1
10715 1195 1
10716 983 1
10717 912 1
10718 894 1
10719 815 1
10720 624 1
10721 748 1
10722 1136 1
10723 1124 1
10724 1271 1
10725 1308 1
10726 1346 1
10727 1465 1
10728 1482 1
10729 1615 1
10730 1493 1
10731 1491 1
10732 1268 1
10733 1239 1
10734 1352 1
10735 1204 1
10736 1543 1
10737 1563 1
10738 1650 1
10739 1741 1
10740 1725 1
10741 1631 1
10742 1498 1
10743 1566 1
10744 1664 1
10745 1688 1
10746 1661 1
10747 1664 1
10748 1736 1
10749 1669 1
10750 1499 1
10751 1408 1
10752 1369 1
10753 1482 1
10754 1031 1
10755 986 1
10756 631 1
10757 1018 1
10758 1137 1
10759 1280 1
10760 1436 1
10761 1446 1
10762 1500 1
10763 1567 1
10764 566 1
10765 577 1
10766 515 1
10767 504 1
10768 490 1
10769 534 1
10770 560 1
10771 770 1
10772 788 1
10773 898 1
10774 872 1
10775 926 1
10776 928 1
10777 1070 1
10778 562 1
10779 393 1
10780 329 1
10781 235 1
10782 100 1
10783 100 1
10784 100 1
10785 100 1
10786 100 1
10787 100 1
10788 325 1
10789 222 1
10790 535 1
10791 605 1
10792 100 1
10793 100 1
10794 100 1
10795 241 1
10796 233 1
10797 266 1
10798 488 1
10799 562 1
10800 383 1
10801 134 1
10802 224 1
10803 100 1
10804 100 1
10805 100 1
10806 583 1
10807 608 1
10808 757 1
10809 785 1
10810 884 1
10811 907 1
10812 966 1
10813 967 1
10814 781 1
10815 757 1
10816 819 1
10817 745 1
10818 734 1
10819 681 1
10820 1183 1
10821 1263 1
10822 1265 1
10823 1362 1
10824 1318 1
10825 1563 1
10826 1582 1
10827 1653 1
10828 1649 1
10829 1435 1
10830 1386 1
10831 1367 1
10832 1367 1
10833 1040 1
10834 1627 1
10835 1583 1
10836 1647 1
10837 1524 1
10838 1771 1
10839 1593 1
10840 1600 1
10841 1739 1
10842 1880 1
10843 1906 1
10844 1780 1
10845 1734 1
10846 1714 1
10847 1668 1
10848 1516 1
10849 1530 1
10850 1438 1
10851 1181 1
10852 1120 1
10853 840 1
10854 305 1
10855 649 1
10856 1039 1
10857 1251 1
10858 100 1
10859 1677 1
10860 1702 1
10861 1735 1
10862 263 1
10863 167 1
10864 163 1
10865 136 1
10866 288 1
10867 616 1
10868 579 1
10869 845 1
10870 806 1
10871 419 1
10872 480 1
10873 428 1
10874 616 1
10875 527 1
10876 534 1
10877 492 1
10878 237 1
10879 225 1
10880 100 1
10881 100 1
10882 100 1
10883 100 1
10884 100 1
10885 100 1
10886 354 1
10887 469 1
10888 558 1
10889 755 1
10890 100 1
10891 100 1
10892 100 1
10893 100 1
10894 226 1
10895 354 1
10896 389 1
10897 435 1
10898 504 1
10899 371 1
10900 347 1
10901 100 1
10902 100 1
10903 100 1
10904 531 1
10905 516 1
10906 595 1
10907 504 1
10908 743 1
10909 829 1
10910 977 1
10911 982 1
10912 1004 1
10913 860 1
10914 732 1
10915 629 1
10916 649 1
10917 600 1
10918 941 1
10919 1000 1
10920 1047 1
10921 1144 1
10922 1160 1
10923 1178 1
10924 1438 1
10925 1453 1
10926 1238 1
10927 1229 1
10928 1248 1
10929 1060 1
10930 1130 1
10931 1142 1
10932 1312 1
10933 1444 1
10934 1546 1
10935 1556 1
10936 1373 1
10937 1452 1
10938 1418 1
10939 1497 1
10940 1566 1
10941 1507 1
10942 1559 1
10943 1582 1
10944 1610 1
10945 1496 1
10946 1326 1
10947 1339 1
10948 1121 1
10949 1042 1
10950 1016 1
10951 927 1
10952 912 1
10953 841 1
10954 1089 1
10955 1177 1
10956 1352 1
10957 1278 1
10958 1372 1
10959 1498 1
10960 720 1
10961 727 1
10962 757 1
10963 593 1
10964 436 1
10965 555 1
10966 399 1
10967 655 1
10968 697 1
10969 598 1
10970 628 1
10971 688 1
10972 723 1
10973 800 1
10974 376 1
10975 271 1
10976 226 1
10977 102 1
10978 100 1
10979 100 1
10980 100 1
10981 100 1
10982 100 1
10983 100 1
10984 350 1
10985 255 1
10986 524 1
10987 578 1
10988 100 1
10989 100 1
10990 100 1
10991 340 1
10992 263 1
10993 499 1
10994 559 1
10995 116 1
10996 100 1
10997 100 1
10998 100 1
10999 100 1
11000 100 1
11001 100 1
11002 609 1
11003 623 1
11004 642 1
11005 838 1
11006 881 1
11007 993 1
11008 1005 1
11009 1022 1
11010 776 1
11011 717 1
11012 517 1
11013 629 1
11014 390 1
11015 381 1
11016 1084 1
11017 1274 1
11018 1273 1
11019 1261 1
11020 1414 1
11021 1525 1
11022 1526 1
11023 1545 1
11024 1435 1
11025 1420 1
11026 1332 1
11027 1182 1
11028 1139 1
11029 820 1
11030 1559 1
11031 1538 1
11032 1758 1
11033 1833 1
11034 1751 1
11035 1782 1
11036 1777 1
11037 1731 1
11038 1451 1
11039 1551 1
11040 1420 1
11041 1456 1
11042 1483 1
11043 1637 1
11044 1625 1
11045 1528 1
11046 1266 1
11047 1051 1
11048 943 1
11049 929 1
11050 1147 1
11051 793 1
11052 945 1
11053 976 1
11054 1247 1
11055 1384 1
11056 1401 1
11057 1543 1
11058 1093 1
11059 915 1
11060 804 1
11061 818 1
11062 809 1
11063 772 1
11064 752 1
11065 462 1
11066 463 1
11067 640 1
11068 712 1
11069 675 1
11070 817 1
11071 822 1
11072 623 1
11073 439 1
11074 378 1
11075 258 1
11076 101 1
11077 100 1
11078 100 1
11079 100 1
11080 100 1
11081 100 1
11082 237 1
11083 104 1
11084 353 1
11085 483 1
11086 100 1
11087 100 1
11088 100 1
11089 242 1
11090 246 1
11091 254 1
11092 490 1
11093 424 1
11094 262 1
11095 246 1
11096 232 1
11097 100 1
11098 100 1
11099 100 1
11100 544 1
11101 562 1
11102 607 1
11103 760 1
11104 827 1
11105 783 1
11106 842 1
11107 829 1
11108 664 1
11109 629 1
11110 459 1
11111 494 1
11112 404 1
11113 401 1
11114 897 1
11115 1202 1
11116 1269 1
11117 1221 1
11118 1244 1
11119 1331 1
11120 1390 1
11121 1348 1
11122 1266 1
11123 1233 1
11124 1191 1
11125 1213 1
11126 1115 1
11127 994 1
11128 1401 1
11129 1355 1
11130 1513 1
11131 1482 1
11132 1697 1
11133 1503 1
11134 1434 1
11135 1441 1
11136 1248 1
11137 1157 1
11138 971 1
11139 1543 1
11140 1595 1
11141 1197 1
11142 1497 1
11143 1479 1
11144 1239 1
11145 1198 1
11146 977 1
11147 997 1
11148 931 1
11149 466 1
11150 100 1
11151 100 1
11152 100 1
11153 431 1
11154 726 1
11155 1039 1
11156 100 1
11157 100 1
11158 100 1
11159 100 1
11160 100 1
11161 100 1
11162 100 1
11163 673 1
11164 811 1
11165 818 1
11166 934 1
11167 805 1
11168 908 1
11169 1008 1
11170 454 1
11171 499 1
11172 396 1
11173 284 1
11174 100 1
11175 100 1
11176 100 1
11177 100 1
11178 100 1
11179 100 1
11180 102 1
11181 235 1
11182 449 1
11183 529 1
11184 100 1
11185 100 1
11186 100 1
11187 122 1
11188 264 1
11189 293 1
11190 565 1
11191 637 1
11192 563 1
11193 247 1
11194 329 1
11195 100 1
11196 100 1
11197 100 1
11198 100 1
11199 100 1
11200 100 1
11201 100 1
11202 100 1
11203 100 1
11204 100 1
11205 1238 1
11206 1192 1
11207 1034 1
11208 906 1
11209 850 1
11210 834 1
11211 607 1
11212 1234 1
11213 1189 1
11214 1310 1
11215 1366 1
11216 1503 1
11217 1439 1
11218 1549 1
11219 1631 1
11220 1674 1
11221 1461 1
11222 1529 1
11223 1420 1
11224 1478 1
11225 1256 1
11226 1276 1
11227 1331 1
11228 1420 1
11229 1359 1
11230 1335 1
11231 1429 1
11232 1410 1
11233 1770 1
11234 1935 1
11235 1831 1
11236 1773 1
11237 1854 1
11238 1622 1
11239 1676 1
11240 1626 1
11241 1554 1
11242 1510 1
11243 1335 1
11244 1304 1
11245 1254 1
11246 1346 1
11247 1321 1
11248 1434 1
11249 1502 1
11250 1489 1
11251 1620 1
11252 1723 1
11253 1740 1
11254 1110 1
11255 1046 1
11256 965 1
11257 921 1
11258 843 1
11259 562 1
11260 711 1
11261 642 1
11262 546 1
11263 919 1
11264 918 1
11265 895 1
11266 1239 1
11267 1289 1
11268 465 1
11269 416 1
11270 260 1
11271 226 1
11272 100 1
11273 100 1
11274 100 1
11275 100 1
11276 100 1
11277 100 1
11278 345 1
11279 491 1
11280 451 1
11281 607 1
11282 100 1
11283 100 1
11284 100 1
11285 100 1
11286 101 1
11287 100 1
11288 100 1
11289 519 1
11290 495 1
11291 100 1
11292 100 1
11293 100 1
11294 100 1
11295 100 1
11296 100 1
11297 104 1
11298 819 1
11299 790 1
11300 1023 1
11301 981 1
11302 1226 1
11303 1278 1
11304 1182 1
11305 978 1
11306 939 1
11307 892 1
11308 626 1
11309 577 1
11310 1315 1
11311 1260 1
11312 1463 1
11313 1451 1
11314 1581 1
11315 1643 1
11316 1619 1
11317 1466 1
11318 1539 1
11319 1338 1
11320 1271 1
11321 1177 1
11322 1330 1
11323 1141 1
11324 1532 1
11325 1329 1
11326 1464 1
11327 1528 1
11328 1406 1
11329 1332 1
11330 1680 1
11331 1617 1
11332 1685 1
11333 1809 1
11334 1610 1
11335 1598 1
11336 1629 1
11337 1594 1
11338 1806 1
11339 1752 1
11340 1601 1
11341 1509 1
11342 1409 1
11343 1208 1
11344 1123 1
11345 1155 1
11346 1318 1
11347 1273 1
11348 1402 1
11349 1448 1
11350 1485 1
11351 1555 1
11352 1082 1
11353 1033 1
11354 931 1
11355 846 1
11356 836 1
11357 771 1
11358 570 1
11359 395 1
11360 421 1
11361 547 1
11362 561 1
11363 628 1
11364 645 1
11365 711 1
11366 485 1
11367 442 1
11368 241 1
11369 113 1
11370 102 1
11371 100 1
11372 100 1
11373 100 1
11374 100 1
11375 100 1
11376 370 1
11377 347 1
11378 564 1
11379 698 1
11380 100 1
11381 100 1
11382 100 1
11383 100 1
11384 108 1
11385 125 1
11386 493 1
11387 101 1
11388 100 1
11389 100 1
11390 100 1
11391 100 1
11392 100 1
11393 100 1
11394 542 1
11395 461 1
11396 721 1
11397 786 1
11398 799 1
11399 884 1
11400 1017 1
11401 587 1
11402 494 1
11403 443 1
11404 373 1
11405 328 1
11406 257 1
11407 100 1
11408 1233 1
11409 1223 1
11410 1335 1
11411 1361 1
11412 1646 1
11413 1645 1
11414 1648 1
11415 1172 1
11416 1142 1
11417 836 1
11418 954 1
11419 785 1
11420 692 1
11421 647 1
11422 1440 1
11423 1105 1
11424 247 1
11425 1034 1
11426 1149 1
11427 1131 1
11428 1304 1
11429 551 1
11430 167 1
11431 174 1
11432 180 1
11433 146 1
11434 129 1
11435 437 1
11436 590 1
11437 647 1
11438 563 1
11439 424 1
11440 438 1
11441 537 1
11442 383 1
11443 686 1
11444 710 1
11445 886 1
11446 1107 1
11447 1180 1
11448 1181 1
11449 1245 1
11450 1221 1
11451 1087 1
11452 856 1
11453 766 1
11454 886 1
11455 764 1
11456 612 1
11457 387 1
11458 285 1
11459 405 1
11460 591 1
11461 610 1
11462 642 1
11463 627 1
11464 608 1
11465 436 1
11466 482 1
11467 238 1
11468 100 1
11469 100 1
11470 100 1
11471 100 1
11472 100 1
11473 100 1
11474 106 1
11475 204 1
11476 113 1
11477 356 1
11478 100 1
11479 100 1
11480 100 1
11481 212 1
11482 220 1
11483 406 1
11484 549 1
11485 420 1
11486 362 1
11487 261 1
11488 100 1
11489 100 1
11490 100 1
11491 100 1
11492 587 1
11493 604 1
11494 653 1
11495 850 1
11496 955 1
11497 838 1
11498 1145 1
11499 1146 1
11500 816 1
11501 699 1
11502 729 1
11503 705 1
11504 605 1
11505 537 1
11506 1198 1
11507 1400 1
11508 1441 1
11509 1560 1
11510 1465 1
11511 1659 1
11512 1606 1
11513 1512 1
11514 1500 1
11515 1266 1
11516 1254 1
11517 1234 1
11518 1129 1
11519 685 1
11520 1004 1
11521 485 1
11522 400 1
11523 513 1
11524 514 1
11525 488 1
11526 1049 1
11527 1413 1
11528 1418 1
11529 1393 1
11530 1492 1
11531 1052 1
11532 1404 1
11533 1430 1
11534 1704 1
11535 1747 1
11536 1551 1
11537 1537 1
11538 1438 1
11539 1341 1
11540 1274 1
11541 1133 1
11542 1084 1
11543 1193 1
11544 1205 1
11545 1307 1
11546 1377 1
11547 1409 1
11548 1279 1
11549 1096 1
11550 954 1
11551 906 1
11552 808 1
11553 646 1
11554 694 1
11555 574 1
11556 668 1
11557 646 1
11558 793 1
11559 833 1
11560 937 1
11561 962 1
11562 622 1
11563 506 1
11564 223 1
11565 247 1
11566 100 1
11567 100 1
11568 100 1
11569 100 1
11570 100 1
11571 100 1
11572 231 1
11573 253 1
11574 377 1
11575 408 1
11576 100 1
11577 100 1
11578 100 1
11579 100 1
11580 107 1
11581 292 1
11582 445 1
11583 100 1
11584 100 1
11585 100 1
11586 100 1
11587 100 1
11588 100 1
11589 100 1
11590 445 1
11591 636 1
11592 817 1
11593 961 1
11594 1013 1
11595 1015 1
11596 1286 1
11597 943 1
11598 848 1
11599 741 1
11600 768 1
11601 601 1
11602 515 1
11603 348 1
11604 1361 1
11605 1436 1
11606 1415 1
11607 1512 1
11608 1663 1
11609 1634 1
11610 1769 1
11611 1502 1
11612 1507 1
11613 1248 1
11614 1097 1
11615 363 1
11616 1192 1
11617 1057 1
11618 1844 1
11619 1763 1
11620 1907 1
11621 2029 1
11622 1893 1
11623 1850 1
11624 1883 1
11625 1481 1
11626 1391 1
11627 1496 1
11628 1490 1
11629 1443 1
11630 1418 1
11631 1405 1
11632 1817 1
11633 1762 1
11634 1719 1
11635 1608 1
11636 1372 1
11637 1410 1
11638 1462 1
11639 1065 1
11640 1198 1
11641 1171 1
11642 1391 1
11643 1406 1
11644 1507 1
11645 1465 1
11646 1312 1
11647 1049 1
11648 1072 1
11649 1053 1
11650 947 1
11651 732 1
11652 878 1
11653 489 1
11654 751 1
11655 532 1
11656 748 1
11657 792 1
11658 957 1
11659 978 1
11660 646 1
11661 474 1
11662 100 1
11663 100 1
11664 100 1
11665 100 1
11666 100 1
11667 100 1
11668 100 1
11669 100 1
11670 100 1
11671 341 1
11672 398 1
11673 564 1
11674 100 1
11675 100 1
11676 100 1
11677 100 1
11678 110 1
11679 352 1
11680 285 1
11681 234 1
11682 219 1
11683 100 1
11684 103 1
11685 100 1
11686 100 1
11687 100 1
11688 572 1
11689 499 1
11690 522 1
11691 817 1
11692 896 1
11693 924 1
11694 959 1
11695 948 1
11696 914 1
11697 817 1
11698 727 1
11699 572 1
11700 399 1
11701 381 1
11702 1158 1
11703 1271 1
11704 1221 1
11705 1345 1
11706 1343 1
11707 1555 1
11708 1572 1
11709 100 1
11710 100 1
11711 100 1
11712 100 1
11713 100 1
11714 100 1
11715 100 1
11716 1565 1
11717 1647 1
11718 1672 1
11719 1612 1
11720 1687 1
11721 1646 1
11722 1499 1
11723 1581 1
11724 1683 1
11725 1614 1
11726 1695 1
11727 1616 1
11728 1635 1
11729 1546 1
11730 1591 1
11731 1474 1
11732 1490 1
11733 1379 1
11734 1156 1
11735 1039 1
11736 960 1
11737 906 1
11738 983 1
11739 1055 1
11740 1087 1
11741 1270 1
11742 1410 1
11743 1344 1
11744 813 1
11745 712 1
11746 816 1
11747 604 1
11748 314 1
11749 422 1
11750 303 1
11751 441 1
11752 456 1
11753 504 1
11754 787 1
11755 831 1
11756 757 1
11757 919 1
11758 420 1
11759 480 1
11760 148 1
11761 252 1
11762 100 1
11763 100 1
11764 100 1
11765 100 1
11766 100 1
11767 100 1
11768 106 1
11769 232 1
11770 363 1
11771 384 1
11772 100 1
11773 100 1
11774 100 1
11775 233 1
11776 220 1
11777 492 1
11778 432 1
11779 100 1
11780 100 1
11781 100 1
11782 100 1
11783 100 1
11784 100 1
11785 100 1
11786 409 1
11787 462 1
11788 419 1
11789 289 1
11790 528 1
11791 646 1
11792 655 1
11793 222 1
11794 100 1
11795 100 1
11796 100 1
11797 100 1
11798 100 1
11799 100 1
11800 986 1
11801 1068 1
11802 1288 1
11803 1363 1
11804 1392 1
11805 1438 1
11806 1566 1
11807 105 1
11808 106 1
11809 100 1
11810 100 1
11811 100 1
11812 100 1
11813 100 1
11814 1605 1
11815 1593 1
11816 1594 1
11817 1509 1
11818 1432 1
11819 1427 1
11820 1474 1
11821 999 1
11822 1068 1
11823 1021 1
11824 982 1
11825 1122 1
11826 1149 1
11827 1247 1
11828 600 1
11829 653 1
11830 607 1
11831 623 1
11832 588 1
11833 418 1
11834 426 1
11835 781 1
11836 947 1
11837 1059 1
11838 1263 1
11839 1203 1
11840 1481 1
11841 1207 1
11842 967 1
11843 811 1
11844 742 1
11845 692 1
11846 698 1
11847 807 1
11848 562 1
11849 101 1
11850 100 1
11851 100 1
11852 102 1
11853 339 1
11854 345 1
11855 523 1
11856 630 1
11857 603 1
11858 375 1
11859 376 1
11860 100 1
11861 100 1
11862 100 1
11863 100 1
11864 100 1
11865 100 1
11866 100 1
11867 100 1
11868 100 1
11869 100 1
11870 100 1
11871 100 1
11872 100 1
11873 228 1
11874 111 1
11875 482 1
11876 423 1
11877 362 1
11878 234 1
11879 100 1
11880 100 1
11881 100 1
11882 100 1
11883 100 1
11884 100 1
11885 100 1
11886 100 1
11887 100 1
11888 100 1
11889 100 1
11890 100 1
11891 897 1
11892 823 1
11893 637 1
11894 573 1
11895 448 1
11896 429 1
11897 431 1
11898 1076 1
11899 1244 1
11900 1208 1
11901 1280 1
11902 1359 1
11903 1466 1
11904 1632 1
11905 1570 1
11906 1463 1
11907 1376 1
11908 1197 1
11909 1303 1
11910 1166 1
11911 991 1
11912 1556 1
11913 1602 1
11914 1722 1
11915 1600 1
11916 1615 1
11917 1681 1
11918 1616 1
11919 1201 1
11920 1141 1
11921 1165 1
11922 1117 1
11923 1085 1
11924 1249 1
11925 1083 1
11926 1563 1
11927 1529 1
11928 1429 1
11929 1379 1
11930 1215 1
11931 1079 1
11932 1050 1
11933 1080 1
11934 1094 1
11935 1282 1
11936 1193 1
11937 1450 1
11938 1431 1
11939 1528 1
11940 1102 1
11941 954 1
11942 1021 1
11943 705 1
11944 773 1
11945 723 1
11946 671 1
11947 564 1
11948 708 1
11949 674 1
11950 709 1
11951 870 1
11952 908 1
11953 1116 1
11954 100 1
11955 100 1
11956 100 1
11957 100 1
11958 100 1
11959 100 1
11960 100 1
11961 100 1
11962 100 1
11963 100 1
11964 107 1
11965 110 1
11966 413 1
11967 456 1
11968 100 1
11969 100 1
11970 100 1
11971 100 1
11972 100 1
11973 362 1
11974 100 1
11975 100 1
11976 100 1
11977 100 1
11978 100 1
11979 100 1
11980 100 1
11981 100 1
11982 251 1
11983 361 1
11984 394 1
11985 442 1
11986 533 1
11987 607 1
11988 814 1
11989 832 1
11990 679 1
11991 645 1
11992 100 1
11993 432 1
11994 100 1
11995 100 1
11996 1101 1
11997 1228 1
11998 1392 1
11999 1403 1
12000 1458 1
12001 1504 1
12002 1607 1
12003 1509 1
12004 1491 1
12005 1391 1
12006 1358 1
12007 1211 1
12008 1207 1
12009 1138 1
12010 1706 1
12011 1654 1
12012 1790 1
12013 1851 1
12014 1806 1
12015 1728 1
12016 1589 1
12017 1588 1
12018 1630 1
12019 1686 1
12020 1633 1
12021 1632 1
12022 1591 1
12023 1530 1
12024 1579 1
12025 1543 1
12026 1508 1
12027 1243 1
12028 1058 1
12029 823 1
12030 883 1
12031 817 1
12032 829 1
12033 1056 1
12034 1155 1
12035 1416 1
12036 1496 1
12037 1563 1
12038 892 1
12039 818 1
12040 831 1
12041 795 1
12042 676 1
12043 649 1
12044 610 1
12045 606 1
12046 625 1
12047 488 1
12048 644 1
12049 602 1
12050 789 1
12051 699 1
12052 465 1
12053 434 1
12054 110 1
12055 100 1
12056 100 1
12057 100 1
12058 100 1
12059 100 1
12060 100 1
12061 100 1
12062 100 1
12063 238 1
12064 592 1
12065 540 1
12066 100 1
12067 100 1
12068 100 1
12069 100 1
12070 100 1
12071 112 1
12072 248 1
12073 100 1
12074 100 1
12075 100 1
12076 100 1
12077 100 1
12078 100 1
12079 100 1
12080 222 1
12081 341 1
12082 373 1
12083 383 1
12084 453 1
12085 561 1
12086 623 1
12087 856 1
12088 723 1
12089 517 1
12090 506 1
12091 500 1
12092 470 1
12093 303 1
12094 971 1
12095 1054 1
12096 1210 1
12097 1185 1
12098 1278 1
12099 1456 1
12100 1543 1
12101 1559 1
12102 1481 1
12103 1414 1
12104 1409 1
12105 1258 1
12106 1293 1
12107 1126 1
12108 1603 1
12109 1649 1
12110 1728 1
12111 1701 1
12112 1724 1
12113 1675 1
12114 1531 1
12115 1561 1
12116 1845 1
12117 1650 1
12118 1605 1
12119 1695 1
12120 1586 1
12121 1625 1
12122 1457 1
12123 1441 1
12124 1370 1
12125 1311 1
12126 1074 1
12127 975 1
12128 940 1
12129 761 1
12130 1024 1
12131 1155 1
12132 1275 1
12133 1506 1
12134 1599 1
12135 1617 1
12136 834 1
12137 875 1
12138 807 1
12139 809 1
12140 628 1
12141 665 1
12142 572 1
12143 622 1
12144 593 1
12145 717 1
12146 703 1
12147 823 1
12148 672 1
12149 797 1
12150 570 1
12151 366 1
12152 100 1
12153 100 1
12154 100 1
12155 100 1
12156 100 1
12157 100 1
12158 100 1
12159 100 1
12160 100 1
12161 106 1
12162 403 1
12163 447 1
12164 100 1
12165 100 1
12166 100 1
12167 100 1
12168 100 1
12169 100 1
12170 207 1
12171 353 1
12172 100 1
12173 100 1
12174 100 1
12175 100 1
12176 100 1
12177 100 1
12178 211 1
12179 102 1
12180 100 1
12181 108 1
12182 125 1
12183 113 1
12184 123 1
12185 924 1
12186 851 1
12187 651 1
12188 609 1
12189 459 1
12190 318 1
12191 409 1
12192 560 1
12193 873 1
12194 929 1
12195 985 1
12196 962 1
12197 1076 1
12198 1226 1
12199 1696 1
12200 1696 1
12201 1713 1
12202 1515 1
12203 1430 1
12204 1390 1
12205 1121 1
12206 1186 1
12207 1304 1
12208 1415 1
12209 1626 1
12210 1423 1
12211 1402 1
12212 1311 1
12213 1656 1
12214 1757 1
12215 1885 1
12216 1790 1
12217 1876 1
12218 1707 1
12219 1722 1
12220 1133 1
12221 1009 1
12222 1012 1
12223 916 1
12224 811 1
12225 776 1
12226 591 1
12227 973 1
12228 982 1
12229 1069 1
12230 1164 1
12231 1266 1
12232 1516 1
12233 1592 1
12234 623 1
12235 587 1
12236 593 1
12237 439 1
12238 396 1
12239 433 1
12240 433 1
12241 433 1
12242 561 1
12243 715 1
12244 746 1
12245 662 1
12246 707 1
12247 860 1
12248 403 1
12249 323 1
12250 100 1
12251 100 1
12252 100 1
12253 100 1
12254 100 1
12255 100 1
12256 100 1
12257 100 1
12258 100 1
12259 100 1
12260 262 1
12261 419 1
12262 100 1
12263 100 1
12264 100 1
12265 125 1
12266 248 1
12267 288 1
12268 562 1
12269 303 1
12270 242 1
12271 100 1
12272 100 1
12273 100 1
12274 100 1
12275 100 1
12276 616 1
12277 689 1
12278 827 1
12279 917 1
12280 945 1
12281 1077 1
12282 1081 1
12283 904 1
12284 755 1
12285 776 1
12286 652 1
12287 529 1
12288 539 1
12289 447 1
12290 1113 1
12291 1124 1
12292 1161 1
12293 1166 1
12294 1250 1
12295 1198 1
12296 1358 1
12297 1143 1
12298 1097 1
12299 1075 1
12300 1163 1
12301 1093 1
12302 1014 1
12303 1043 1
12304 1399 1
12305 1577 1
12306 1686 1
12307 1615 1
12308 1621 1
12309 1619 1
12310 1602 1
12311 1515 1
12312 1599 1
12313 1410 1
12314 1602 1
12315 1601 1
12316 1537 1
12317 1382 1
12318 1458 1
12319 1439 1
12320 1368 1
12321 681 1
12322 435 1
12323 234 1
12324 225 1
12325 134 1
12326 244 1
12327 414 1
12328 809 1
12329 1225 1
12330 1447 1
12331 1454 1
12332 222 1
12333 425 1
12334 430 1
12335 603 1
12336 504 1
12337 473 1
12338 452 1
12339 549 1
12340 468 1
12341 465 1
12342 468 1
12343 467 1
12344 244 1
12345 221 1
12346 445 1
12347 350 1
12348 214 1
12349 105 1
12350 100 1
12351 100 1
12352 100 1
12353 100 1
12354 100 1
12355 100 1
12356 100 1
12357 118 1
12358 258 1
12359 422 1
12360 100 1
12361 100 1
12362 100 1
12363 215 1
12364 228 1
12365 400 1
12366 435 1
12367 514 1
12368 528 1
12369 367 1
12370 253 1
12371 100 1
12372 100 1
12373 100 1
12374 100 1
12375 100 1
12376 100 1
12377 100 1
12378 100 1
12379 100 1
12380 100 1
12381 100 1
12382 100 1
12383 100 1
12384 100 1
12385 100 1
12386 100 1
12387 100 1
12388 1166 1
12389 1217 1
12390 1212 1
12391 1123 1
12392 1208 1
12393 1445 1
12394 1556 1
12395 1520 1
12396 100 1
12397 1268 1
12398 1419 1
12399 1381 1
12400 1340 1
12401 1325 1
12402 1723 1
12403 1874 1
12404 1976 1
12405 1928 1
12406 2012 1
12407 2006 1
12408 1806 1
12409 1708 1
12410 1610 1
12411 1702 1
12412 1705 1
12413 1715 1
12414 1749 1
12415 1618 1
12416 1537 1
12417 1519 1
12418 1416 1
12419 1329 1
12420 1202 1
12421 1154 1
12422 1044 1
12423 879 1
12424 946 1
12425 1013 1
12426 1329 1
12427 1458 1
12428 1641 1
12429 1772 1
12430 1041 1
12431 970 1
12432 745 1
12433 653 1
12434 623 1
12435 466 1
12436 429 1
12437 450 1
12438 568 1
12439 584 1
12440 619 1
12441 633 1
12442 648 1
12443 646 1
12444 539 1
12445 253 1
12446 112 1
12447 100 1
12448 100 1
12449 100 1
12450 100 1
12451 100 1
12452 100 1
12453 100 1
12454 235 1
12455 481 1
12456 574 1
12457 582 1
12458 100 1
12459 100 1
12460 100 1
12461 212 1
12462 256 1
12463 356 1
12464 376 1
12465 586 1
12466 294 1
12467 100 1
12468 253 1
12469 100 1
12470 100 1
12471 100 1
12472 414 1
12473 435 1
12474 443 1
12475 581 1
12476 603 1
12477 631 1
12478 713 1
12479 1111 1
12480 1066 1
12481 948 1
12482 831 1
12483 815 1
12484 628 1
12485 497 1
12486 902 1
12487 819 1
12488 1154 1
12489 1126 1
12490 1140 1
12491 1300 1
12492 1424 1
12493 1424 1
12494 1463 1
12495 1343 1
12496 1237 1
12497 1265 1
12498 1322 1
12499 1120 1
12500 1671 1
12501 1723 1
12502 100 1
12503 1778 1
12504 1902 1
12505 1836 1
12506 1598 1
12507 100 1
12508 100 1
12509 100 1
12510 100 1
12511 100 1
12512 100 1
12513 100 1
12514 100 1
12515 100 1
12516 100 1
12517 100 1
12518 100 1
12519 100 1
12520 100 1
12521 1125 1
12522 1290 1
12523 1243 1
12524 1417 1
12525 1579 1
12526 1575 1
12527 1748 1
12528 669 1
12529 613 1
12530 567 1
12531 420 1
12532 554 1
12533 362 1
12534 351 1
12535 640 1
12536 782 1
12537 808 1
12538 841 1
12539 951 1
12540 1076 1
12541 996 1
12542 523 1
12543 388 1
12544 344 1
12545 230 1
12546 100 1
12547 100 1
12548 100 1
12549 100 1
12550 100 1
12551 100 1
12552 459 1
12553 228 1
12554 386 1
12555 587 1
12556 100 1
12557 100 1
12558 100 1
12559 100 1
12560 100 1
12561 100 1
12562 100 1
12563 241 1
12564 100 1
12565 100 1
12566 100 1
12567 100 1
12568 100 1
12569 100 1
12570 100 1
12571 100 1
12572 100 1
12573 100 1
12574 100 1
12575 100 1
12576 100 1
12577 666 1
12578 534 1
12579 424 1
12580 362 1
12581 381 1
12582 250 1
12583 141 1
12584 100 1
12585 100 1
12586 100 1
12587 100 1
12588 100 1
12589 100 1
12590 100 1
12591 1332 1
12592 1087 1
12593 1074 1
12594 1000 1
12595 973 1
12596 766 1
12597 657 1
12598 331 1
12599 579 1
12600 604 1
12601 741 1
12602 584 1
12603 577 1
12604 262 1
12605 1429 1
12606 1518 1
12607 1494 1
12608 1520 1
12609 1755 1
12610 1555 1
12611 1366 1
12612 362 1
12613 340 1
12614 202 1
12615 100 1
12616 122 1
12617 101 1
12618 100 1
12619 987 1
12620 1012 1
12621 990 1
12622 1108 1
12623 1229 1
12624 1253 1
12625 1474 1
12626 100 1
12627 100 1
12628 100 1
12629 100 1
12630 100 1
12631 100 1
12632 100 1
12633 444 1
12634 564 1
12635 670 1
12636 611 1
12637 669 1
12638 848 1
12639 966 1
12640 100 1
12641 100 1
12642 100 1
12643 100 1
12644 100 1
12645 100 1
12646 100 1
12647 100 1
12648 100 1
12649 100 1
12650 100 1
12651 106 1
12652 267 1
12653 510 1
12654 100 1
12655 100 1
12656 100 1
12657 100 1
12658 229 1
12659 273 1
12660 364 1
12661 339 1
12662 111 1
12663 100 1
12664 100 1
12665 100 1
12666 100 1
12667 100 1
12668 421 1
12669 569 1
12670 482 1
12671 466 1
12672 643 1
12673 681 1
12674 767 1
12675 652 1
12676 590 1
12677 539 1
12678 403 1
12679 396 1
12680 373 1
12681 363 1
12682 100 1
12683 100 1
12684 100 1
12685 100 1
12686 100 1
12687 100 1
12688 100 1
12689 1302 1
12690 1140 1
12691 1108 1
12692 1009 1
12693 923 1
12694 790 1
12695 671 1
12696 1411 1
12697 1509 1
12698 1497 1
12699 1566 1
12700 1445 1
12701 1528 1
12702 1534 1
12703 1296 1
12704 1237 1
12705 1288 1
12706 1262 1
12707 1484 1
12708 1393 1
12709 1334 1
12710 1397 1
12711 1358 1
12712 1235 1
12713 1221 1
12714 1057 1
12715 985 1
12716 928 1
12717 893 1
12718 910 1
12719 951 1
12720 1035 1
12721 1082 1
12722 1267 1
12723 1245 1
12724 837 1
12725 701 1
12726 688 1
12727 615 1
12728 583 1
12729 408 1
12730 397 1
12731 261 1
12732 409 1
12733 406 1
12734 452 1
12735 656 1
12736 628 1
12737 682 1
12738 377 1
12739 238 1
12740 102 1
12741 241 1
12742 100 1
12743 100 1
12744 100 1
12745 100 1
12746 100 1
12747 100 1
12748 100 1
12749 100 1
12750 119 1
12751 330 1
12752 100 1
12753 100 1
12754 100 1
12755 100 1
12756 100 1
12757 100 1
12758 100 1
12759 396 1
12760 376 1
12761 241 1
12762 109 1
12763 100 1
12764 100 1
12765 100 1
12766 628 1
12767 827 1
12768 819 1
12769 885 1
12770 960 1
12771 1015 1
12772 1089 1
12773 792 1
12774 853 1
12775 727 1
12776 775 1
12777 702 1
12778 481 1
12779 545 1
12780 1045 1
12781 1376 1
12782 1492 1
12783 1387 1
12784 1581 1
12785 1504 1
12786 1758 1
12787 1644 1
12788 1579 1
12789 1293 1
12790 1329 1
12791 1214 1
12792 1254 1
12793 960 1
12794 1860 1
12795 1869 1
12796 1933 1
12797 1972 1
12798 1908 1
12799 1829 1
12800 1829 1
12801 1515 1
12802 1483 1
12803 1634 1
12804 1538 1
12805 1648 1
12806 1603 1
12807 1598 1
12808 1726 1
12809 1661 1
12810 1568 1
12811 1547 1
12812 1343 1
12813 1374 1
12814 1263 1
12815 1058 1
12816 1200 1
12817 1126 1
12818 1247 1
12819 1427 1
12820 1419 1
12821 1504 1
12822 1127 1
12823 1014 1
12824 981 1
12825 949 1
12826 882 1
12827 745 1
12828 578 1
12829 388 1
12830 531 1
12831 680 1
12832 757 1
12833 720 1
12834 852 1
12835 797 1
12836 672 1
12837 471 1
12838 255 1
12839 362 1
12840 100 1
12841 100 1
12842 100 1
12843 100 1
12844 100 1
12845 100 1
12846 229 1
12847 238 1
12848 262 1
12849 424 1
12850 100 1
12851 100 1
12852 100 1
12853 100 1
12854 100 1
12855 100 1
12856 100 1
12857 111 1
12858 100 1
12859 123 1
12860 221 1
12861 100 1
12862 100 1
12863 100 1
12864 582 1
12865 528 1
12866 870 1
12867 808 1
12868 963 1
12869 1038 1
12870 1172 1
12871 1126 1
12872 872 1
12873 829 1
12874 805 1
12875 519 1
12876 100 1
12877 100 1
12878 1272 1
12879 1333 1
12880 1266 1
12881 1452 1
12882 1475 1
12883 1672 1
12884 1637 1
12885 1445 1
12886 1383 1
12887 1259 1
12888 1190 1
12889 1218 1
12890 1215 1
12891 1027 1
12892 1737 1
12893 1753 1
12894 969 1
12895 1594 1
12896 1876 1
12897 1778 1
12898 1714 1
12899 100 1
12900 100 1
12901 100 1
12902 100 1
12903 100 1
12904 100 1
12905 100 1
12906 1718 1
12907 1598 1
12908 1528 1
12909 1471 1
12910 1491 1
12911 1337 1
12912 1245 1
12913 952 1
12914 1094 1
12915 1210 1
12916 1183 1
12917 1368 1
12918 1430 1
12919 1485 1
12920 1284 1
12921 1132 1
12922 955 1
12923 930 1
12924 874 1
12925 801 1
12926 836 1
12927 455 1
12928 602 1
12929 736 1
12930 775 1
12931 712 1
12932 915 1
12933 923 1
12934 775 1
12935 554 1
12936 412 1
12937 353 1
12938 114 1
12939 100 1
12940 100 1
12941 100 1
12942 100 1
12943 100 1
12944 236 1
12945 218 1
12946 409 1
12947 546 1
12948 100 1
12949 100 1
12950 100 1
12951 100 1
12952 100 1
12953 100 1
12954 100 1
12955 629 1
12956 427 1
12957 361 1
12958 113 1
12959 100 1
12960 100 1
12961 100 1
12962 100 1
12963 100 1
12964 100 1
12965 110 1
12966 232 1
12967 263 1
12968 482 1
12969 1101 1
12970 927 1
12971 864 1
12972 818 1
12973 789 1
12974 607 1
12975 644 1
12976 921 1
12977 1122 1
12978 1234 1
12979 1222 1
12980 1436 1
12981 1312 1
12982 1472 1
12983 1556 1
12984 1409 1
12985 1333 1
12986 1393 1
12987 1271 1
12988 1136 1
12989 1176 1
12990 1514 1
12991 1580 1
12992 1592 1
12993 1597 1
12994 1441 1
12995 1624 1
12996 1739 1
12997 1565 1
12998 1620 1
12999 1578 1
13000 1631 1
13001 1577 1
13002 1659 1
13003 1547 1
13004 1536 1
13005 1446 1
13006 1488 1
13007 1356 1
13008 1305 1
13009 907 1
13010 845 1
13011 1143 1
13012 1093 1
13013 1206 1
13014 1244 1
13015 1444 1
13016 1443 1
13017 1586 1
13018 900 1
13019 660 1
13020 530 1
13021 414 1
13022 274 1
13023 378 1
13024 353 1
13025 656 1
13026 622 1
13027 750 1
13028 774 1
13029 897 1
13030 978 1
13031 1075 1
13032 237 1
13033 213 1
13034 100 1
13035 100 1
13036 100 1
13037 100 1
13038 100 1
13039 100 1
13040 100 1
13041 100 1
13042 244 1
13043 241 1
13044 391 1
13045 576 1
13046 100 1
13047 100 1
13048 100 1
13049 100 1
13050 327 1
13051 409 1
13052 533 1
13053 271 1
13054 234 1
13055 100 1
13056 100 1
13057 100 1
13058 100 1
13059 100 1
13060 584 1
13061 622 1
13062 641 1
13063 843 1
13064 889 1
13065 956 1
13066 945 1
13067 829 1
13068 730 1
13069 676 1
13070 566 1
13071 435 1
13072 528 1
13073 425 1
13074 1165 1
13075 481 1
13076 1218 1
13077 1166 1
13078 1356 1
13079 1477 1
13080 1477 1
13081 1483 1
13082 1429 1
13083 1210 1
13084 1210 1
13085 1293 1
13086 904 1
13087 1007 1
13088 1619 1
13089 1669 1
13090 1613 1
13091 1648 1
13092 1682 1
13093 1598 1
13094 1499 1
13095 1536 1
13096 1583 1
13097 1608 1
13098 1666 1
13099 1595 1
13100 1566 1
13101 1494 1
13102 1485 1
13103 1484 1
13104 1436 1
13105 1304 1
13106 1146 1
13107 1062 1
13108 1128 1
13109 1040 1
13110 1124 1
13111 1178 1
13112 1156 1
13113 1400 1
13114 1419 1
13115 1516 1
13116 894 1
13117 842 1
13118 765 1
13119 836 1
13120 831 1
13121 630 1
13122 605 1
13123 644 1
13124 450 1
13125 598 1
13126 820 1
13127 724 1
13128 900 1
13129 1066 1
13130 458 1
13131 419 1
13132 266 1
13133 412 1
13134 100 1
13135 100 1
13136 100 1
13137 100 1
13138 100 1
13139 100 1
13140 238 1
13141 241 1
13142 373 1
13143 500 1
13144 100 1
13145 100 1
13146 100 1
13147 100 1
13148 100 1
13149 100 1
13150 209 1
13151 602 1
13152 412 1
13153 215 1
13154 100 1
13155 100 1
13156 100 1
13157 100 1
13158 635 1
13159 724 1
13160 856 1
13161 899 1
13162 906 1
13163 950 1
13164 1121 1
13165 1115 1
13166 1093 1
13167 958 1
13168 880 1
13169 829 1
13170 728 1
13171 482 1
13172 1220 1
13173 1270 1
13174 1315 1
13175 1408 1
13176 1533 1
13177 1604 1
13178 1706 1
13179 1724 1
13180 1640 1
13181 1566 1
13182 1586 1
13183 1362 1
13184 1317 1
13185 1199 1
13186 1765 1
13187 1752 1
13188 1793 1
13189 1927 1
13190 1932 1
13191 1895 1
13192 1602 1
13193 1386 1
13194 1662 1
13195 1710 1
13196 1712 1
13197 1669 1
13198 1682 1
13199 1682 1
13200 1305 1
13201 1246 1
13202 1090 1
13203 1094 1
13204 1031 1
13205 1071 1
13206 1032 1
13207 953 1
13208 868 1
13209 810 1
13210 910 1
13211 790 1
13212 957 1
13213 906 1
13214 997 1
13215 1003 1
13216 1122 1
13217 891 1
13218 882 1
13219 856 1
13220 813 1
13221 738 1
13222 763 1
13223 711 1
13224 861 1
13225 867 1
13226 850 1
13227 866 1
13228 616 1
13229 602 1
13230 387 1
13231 409 1
13232 100 1
13233 100 1
13234 100 1
13235 100 1
13236 100 1
13237 100 1
13238 110 1
13239 451 1
13240 462 1
13241 729 1
13242 100 1
13243 100 1
13244 100 1
13245 114 1
13246 110 1
13247 381 1
13248 430 1
13249 604 1
13250 539 1
13251 225 1
13252 252 1
13253 103 1
13254 100 1
13255 100 1
13256 493 1
13257 617 1
13258 819 1
13259 766 1
13260 830 1
13261 770 1
13262 949 1
13263 1097 1
13264 1046 1
13265 940 1
13266 878 1
13267 773 1
13268 663 1
13269 592 1
13270 1239 1
13271 1269 1
13272 1252 1
13273 1472 1
13274 1550 1
13275 1720 1
13276 1749 1
13277 1566 1
13278 1528 1
13279 1396 1
13280 1397 1
13281 1352 1
13282 1357 1
13283 1237 1
13284 1006 1
13285 1086 1
13286 1036 1
13287 1067 1
13288 857 1
13289 458 1
13290 1129 1
13291 1564 1
13292 1710 1
13293 1768 1
13294 1707 1
13295 1638 1
13296 1751 1
13297 1634 1
13298 1459 1
13299 1482 1
13300 1456 1
13301 1258 1
13302 1246 1
13303 1056 1
13304 1117 1
13305 1066 1
13306 1106 1
13307 1104 1
13308 1317 1
13309 1333 1
13310 1528 1
13311 1481 1
13312 1076 1
13313 1034 1
13314 855 1
13315 716 1
13316 616 1
13317 446 1
13318 549 1
13319 486 1
13320 692 1
13321 770 1
13322 712 1
13323 847 1
13324 1017 1
13325 1021 1
13326 523 1
13327 255 1
13328 100 1
13329 100 1
13330 100 1
13331 100 1
13332 100 1
13333 100 1
13334 100 1
13335 100 1
13336 118 1
13337 224 1
13338 364 1
13339 544 1
13340 100 1
13341 100 1
13342 100 1
13343 111 1
13344 100 1
13345 370 1
13346 568 1
13347 610 1
13348 405 1
13349 242 1
13350 106 1
13351 100 1
13352 100 1
13353 100 1
13354 489 1
13355 471 1
13356 733 1
13357 694 1
13358 863 1
13359 902 1
13360 955 1
13361 1105 1
13362 863 1
13363 826 1
13364 870 1
13365 801 1
13366 760 1
13367 595 1
13368 934 1
13369 497 1
13370 127 1
13371 274 1
13372 336 1
13373 366 1
13374 349 1
13375 100 1
13376 100 1
13377 100 1
13378 100 1
13379 100 1
13380 100 1
13381 100 1
13382 980 1
13383 1533 1
13384 1577 1
13385 1605 1
13386 1551 1
13387 1485 1
13388 1408 1
13389 1677 1
13390 1769 1
13391 1855 1
13392 1950 1
13393 1771 1
13394 1727 1
13395 1629 1
13396 1489 1
13397 1361 1
13398 1358 1
13399 1213 1
13400 1081 1
13401 1023 1
13402 1036 1
13403 1128 1
13404 1216 1
13405 1225 1
13406 1392 1
13407 1364 1
13408 1504 1
13409 1665 1
13410 1011 1
13411 823 1
13412 866 1
13413 794 1
13414 644 1
13415 554 1
13416 558 1
13417 291 1
13418 620 1
13419 772 1
13420 653 1
13421 924 1
13422 1076 1
13423 1165 1
13424 407 1
13425 419 1
13426 100 1
13427 100 1
13428 100 1
13429 100 1
13430 100 1
13431 100 1
13432 100 1
13433 100 1
13434 100 1
13435 107 1
13436 396 1
13437 508 1
13438 100 1
13439 100 1
13440 100 1
13441 100 1
13442 107 1
13443 467 1
13444 535 1
13445 336 1
13446 112 1
13447 100 1
13448 100 1
13449 100 1
13450 100 1
13451 100 1
13452 643 1
13453 645 1
13454 674 1
13455 808 1
13456 829 1
13457 854 1
13458 890 1
13459 583 1
13460 325 1
13461 508 1
13462 417 1
13463 244 1
13464 399 1
13465 344 1
13466 781 1
13467 446 1
13468 635 1
13469 828 1
13470 1093 1
13471 1154 1
13472 1451 1
13473 1091 1
13474 965 1
13475 776 1
13476 722 1
13477 580 1
13478 439 1
13479 459 1
13480 1659 1
13481 1669 1
13482 1734 1
13483 1764 1
13484 1762 1
13485 1802 1
13486 1699 1
13487 1064 1
13488 1091 1
13489 1073 1
13490 1247 1
13491 1142 1
13492 1017 1
13493 1119 1
13494 1491 1
13495 1419 1
13496 1419 1
13497 1305 1
13498 1101 1
13499 100 1
13500 941 1
13501 727 1
13502 701 1
13503 837 1
13504 818 1
13505 810 1
13506 971 1
13507 958 1
13508 809 1
13509 679 1
13510 607 1
13511 596 1
13512 622 1
13513 430 1
13514 470 1
13515 100 1
13516 104 1
13517 108 1
13518 439 1
13519 236 1
13520 344 1
13521 556 1
13522 360 1
13523 347 1
13524 100 1
13525 101 1
13526 100 1
13527 100 1
13528 100 1
13529 100 1
13530 100 1
13531 100 1
13532 100 1
13533 100 1
13534 100 1
13535 100 1
13536 100 1
13537 100 1
13538 100 1
13539 215 1
13540 118 1
13541 385 1
13542 402 1
13543 638 1
13544 426 1
13545 100 1
13546 124 1
13547 100 1
13548 100 1
13549 100 1
13550 666 1
13551 644 1
13552 679 1
13553 857 1
13554 100 1
13555 910 1
13556 981 1
13557 848 1
13558 857 1
13559 802 1
13560 671 1
13561 822 1
13562 822 1
13563 618 1
13564 943 1
13565 682 1
13566 691 1
13567 842 1
13568 1030 1
13569 1268 1
13570 1448 1
13571 1635 1
13572 1436 1
13573 1283 1
13574 908 1
13575 461 1
13576 469 1
13577 690 1
13578 1277 1
13579 1054 1
13580 947 1
13581 1008 1
13582 1093 1
13583 1009 1
13584 1220 1
13585 1561 1
13586 1599 1
13587 1436 1
13588 1543 1
13589 1531 1
13590 1597 1
13591 1537 1
13592 1543 1
13593 1551 1
13594 1525 1
13595 1420 1
13596 1377 1
13597 1191 1
13598 979 1
13599 1279 1
13600 1440 1
13601 1369 1
13602 1586 1
13603 1637 1
13604 1680 1
13605 1685 1
13606 955 1
13607 698 1
13608 629 1
13609 608 1
13610 521 1
13611 445 1
13612 497 1
13613 660 1
13614 828 1
13615 739 1
13616 921 1
13617 894 1
13618 993 1
13619 1129 1
13620 396 1
13621 372 1
13622 102 1
13623 104 1
13624 100 1
13625 100 1
13626 100 1
13627 100 1
13628 100 1
13629 100 1
13630 253 1
13631 344 1
13632 404 1
13633 613 1
13634 100 1
13635 100 1
13636 100 1
13637 108 1
13638 242 1
13639 311 1
13640 523 1
13641 607 1
13642 574 1
13643 374 1
13644 120 1
13645 100 1
13646 100 1
13647 100 1
13648 575 1
13649 559 1
13650 721 1
13651 791 1
13652 887 1
13653 892 1
13654 961 1
13655 1089 1
13656 1046 1
13657 959 1
13658 935 1
13659 857 1
13660 670 1
13661 669 1
13662 968 1
13663 978 1
13664 1055 1
13665 100 1
13666 1088 1
13667 1191 1
13668 1430 1
13669 1658 1
13670 957 1
13671 1444 1
13672 1189 1
13673 1315 1
13674 1085 1
13675 1267 1
13676 1466 1
13677 1539 1
13678 1626 1
13679 1652 1
13680 1629 1
13681 1596 1
13682 1635 1
13683 1608 1
13684 1578 1
13685 1643 1
13686 1595 1
13687 1598 1
13688 1528 1
13689 1557 1
13690 1457 1
13691 1392 1
13692 1272 1
13693 1262 1
13694 1259 1
13695 995 1
13696 1012 1
13697 1311 1
13698 1301 1
13699 1287 1
13700 1390 1
13701 1465 1
13702 1640 1
13703 1698 1
13704 843 1
13705 724 1
13706 647 1
13707 585 1
13708 100 1
13709 377 1
13710 382 1
13711 575 1
13712 495 1
13713 754 1
13714 641 1
13715 732 1
13716 857 1
13717 1002 1
13718 243 1
13719 118 1
13720 100 1
13721 100 1
13722 100 1
13723 100 1
13724 100 1
13725 100 1
13726 100 1
13727 100 1
13728 222 1
13729 124 1
13730 400 1
13731 445 1
13732 100 1
13733 100 1
13734 100 1
13735 100 1
13736 220 1
13737 494 1
13738 576 1
13739 644 1
13740 543 1
13741 334 1
13742 222 1
13743 100 1
13744 100 1
13745 100 1
13746 602 1
13747 621 1
13748 622 1
13749 894 1
13750 851 1
13751 917 1
13752 998 1
13753 1147 1
13754 1079 1
13755 1027 1
13756 982 1
13757 849 1
13758 805 1
13759 806 1
13760 1174 1
13761 1124 1
13762 1207 1
13763 1257 1
13764 1269 1
13765 1349 1
13766 1572 1
13767 1683 1
13768 1563 1
13769 1379 1
13770 1270 1
13771 1191 1
13772 1128 1
13773 1227 1
13774 1637 1
13775 1725 1
13776 1782 1
13777 1677 1
13778 1709 1
13779 1598 1
13780 1562 1
13781 1863 1
13782 1906 1
13783 1865 1
13784 1780 1
13785 1950 1
13786 1781 1
13787 1758 1
13788 1523 1
13789 1506 1
13790 1463 1
13791 1346 1
13792 1219 1
13793 1269 1
13794 1067 1
13795 1360 1
13796 1408 1
13797 1459 1
13798 1584 1
13799 1616 1
13800 1673 1
13801 1819 1
13802 907 1
13803 924 1
13804 820 1
13805 775 1
13806 579 1
13807 417 1
13808 511 1
13809 491 1
13810 470 1
13811 698 1
13812 702 1
13813 719 1
13814 875 1
13815 1090 1
13816 402 1
13817 342 1
13818 100 1
13819 107 1
13820 100 1
13821 100 1
13822 100 1
13823 100 1
13824 100 1
13825 100 1
13826 124 1
13827 116 1
13828 386 1
13829 444 1
13830 100 1
13831 100 1
13832 100 1
13833 220 1
13834 370 1
13835 348 1
13836 399 1
13837 100 1
13838 100 1
13839 100 1
13840 100 1
13841 100 1
13842 100 1
13843 100 1
13844 583 1
13845 446 1
13846 635 1
13847 776 1
13848 846 1
13849 908 1
13850 1069 1
13851 647 1
13852 601 1
13853 653 1
13854 364 1
13855 244 1
13856 100 1
13857 113 1
13858 1116 1
13859 1141 1
13860 1220 1
13861 1125 1
13862 1194 1
13863 1487 1
13864 1404 1
13865 1186 1
13866 1229 1
13867 1077 1
13868 828 1
13869 876 1
13870 746 1
13871 733 1
13872 1554 1
13873 1502 1
13874 1520 1
13875 1604 1
13876 1644 1
13877 1557 1
13878 1538 1
13879 1344 1
13880 1329 1
13881 1318 1
13882 1247 1
13883 1377 1
13884 1356 1
13885 1361 1
13886 1427 1
13887 1433 1
13888 1322 1
13889 1291 1
13890 1101 1
13891 1098 1
13892 1064 1
13893 627 1
13894 892 1
13895 1001 1
13896 1245 1
13897 1289 1
13898 1379 1
13899 1243 1
13900 925 1
13901 771 1
13902 670 1
13903 672 1
13904 641 1
13905 589 1
13906 439 1
13907 100 1
13908 100 1
13909 121 1
13910 241 1
13911 264 1
13912 430 1
13913 659 1
13914 398 1
13915 450 1
13916 256 1
13917 253 1
13918 100 1
13919 100 1
13920 100 1
13921 100 1
13922 100 1
13923 100 1
13924 100 1
13925 100 1
13926 100 1
13927 100 1
13928 100 1
13929 100 1
13930 100 1
13931 100 1
13932 100 1
13933 100 1
13934 100 1
13935 638 1
13936 418 1
13937 373 1
13938 230 1
13939 100 1
13940 100 1
13941 100 1
13942 589 1
13943 645 1
13944 770 1
13945 818 1
13946 912 1
13947 914 1
13948 1045 1
13949 1264 1
13950 1216 1
13951 922 1
13952 960 1
13953 869 1
13954 807 1
13955 647 1
13956 1219 1
13957 1267 1
13958 1309 1
13959 1270 1
13960 1398 1
13961 1387 1
13962 1583 1
13963 1770 1
13964 1752 1
13965 1661 1
13966 1646 1
13967 1418 1
13968 1434 1
13969 1330 1
13970 1404 1
13971 1411 1
13972 1451 1
13973 1456 1
13974 1445 1
13975 1453 1
13976 1477 1
13977 1742 1
13978 1750 1
13979 1917 1
13980 1844 1
13981 1917 1
13982 1812 1
13983 1836 1
13984 1517 1
13985 1451 1
13986 1461 1
13987 1399 1
13988 1150 1
13989 1141 1
13990 1205 1
13991 1234 1
13992 1464 1
13993 1405 1
13994 1725 1
13995 1714 1
13996 1800 1
13997 1815 1
13998 1227 1
13999 916 1
14000 951 1
14001 877 1
14002 804 1
14003 785 1
14004 520 1
14005 749 1
14006 820 1
14007 917 1
14008 1007 1
14009 1040 1
14010 1190 1
14011 1262 1
14012 680 1
14013 424 1
14014 434 1
14015 114 1
14016 100 1
14017 100 1
14018 100 1
14019 100 1
14020 100 1
14021 103 1
14022 359 1
14023 404 1
14024 574 1
14025 655 1
14026 100 1
14027 100 1
14028 103 1
14029 125 1
14030 231 1
14031 547 1
14032 587 1
14033 264 1
14034 116 1
14035 100 1
14036 100 1
14037 100 1
14038 100 1
14039 100 1
14040 645 1
14041 695 1
14042 855 1
14043 927 1
14044 983 1
14045 1111 1
14046 976 1
14047 915 1
14048 809 1
14049 800 1
14050 783 1
14051 628 1
14052 580 1
14053 537 1
14054 1151 1
14055 1127 1
14056 1303 1
14057 1185 1
14058 1262 1
14059 1447 1
14060 1534 1
14061 1552 1
14062 1373 1
14063 1206 1
14064 1268 1
14065 1145 1
14066 1043 1
14067 1061 1
14068 1535 1
14069 1671 1
14070 1633 1
14071 1835 1
14072 1542 1
14073 1603 1
14074 1579 1
14075 1472 1
14076 1470 1
14077 1475 1
14078 1593 1
14079 1547 1
14080 1567 1
14081 1592 1
14082 1491 1
14083 1433 1
14084 1392 1
14085 1241 1
14086 1313 1
14087 1111 1
14088 974 1
14089 978 1
14090 996 1
14091 987 1
14092 1010 1
14093 1226 1
14094 1257 1
14095 1276 1
14096 984 1
14097 1058 1
14098 800 1
14099 843 1
14100 809 1
14101 834 1
14102 772 1
14103 391 1
14104 377 1
14105 519 1
14106 504 1
14107 554 1
14108 564 1
14109 613 1
14110 583 1
14111 554 1
14112 448 1
14113 389 1
14114 100 1
14115 100 1
14116 100 1
14117 100 1
14118 100 1
14119 100 1
14120 351 1
14121 227 1
14122 389 1
14123 424 1
14124 100 1
14125 100 1
14126 100 1
14127 121 1
14128 237 1
14129 543 1
14130 636 1
14131 542 1
14132 291 1
14133 206 1
14134 115 1
14135 100 1
14136 100 1
14137 100 1
14138 748 1
14139 815 1
14140 874 1
14141 942 1
14142 980 1
14143 1035 1
14144 1257 1
14145 727 1
14146 663 1
14147 626 1
14148 501 1
14149 409 1
14150 465 1
14151 254 1
14152 1348 1
14153 1339 1
14154 1489 1
14155 1544 1
14156 1557 1
14157 1689 1
14158 1766 1
14159 1473 1
14160 1313 1
14161 1161 1
14162 1146 1
14163 1204 1
14164 1118 1
14165 1053 1
14166 1764 1
14167 1820 1
14168 2068 1
14169 1968 1
14170 1885 1
14171 1766 1
14172 1815 1
14173 1648 1
14174 1653 1
14175 1616 1
14176 1666 1
14177 1531 1
14178 1526 1
14179 1540 1
14180 1767 1
14181 1678 1
14182 1578 1
14183 1563 1
14184 1357 1
14185 1403 1
14186 1401 1
14187 878 1
14188 1102 1
14189 1229 1
14190 1284 1
14191 1386 1
14192 1603 1
14193 1630 1
14194 1228 1
14195 1084 1
14196 986 1
14197 916 1
14198 934 1
14199 840 1
14200 768 1
14201 673 1
14202 616 1
14203 579 1
14204 677 1
14205 667 1
14206 741 1
14207 767 1
14208 625 1
14209 528 1
14210 368 1
14211 109 1
14212 100 1
14213 100 1
14214 100 1
14215 100 1
14216 100 1
14217 100 1
14218 312 1
14219 339 1
14220 375 1
14221 539 1
14222 100 1
14223 100 1
14224 100 1
14225 148 1
14226 360 1
14227 508 1
14228 575 1
14229 107 1
14230 100 1
14231 100 1
14232 100 1
14233 100 1
14234 100 1
14235 100 1
14236 448 1
14237 757 1
14238 772 1
14239 799 1
14240 899 1
14241 948 1
14242 998 1
14243 622 1
14244 557 1
14245 556 1
14246 393 1
14247 341 1
14248 350 1
14249 115 1
14250 1013 1
14251 1243 1
14252 1195 1
14253 1184 1
14254 1244 1
14255 1285 1
14256 1427 1
14257 622 1
14258 579 1
14259 470 1
14260 501 1
14261 453 1
14262 382 1
14263 489 1
14264 1536 1
14265 1558 1
14266 1602 1
14267 1538 1
14268 1511 1
14269 1616 1
14270 1349 1
14271 100 1
14272 100 1
14273 100 1
14274 100 1
14275 100 1
14276 100 1
14277 100 1
14278 1456 1
14279 1388 1
14280 1264 1
14281 1166 1
14282 1153 1
14283 1055 1
14284 917 1
14285 694 1
14286 789 1
14287 855 1
14288 942 1
14289 1012 1
14290 1044 1
14291 1166 1
14292 887 1
14293 891 1
14294 715 1
14295 670 1
14296 671 1
14297 575 1
14298 528 1
14299 100 1
14300 100 1
14301 100 1
14302 100 1
14303 100 1
14304 100 1
14305 100 1
14306 392 1
14307 373 1
14308 100 1
14309 100 1
14310 100 1
14311 100 1
14312 100 1
14313 100 1
14314 100 1
14315 100 1
14316 101 1
14317 100 1
14318 333 1
14319 493 1
14320 100 1
14321 100 1
14322 100 1
14323 218 1
14324 243 1
14325 426 1
14326 601 1
14327 508 1
14328 367 1
14329 100 1
14330 100 1
14331 100 1
14332 100 1
14333 100 1
14334 654 1
14335 692 1
14336 830 1
14337 917 1
14338 950 1
14339 992 1
14340 1013 1
14341 1030 1
14342 889 1
14343 799 1
14344 624 1
14345 722 1
14346 574 1
14347 474 1
14348 1306 1
14349 1270 1
14350 1252 1
14351 1315 1
14352 1515 1
14353 1585 1
14354 1634 1
14355 1482 1
14356 1383 1
14357 1317 1
14358 1158 1
14359 1140 1
14360 1168 1
14361 1136 1
14362 1692 1
14363 1660 1
14364 1732 1
14365 1710 1
14366 1672 1
14367 1657 1
14368 1669 1
14369 1570 1
14370 1587 1
14371 1516 1
14372 1757 1
14373 1531 1
14374 1598 1
14375 1542 1
14376 1689 1
14377 1681 1
14378 1545 1
14379 1506 1
14380 1316 1
14381 1270 1
14382 1255 1
14383 1030 1
14384 1162 1
14385 1200 1
14386 1277 1
14387 1401 1
14388 1440 1
14389 1484 1
14390 1074 1
14391 1039 1
14392 1019 1
14393 940 1
14394 805 1
14395 638 1
14396 661 1
14397 713 1
14398 628 1
14399 794 1
14400 795 1
14401 868 1
14402 858 1
14403 831 1
14404 606 1
14405 528 1
14406 361 1
14407 329 1
14408 100 1
14409 100 1
14410 100 1
14411 100 1
14412 100 1
14413 100 1
14414 208 1
14415 234 1
14416 377 1
14417 436 1
14418 100 1
14419 100 1
14420 100 1
14421 100 1
14422 207 1
14423 241 1
14424 273 1
14425 404 1
14426 257 1
14427 104 1
14428 100 1
14429 100 1
14430 100 1
14431 100 1
14432 457 1
14433 622 1
14434 760 1
14435 805 1
14436 673 1
14437 730 1
14438 805 1
14439 100 1
14440 100 1
14441 100 1
14442 100 1
14443 100 1
14444 100 1
14445 100 1
14446 890 1
14447 1083 1
14448 1067 1
14449 1259 1
14450 1289 1
14451 1368 1
14452 1385 1
14453 1443 1
14454 1310 1
14455 1199 1
14456 1120 1
14457 957 1
14458 881 1
14459 793 1
14460 1414 1
14461 1476 1
14462 1590 1
14463 1588 1
14464 1691 1
14465 1609 1
14466 1620 1
14467 1514 1
14468 1558 1
14469 1558 1
14470 1400 1
14471 1548 1
14472 1551 1
14473 1521 1
14474 1543 1
14475 1469 1
14476 1440 1
14477 1197 1
14478 1159 1
14479 1154 1
14480 1027 1
14481 954 1
14482 1074 1
14483 1114 1
14484 1235 1
14485 1307 1
14486 1377 1
14487 1488 1
14488 1056 1
14489 885 1
14490 746 1
14491 662 1
14492 650 1
14493 345 1
14494 432 1
14495 526 1
14496 488 1
14497 593 1
14498 603 1
14499 825 1
14500 750 1
14501 945 1
14502 526 1
14503 339 1
14504 260 1
14505 360 1
14506 100 1
14507 100 1
14508 100 1
14509 100 1
14510 100 1
14511 100 1
14512 230 1
14513 335 1
14514 231 1
14515 500 1
14516 100 1
14517 100 1
14518 100 1
14519 111 1
14520 100 1
14521 346 1
14522 553 1
14523 518 1
14524 255 1
14525 100 1
14526 100 1
14527 100 1
14528 100 1
14529 100 1
14530 545 1
14531 479 1
14532 469 1
14533 587 1
14534 485 1
14535 484 1
14536 582 1
14537 626 1
14538 571 1
14539 432 1
14540 526 1
14541 392 1
14542 595 1
14543 565 1
14544 588 1
14545 100 1
14546 100 1
14547 407 1
14548 842 1
14549 542 1
14550 100 1
14551 1462 1
14552 1436 1
14553 1325 1
14554 1168 1
14555 1001 1
14556 857 1
14557 619 1
14558 624 1
14559 1158 1
14560 1483 1
14561 1763 1
14562 1672 1
14563 1684 1
14564 1645 1
14565 1515 1
14566 1605 1
14567 1596 1
14568 1611 1
14569 1580 1
14570 1467 1
14571 1523 1
14572 1736 1
14573 1656 1
14574 1550 1
14575 1420 1
14576 1315 1
14577 1134 1
14578 1103 1
14579 1023 1
14580 1148 1
14581 1168 1
14582 1415 1
14583 1479 1
14584 1415 1
14585 1566 1
14586 1247 1
14587 948 1
14588 937 1
14589 835 1
14590 868 1
14591 838 1
14592 754 1
14593 475 1
14594 732 1
14595 632 1
14596 827 1
14597 886 1
14598 795 1
14599 1012 1
14600 732 1
14601 374 1
14602 100 1
14603 107 1
14604 100 1
14605 100 1
14606 100 1
14607 100 1
14608 100 1
14609 100 1
14610 103 1
14611 210 1
14612 278 1
14613 552 1
14614 100 1
14615 100 1
14616 100 1
14617 100 1
14618 100 1
14619 100 1
14620 100 1
14621 464 1
14622 357 1
14623 100 1
14624 100 1
14625 100 1
14626 100 1
14627 100 1
14628 109 1
14629 119 1
14630 242 1
14631 321 1
14632 376 1
14633 380 1
14634 404 1
14635 642 1
14636 619 1
14637 547 1
14638 629 1
14639 570 1
14640 712 1
14641 599 1
14642 454 1
14643 464 1
14644 723 1
14645 817 1
14646 943 1
14647 820 1
14648 911 1
14649 1235 1
14650 1262 1
14651 1183 1
14652 1079 1
14653 923 1
14654 895 1
14655 100 1
14656 1008 1
14657 947 1
14658 1005 1
14659 1048 1
14660 1207 1
14661 1119 1
14662 1072 1
14663 1410 1
14664 1610 1
14665 1525 1
14666 1719 1
14667 1508 1
14668 1470 1
14669 1323 1
14670 1016 1
14671 1013 1
14672 825 1
14673 868 1
14674 800 1
14675 843 1
14676 767 1
14677 895 1
14678 975 1
14679 901 1
14680 964 1
14681 960 1
14682 1015 1
14683 1131 1
14684 643 1
14685 732 1
14686 726 1
14687 404 1
14688 539 1
14689 334 1
14690 324 1
14691 578 1
14692 633 1
14693 666 1
14694 667 1
14695 710 1
14696 740 1
14697 853 1
14698 100 1
14699 100 1
14700 100 1
14701 100 1
14702 100 1
14703 100 1
14704 100 1
14705 100 1
14706 100 1
14707 104 1
14708 100 1
14709 100 1
14710 364 1
14711 442 1
14712 100 1
14713 100 1
14714 100 1
14715 100 1
14716 310 1
14717 227 1
14718 387 1
14719 100 1
14720 100 1
14721 100 1
14722 100 1
14723 100 1
14724 100 1
14725 100 1
14726 386 1
14727 504 1
14728 376 1
14729 524 1
14730 550 1
14731 630 1
14732 728 1
14733 100 1
14734 100 1
14735 100 1
14736 100 1
14737 100 1
14738 100 1
14739 100 1
14740 812 1
14741 835 1
14742 971 1
14743 1023 1
14744 1019 1
14745 1138 1
14746 1226 1
14747 100 1
14748 113 1
14749 102 1
14750 113 1
14751 100 1
14752 100 1
14753 100 1
14754 1243 1
14755 1127 1
14756 1255 1
14757 1170 1
14758 1154 1
14759 1342 1
14760 1293 1
14761 225 1
14762 233 1
14763 129 1
14764 107 1
14765 121 1
14766 113 1
14767 105 1
14768 1305 1
14769 1214 1
14770 1100 1
14771 1079 1
14772 988 1
14773 992 1
14774 934 1
14775 100 1
14776 100 1
14777 100 1
14778 211 1
14779 100 1
14780 220 1
14781 101 1
14782 833 1
14783 665 1
14784 647 1
14785 746 1
14786 610 1
14787 526 1
14788 389 1
14789 100 1
14790 100 1
14791 100 1
14792 100 1
14793 100 1
14794 100 1
14795 100 1
14796 394 1
14797 352 1
14798 249 1
14799 229 1
14800 100 1
14801 100 1
14802 100 1
14803 100 1
14804 100 1
14805 100 1
14806 100 1
14807 100 1
14808 100 1
14809 100 1
14810 100 1
14811 100 1
14812 112 1
14813 334 1
14814 342 1
14815 377 1
14816 401 1
14817 138 1
14818 242 1
14819 106 1
14820 100 1
14821 100 1
14822 100 1
14823 100 1
14824 417 1
14825 415 1
14826 546 1
14827 473 1
14828 569 1
14829 651 1
14830 644 1
14831 803 1
14832 598 1
14833 546 1
14834 384 1
14835 405 1
14836 380 1
14837 282 1
14838 840 1
14839 879 1
14840 962 1
14841 1101 1
14842 987 1
14843 1159 1
14844 1210 1
14845 100 1
14846 100 1
14847 100 1
14848 100 1
14849 100 1
14850 100 1
14851 100 1
14852 1240 1
14853 1230 1
14854 1188 1
14855 1277 1
14856 1107 1
14857 1162 1
14858 1095 1
14859 1190 1
14860 1207 1
14861 1125 1
14862 1106 1
14863 1054 1
14864 1009 1
14865 923 1
14866 1189 1
14867 1220 1
14868 1124 1
14869 1010 1
14870 953 1
14871 959 1
14872 896 1
14873 859 1
14874 857 1
14875 899 1
14876 954 1
14877 974 1
14878 901 1
14879 1119 1
14880 803 1
14881 652 1
14882 613 1
14883 555 1
14884 560 1
14885 397 1
14886 384 1
14887 245 1
14888 493 1
14889 404 1
14890 552 1
14891 643 1
14892 637 1
14893 685 1
14894 381 1
14895 224 1
14896 345 1
14897 221 1
14898 100 1
14899 100 1
14900 100 1
14901 100 1
14902 100 1
14903 100 1
14904 100 1
14905 229 1
14906 369 1
14907 344 1
14908 106 1
14909 100 1
14910 118 1
14911 241 1
14912 491 1
14913 508 1
14914 434 1
14915 355 1
14916 238 1
14917 361 1
14918 112 1
14919 101 1
14920 100 1
14921 100 1
14922 532 1
14923 689 1
14924 674 1
14925 643 1
14926 691 1
14927 853 1
14928 997 1
14929 676 1
14930 643 1
14931 605 1
14932 577 1
14933 461 1
14934 536 1
14935 393 1
14936 850 1
14937 1030 1
14938 1114 1
14939 1149 1
14940 1262 1
14941 1267 1
14942 1386 1
14943 1143 1
14944 1167 1
14945 980 1
14946 1001 1
14947 961 1
14948 916 1
14949 873 1
14950 1285 1
14951 1334 1
14952 1394 1
14953 1447 1
14954 1429 1
14955 1341 1
14956 1489 1
14957 1375 1
14958 1349 1
14959 1337 1
14960 1343 1
14961 1239 1
14962 1105 1
14963 1142 1
14964 1402 1
14965 1303 1
14966 1293 1
14967 1213 1
14968 1040 1
14969 1061 1
14970 981 1
14971 916 1
14972 1006 1
14973 969 1
14974 1157 1
14975 1238 1
14976 1282 1
14977 1412 1
14978 923 1
14979 718 1
14980 723 1
14981 764 1
14982 688 1
14983 642 1
14984 469 1
14985 492 1
14986 521 1
14987 418 1
14988 591 1
14989 606 1
14990 629 1
14991 775 1
14992 447 1
14993 413 1
14994 398 1
14995 371 1
14996 231 1
14997 100 1
14998 103 1
14999 100 1
15000 100 1
15001 122 1
15002 213 1
15003 429 1
15004 459 1
15005 370 1
15006 100 1
15007 100 1
15008 108 1
15009 227 1
15010 472 1
15011 380 1
15012 392 1
15013 410 1
15014 249 1
15015 211 1
15016 236 1
15017 223 1
15018 100 1
15019 100 1
15020 395 1
15021 387 1
15022 552 1
15023 579 1
15024 645 1
15025 668 1
15026 728 1
15027 708 1
15028 681 1
15029 654 1
15030 482 1
15031 446 1
15032 413 1
15033 494 1
15034 876 1
15035 959 1
15036 1005 1
15037 1045 1
15038 1137 1
15039 1076 1
15040 1257 1
15041 1242 1
15042 1079 1
15043 1081 1
15044 993 1
15045 1081 1
15046 921 1
15047 837 1
15048 1280 1
15049 1336 1
15050 1372 1
15051 1197 1
15052 1253 1
15053 1093 1
15054 1104 1
15055 1232 1
15056 1169 1
15057 1139 1
15058 1168 1
15059 1342 1
15060 1296 1
15061 1281 1
15062 1194 1
15063 1158 1
15064 1159 1
15065 972 1
15066 958 1
15067 887 1
15068 795 1
15069 642 1
15070 779 1
15071 868 1
15072 905 1
15073 1083 1
15074 1112 1
15075 1055 1
15076 572 1
15077 544 1
15078 589 1
15079 502 1
15080 506 1
15081 383 1
15082 377 1
15083 264 1
15084 385 1
15085 428 1
15086 527 1
15087 545 1
15088 476 1
15089 606 1
15090 380 1
15091 229 1
15092 341 1
15093 124 1
15094 100 1
15095 100 1
15096 100 1
15097 100 1
15098 100 1
15099 100 1
15100 100 1
15101 100 1
15102 100 1
15103 100 1
15104 100 1
15105 100 1
15106 100 1
15107 100 1
15108 113 1
15109 345 1
15110 333 1
15111 523 1
15112 378 1
15113 480 1
15114 249 1
15115 111 1
15116 100 1
15117 100 1
15118 380 1
15119 531 1
15120 597 1
15121 499 1
15122 677 1
15123 801 1
15124 857 1
15125 1048 1
15126 921 1
15127 867 1
15128 683 1
15129 731 1
15130 760 1
15131 542 1
15132 878 1
15133 905 1
15134 1073 1
15135 1053 1
15136 1115 1
15137 1147 1
15138 1325 1
15139 1332 1
15140 1266 1
15141 1156 1
15142 1130 1
15143 1126 1
15144 1030 1
15145 973 1
15146 1319 1
15147 1406 1
15148 1430 1
15149 1451 1
15150 1233 1
15151 1270 1
15152 1413 1
15153 1390 1
15154 1439 1
15155 1525 1
15156 1338 1
15157 1409 1
15158 1374 1
15159 1382 1
15160 1272 1
15161 1228 1
15162 1008 1
15163 948 1
15164 716 1
15165 819 1
15166 650 1
15167 899 1
15168 961 1
15169 1082 1
15170 1203 1
15171 1243 1
15172 1337 1
15173 1407 1
15174 521 1
15175 365 1
15176 114 1
15177 120 1
15178 108 1
15179 100 1
15180 107 1
15181 355 1
15182 409 1
15183 417 1
15184 499 1
15185 501 1
15186 584 1
15187 810 1
15188 215 1
15189 100 1
15190 100 1
15191 100 1
15192 100 1
15193 100 1
15194 100 1
15195 100 1
15196 100 1
15197 100 1
15198 117 1
15199 216 1
15200 351 1
15201 249 1
15202 100 1
15203 100 1
15204 100 1
15205 233 1
15206 440 1
15207 254 1
15208 396 1
15209 100 1
15210 100 1
15211 100 1
15212 100 1
15213 100 1
15214 100 1
15215 100 1
15216 363 1
15217 427 1
15218 566 1
15219 619 1
15220 677 1
15221 790 1
15222 770 1
15223 130 1
15224 242 1
15225 101 1
15226 228 1
15227 102 1
15228 100 1
15229 100 1
15230 925 1
15231 1000 1
15232 1036 1
15233 1087 1
15234 1038 1
15235 1183 1
15236 1205 1
15237 603 1
15238 635 1
15239 615 1
15240 586 1
15241 367 1
15242 555 1
15243 472 1
15244 1286 1
15245 1175 1
15246 1183 1
15247 1231 1
15248 1110 1
15249 1230 1
15250 1193 1
15251 757 1
15252 525 1
15253 631 1
15254 699 1
15255 671 1
15256 800 1
15257 779 1
15258 1188 1
15259 961 1
15260 1021 1
15261 900 1
15262 747 1
15263 621 1
15264 470 1
15265 100 1
15266 368 1
15267 506 1
15268 468 1
15269 465 1
15270 516 1
15271 697 1
15272 413 1
15273 503 1
15274 539 1
15275 538 1
15276 423 1
15277 356 1
15278 362 1
15279 100 1
15280 218 1
15281 227 1
15282 224 1
15283 244 1
15284 100 1
15285 100 1
15286 361 1
15287 131 1
15288 116 1
15289 102 1
15290 100 1
15291 100 1
15292 100 1
15293 100 1
15294 100 1
15295 100 1
15296 100 1
15297 100 1
15298 100 1
15299 100 1
15300 100 1
15301 100 1
15302 235 1
15303 249 1
15304 520 1
15305 514 1
15306 539 1
15307 534 1
15308 377 1
15309 263 1
15310 224 1
15311 212 1
15312 100 1
15313 100 1
15314 565 1
15315 698 1
15316 725 1
15317 747 1
15318 889 1
15319 891 1
15320 1013 1
15321 864 1
15322 695 1
15323 660 1
15324 618 1
15325 593 1
15326 528 1
15327 512 1
15328 1000 1
15329 1079 1
15330 1105 1
15331 1107 1
15332 1170 1
15333 1310 1
15334 1339 1
15335 1085 1
15336 1121 1
15337 1062 1
15338 1068 1
15339 939 1
15340 871 1
15341 854 1
15342 100 1
15343 100 1
15344 100 1
15345 100 1
15346 100 1
15347 100 1
15348 100 1
15349 1321 1
15350 1211 1
15351 1365 1
15352 1268 1
15353 1322 1
15354 1278 1
15355 1297 1
15356 1106 1
15357 1024 1
15358 1047 1
15359 888 1
15360 732 1
15361 658 1
15362 525 1
15363 582 1
15364 716 1
15365 853 1
15366 959 1
15367 1195 1
15368 1146 1
15369 1309 1
15370 559 1
15371 606 1
15372 551 1
15373 539 1
15374 379 1
15375 402 1
15376 364 1
15377 530 1
15378 558 1
15379 523 1
15380 554 1
15381 626 1
15382 495 1
15383 410 1
15384 353 1
15385 230 1
15386 122 1
15387 101 1
15388 100 1
15389 100 1
15390 100 1
15391 100 1
15392 100 1
15393 101 1
15394 247 1
15395 332 1
15396 396 1
15397 412 1
15398 100 1
15399 100 1
15400 100 1
15401 214 1
15402 228 1
15403 243 1
15404 343 1
15405 370 1
15406 364 1
15407 232 1
15408 117 1
15409 222 1
15410 100 1
15411 100 1
15412 540 1
15413 420 1
15414 568 1
15415 576 1
15416 781 1
15417 807 1
15418 734 1
15419 672 1
15420 642 1
15421 624 1
15422 631 1
15423 446 1
15424 634 1
15425 400 1
15426 857 1
15427 879 1
15428 959 1
15429 984 1
15430 997 1
15431 1099 1
15432 1219 1
15433 1117 1
15434 1178 1
15435 1062 1
15436 989 1
15437 954 1
15438 859 1
15439 1014 1
15440 1190 1
15441 1296 1
15442 1202 1
15443 1156 1
15444 1125 1
15445 1215 1
15446 1103 1
15447 1384 1
15448 1414 1
15449 1418 1
15450 1463 1
15451 1439 1
15452 1392 1
15453 1431 1
15454 1174 1
15455 1334 1
15456 1055 1
15457 952 1
15458 876 1
15459 828 1
15460 768 1
15461 100 1
15462 100 1
15463 100 1
15464 100 1
15465 100 1
15466 100 1
15467 100 1
15468 545 1
15469 674 1
15470 559 1
15471 417 1
15472 388 1
15473 340 1
15474 235 1
15475 106 1
15476 249 1
15477 488 1
15478 393 1
15479 514 1
15480 590 1
15481 682 1
15482 100 1
15483 100 1
15484 100 1
15485 100 1
15486 100 1
15487 100 1
15488 100 1
15489 100 1
15490 100 1
15491 100 1
15492 100 1
15493 100 1
15494 100 1
15495 100 1
15496 100 1
15497 103 1
15498 112 1
15499 343 1
15500 363 1
15501 489 1
15502 516 1
15503 397 1
15504 520 1
15505 360 1
15506 249 1
15507 100 1
15508 100 1
15509 100 1
15510 503 1
15511 692 1
15512 626 1
15513 670 1
15514 716 1
15515 833 1
15516 779 1
15517 871 1
15518 852 1
15519 653 1
15520 622 1
15521 594 1
15522 471 1
15523 425 1
15524 835 1
15525 931 1
15526 1025 1
15527 1013 1
15528 1025 1
15529 1112 1
15530 1100 1
15531 1225 1
15532 1060 1
15533 1068 1
15534 1023 1
15535 954 1
15536 958 1
15537 930 1
15538 1411 1
15539 1445 1
15540 1487 1
15541 1503 1
15542 1460 1
15543 1316 1
15544 1428 1
15545 1238 1
15546 1287 1
15547 1225 1
15548 1277 1
15549 1315 1
15550 1335 1
15551 1246 1
15552 1407 1
15553 1308 1
15554 1252 1
15555 1231 1
15556 1079 1
15557 1009 1
15558 954 1
15559 824 1
15560 876 1
15561 995 1
15562 994 1
15563 1131 1
15564 100 1
15565 1269 1
15566 869 1
15567 937 1
15568 744 1
15569 628 1
15570 561 1
15571 573 1
15572 450 1
15573 374 1
15574 399 1
15575 404 1
15576 482 1
15577 584 1
15578 100 1
15579 717 1
15580 377 1
15581 262 1
15582 121 1
15583 100 1
15584 100 1
15585 100 1
15586 100 1
15587 100 1
15588 100 1
15589 100 1
15590 100 1
15591 100 1
15592 100 1
15593 347 1
15594 100 1
15595 100 1
15596 100 1
15597 100 1
15598 100 1
15599 100 1
15600 100 1
15601 496 1
15602 254 1
15603 264 1
15604 345 1
15605 100 1
15606 100 1
15607 100 1
15608 100 1
15609 100 1
15610 100 1
15611 100 1
15612 100 1
15613 212 1
15614 101 1
15615 869 1
15616 833 1
15617 835 1
15618 720 1
15619 592 1
15620 541 1
15621 445 1
15622 210 1
15623 112 1
15624 322 1
15625 231 1
15626 353 1
15627 452 1
15628 104 1
15629 1198 1
15630 1038 1
15631 987 1
15632 1038 1
15633 1032 1
15634 1101 1
15635 939 1
15636 100 1
15637 447 1
15638 634 1
15639 727 1
15640 603 1
15641 611 1
15642 497 1
15643 100 1
15644 100 1
15645 100 1
15646 100 1
15647 100 1
15648 100 1
15649 100 1
15650 749 1
15651 750 1
15652 642 1
15653 631 1
15654 605 1
15655 620 1
15656 485 1
15657 803 1
15658 888 1
15659 943 1
15660 994 1
15661 1034 1
15662 1184 1
15663 1192 1
15664 500 1
15665 263 1
15666 238 1
15667 243 1
15668 100 1
15669 100 1
15670 100 1
15671 100 1
15672 364 1
15673 412 1
15674 582 1
15675 620 1
15676 745 1
15677 819 1
15678 100 1
15679 100 1
15680 100 1
15681 100 1
15682 100 1
15683 100 1
15684 100 1
15685 100 1
15686 100 1
15687 100 1
15688 100 1
15689 100 1
15690 100 1
15691 100 1
15692 100 1
15693 100 1
15694 102 1
15695 101 1
15696 111 1
15697 322 1
15698 363 1
15699 381 1
15700 377 1
15701 323 1
15702 228 1
15703 100 1
15704 100 1
15705 100 1
15706 387 1
15707 543 1
15708 570 1
15709 725 1
15710 663 1
15711 841 1
15712 881 1
15713 852 1
15714 810 1
15715 669 1
15716 713 1
15717 544 1
15718 634 1
15719 390 1
15720 1012 1
15721 926 1
15722 975 1
15723 1003 1
15724 1065 1
15725 100 1
15726 1287 1
15727 789 1
15728 864 1
15729 859 1
15730 820 1
15731 875 1
15732 897 1
15733 804 1
15734 1173 1
15735 1385 1
15736 1354 1
15737 1432 1
15738 1220 1
15739 1355 1
15740 1345 1
15741 1039 1
15742 1050 1
15743 1051 1
15744 1020 1
15745 1147 1
15746 956 1
15747 645 1
15748 1311 1
15749 1350 1
15750 1243 1
15751 1078 1
15752 1090 1
15753 958 1
15754 999 1
15755 100 1
15756 100 1
15757 100 1
15758 100 1
15759 100 1
15760 100 1
15761 100 1
15762 885 1
15763 873 1
15764 769 1
15765 611 1
15766 588 1
15767 567 1
15768 502 1
15769 100 1
15770 105 1
15771 129 1
15772 270 1
15773 447 1
15774 629 1
15775 622 1
15776 385 1
15777 450 1
15778 261 1
15779 227 1
15780 102 1
15781 100 1
15782 100 1
15783 100 1
15784 100 1
15785 100 1
15786 100 1
15787 105 1
15788 100 1
15789 100 1
15790 100 1
15791 100 1
15792 100 1
15793 102 1
15794 235 1
15795 252 1
15796 238 1
15797 506 1
15798 341 1
15799 248 1
15800 338 1
15801 109 1
15802 100 1
15803 102 1
15804 376 1
15805 385 1
15806 518 1
15807 576 1
15808 713 1
15809 100 1
15810 690 1
15811 735 1
15812 687 1
15813 647 1
15814 595 1
15815 555 1
15816 504 1
15817 395 1
15818 686 1
15819 686 1
15820 750 1
15821 788 1
15822 370 1
15823 925 1
15824 985 1
15825 1004 1
15826 923 1
15827 804 1
15828 839 1
15829 911 1
15830 923 1
15831 912 1
15832 1062 1
15833 1139 1
15834 1108 1
15835 1032 1
15836 1055 1
15837 1179 1
15838 1044 1
15839 1100 1
15840 1111 1
15841 1130 1
15842 1124 1
15843 1260 1
15844 1224 1
15845 919 1
15846 1162 1
15847 1072 1
15848 1010 1
15849 950 1
15850 890 1
15851 848 1
15852 719 1
15853 894 1
15854 846 1
15855 908 1
15856 948 1
15857 1020 1
15858 1090 1
15859 1084 1
15860 781 1
15861 771 1
15862 614 1
15863 568 1
15864 550 1
15865 386 1
15866 363 1
15867 426 1
15868 382 1
15869 555 1
15870 572 1
15871 641 1
15872 681 1
15873 675 1
15874 364 1
15875 236 1
15876 105 1
15877 114 1
15878 100 1
15879 100 1
15880 100 1
15881 100 1
15882 100 1
15883 101 1
15884 233 1
15885 252 1
15886 337 1
15887 239 1
15888 100 1
15889 100 1
15890 227 1
15891 227 1
15892 249 1
15893 358 1
15894 385 1
15895 438 1
15896 394 1
15897 414 1
15898 245 1
15899 116 1
15900 100 1
15901 100 1
15902 561 1
15903 573 1
15904 700 1
15905 701 1
15906 843 1
15907 869 1
15908 861 1
15909 673 1
15910 850 1
15911 741 1
15912 761 1
15913 670 1
15914 751 1
15915 453 1
15916 806 1
15917 869 1
15918 716 1
15919 802 1
15920 750 1
15921 1003 1
15922 924 1
15923 753 1
15924 622 1
15925 370 1
15926 251 1
15927 393 1
15928 563 1
15929 480 1
15930 1104 1
15931 1291 1
15932 1304 1
15933 1393 1
15934 1283 1
15935 1206 1
15936 1342 1
15937 1296 1
15938 1348 1
15939 1226 1
15940 1326 1
15941 1291 1
15942 1167 1
15943 1054 1
15944 1324 1
15945 1228 1
15946 1235 1
15947 1238 1
15948 1051 1
15949 1022 1
15950 948 1
15951 960 1
15952 1014 1
15953 1217 1
15954 1231 1
15955 1222 1
15956 1323 1
15957 1296 1
15958 907 1
15959 852 1
15960 724 1
15961 624 1
15962 618 1
15963 605 1
15964 426 1
15965 591 1
15966 629 1
15967 671 1
15968 688 1
15969 859 1
15970 750 1
15971 997 1
15972 527 1
15973 414 1
15974 485 1
15975 372 1
15976 240 1
15977 224 1
15978 114 1
15979 215 1
15980 100 1
15981 335 1
15982 373 1
15983 380 1
15984 549 1
15985 663 1
15986 100 1
15987 100 1
15988 100 1
15989 101 1
15990 113 1
15991 246 1
15992 235 1
15993 228 1
15994 221 1
15995 214 1
15996 100 1
15997 100 1
15998 100 1
15999 100 1
16000 373 1
16001 373 1
16002 406 1
16003 574 1
16004 612 1
16005 639 1
16006 697 1
16007 707 1
16008 686 1
16009 622 1
16010 474 1
16011 547 1
16012 408 1
16013 356 1
16014 655 1
16015 671 1
16016 786 1
16017 783 1
16018 801 1
16019 829 1
16020 955 1
16021 984 1
16022 965 1
16023 937 1
16024 908 1
16025 883 1
16026 907 1
16027 760 1
16028 1063 1
16029 997 1
16030 1150 1
16031 1072 1
16032 973 1
16033 980 1
16034 1032 1
16035 1038 1
16036 1072 1
16037 1082 1
16038 1030 1
16039 1126 1
16040 1128 1
16041 1131 1
16042 793 1
16043 913 1
16044 857 1
16045 750 1
16046 812 1
16047 773 1
16048 742 1
16049 629 1
16050 799 1
16051 854 1
16052 765 1
16053 907 1
16054 1057 1
16055 1057 1
16056 616 1
16057 620 1
16058 522 1
16059 530 1
16060 516 1
16061 418 1
16062 119 1
16063 352 1
16064 475 1
16065 357 1
16066 488 1
16067 590 1
16068 624 1
16069 696 1
16070 219 1
16071 112 1
16072 213 1
16073 112 1
16074 100 1
16075 100 1
16076 100 1
16077 100 1
16078 100 1
16079 100 1
16080 100 1
16081 100 1
16082 100 1
16083 100 1
16084 100 1
16085 100 1
16086 100 1
16087 100 1
16088 100 1
16089 100 1
16090 100 1
16091 233 1
16092 116 1
16093 104 1
16094 105 1
16095 100 1
16096 100 1
16097 100 1
16098 100 1
16099 100 1
16100 112 1
16101 104 1
16102 229 1
16103 327 1
16104 362 1
16105 685 1
16106 666 1
16107 727 1
16108 590 1
16109 556 1
16110 368 1
16111 338 1
16112 463 1
16113 535 1
16114 643 1
16115 641 1
16116 706 1
16117 606 1
16118 650 1
16119 1019 1
16120 999 1
16121 872 1
16122 917 1
16123 879 1
16124 780 1
16125 890 1
16126 902 1
16127 900 1
16128 890 1
16129 887 1
16130 917 1
16131 945 1
16132 932 1
16133 1086 1
16134 1089 1
16135 1125 1
16136 1105 1
16137 1247 1
16138 1240 1
16139 1090 1
16140 796 1
16141 640 1
16142 527 1
16143 599 1
16144 695 1
16145 577 1
16146 627 1
16147 597 1
16148 629 1
16149 791 1
16150 878 1
16151 936 1
16152 1122 1
16153 1050 1
16154 612 1
16155 590 1
16156 552 1
16157 533 1
16158 444 1
16159 421 1
16160 399 1
16161 111 1
16162 209 1
16163 132 1
16164 375 1
16165 477 1
16166 272 1
16167 436 1
16168 422 1
16169 271 1
16170 366 1
16171 239 1
16172 100 1
16173 100 1
16174 100 1
16175 100 1
16176 100 1
16177 100 1
16178 100 1
16179 100 1
16180 103 1
16181 100 1
16182 100 1
16183 100 1
16184 100 1
16185 104 1
16186 247 1
16187 244 1
16188 248 1
16189 391 1
16190 380 1
16191 264 1
16192 100 1
16193 106 1
16194 100 1
16195 100 1
16196 259 1
16197 427 1
16198 533 1
16199 548 1
16200 599 1
16201 661 1
16202 698 1
16203 760 1
16204 710 1
16205 636 1
16206 710 1
16207 575 1
16208 565 1
16209 427 1
16210 807 1
16211 849 1
16212 879 1
16213 977 1
16214 914 1
16215 933 1
16216 1108 1
16217 1187 1
16218 1162 1
16219 1038 1
16220 1006 1
16221 985 1
16222 942 1
16223 814 1
16224 1151 1
16225 1158 1
16226 993 1
16227 1160 1
16228 1194 1
16229 1057 1
16230 1073 1
16231 100 1
16232 100 1
16233 100 1
16234 100 1
16235 100 1
16236 100 1
16237 100 1
16238 1110 1
16239 1093 1
16240 1073 1
16241 1051 1
16242 963 1
16243 925 1
16244 715 1
16245 751 1
16246 764 1
16247 994 1
16248 950 1
16249 1138 1
16250 1185 1
16251 1196 1
16252 707 1
16253 704 1
16254 654 1
16255 621 1
16256 586 1
16257 541 1
16258 558 1
16259 574 1
16260 562 1
16261 598 1
16262 663 1
16263 759 1
16264 680 1
16265 708 1
16266 383 1
16267 393 1
16268 264 1
16269 361 1
16270 122 1
16271 100 1
16272 100 1
16273 100 1
16274 101 1
16275 118 1
16276 356 1
16277 392 1
16278 390 1
16279 448 1
16280 100 1
16281 100 1
16282 207 1
16283 102 1
16284 256 1
16285 233 1
16286 358 1
16287 251 1
16288 244 1
16289 241 1
16290 212 1
16291 207 1
16292 100 1
16293 100 1
16294 490 1
16295 576 1
16296 727 1
16297 714 1
16298 635 1
16299 701 1
16300 867 1
16301 880 1
16302 631 1
16303 744 1
16304 569 1
16305 549 1
16306 401 1
16307 478 1
16308 709 1
16309 830 1
16310 887 1
16311 938 1
16312 1022 1
16313 1091 1
16314 1152 1
16315 1049 1
16316 1033 1
16317 926 1
16318 919 1
16319 822 1
16320 820 1
16321 714 1
16322 1271 1
16323 1213 1
16324 1300 1
16325 1337 1
16326 1157 1
16327 1187 1
16328 1208 1
16329 1179 1
16330 1241 1
16331 1147 1
16332 1139 1
16333 1270 1
16334 1167 1
16335 1173 1
16336 1250 1
16337 1116 1
16338 1124 1
16339 993 1
16340 995 1
16341 928 1
16342 868 1
16343 560 1
16344 510 1
16345 652 1
16346 559 1
16347 754 1
16348 687 1
16349 757 1
16350 540 1
16351 393 1
16352 373 1
16353 342 1
16354 229 1
16355 104 1
16356 100 1
16357 222 1
16358 104 1
16359 238 1
16360 267 1
16361 473 1
16362 512 1
16363 482 1
16364 232 1
16365 248 1
16366 235 1
16367 100 1
16368 100 1
16369 100 1
16370 100 1
16371 100 1
16372 100 1
16373 225 1
16374 100 1
16375 116 1
16376 335 1
16377 380 1
16378 100 1
16379 100 1
16380 100 1
16381 100 1
16382 104 1
16383 100 1
16384 100 1
16385 106 1
16386 101 1
16387 100 1
16388 100 1
16389 100 1
16390 100 1
16391 100 1
16392 100 1
16393 114 1
16394 117 1
16395 151 1
16396 338 1
16397 406 1
16398 590 1
16399 585 1
16400 638 1
16401 503 1
16402 400 1
16403 419 1
16404 229 1
16405 123 1
16406 704 1
16407 767 1
16408 839 1
16409 898 1
16410 871 1
16411 894 1
16412 1068 1
16413 924 1
16414 866 1
16415 914 1
16416 835 1
16417 797 1
16418 749 1
16419 697 1
16420 1114 1
16421 1155 1
16422 1236 1
16423 1068 1
16424 1028 1
16425 972 1
16426 926 1
16427 986 1
16428 1058 1
16429 1099 1
16430 1054 1
16431 1184 1
16432 1214 1
16433 1154 1
16434 1025 1
16435 988 1
16436 917 1
16437 933 1
16438 866 1
16439 631 1
16440 710 1
16441 703 1
16442 781 1
16443 672 1
16444 877 1
16445 798 1
16446 856 1
16447 1024 1
16448 712 1
16449 662 1
16450 586 1
16451 434 1
16452 405 1
16453 321 1
16454 217 1
16455 100 1
16456 109 1
16457 218 1
16458 381 1
16459 541 1
16460 598 1
16461 641 1
16462 103 1
16463 100 1
16464 100 1
16465 100 1
16466 100 1
16467 100 1
16468 100 1
16469 100 1
16470 100 1
16471 104 1
16472 223 1
16473 100 1
16474 100 1
16475 100 1
16476 100 1
16477 100 1
16478 100 1
16479 100 1
16480 100 1
16481 212 1
16482 220 1
16483 220 1
16484 120 1
16485 122 1
16486 241 1
16487 125 1
16488 100 1
16489 100 1
16490 100 1
16491 113 1
16492 249 1
16493 392 1
16494 358 1
16495 265 1
16496 348 1
16497 615 1
16498 549 1
16499 523 1
16500 295 1
16501 260 1
16502 223 1
16503 108 1
16504 485 1
16505 518 1
16506 522 1
16507 582 1
16508 738 1
16509 631 1
16510 865 1
16511 983 1
16512 923 1
16513 895 1
16514 878 1
16515 876 1
16516 787 1
16517 762 1
16518 936 1
16519 976 1
16520 985 1
16521 942 1
16522 885 1
16523 823 1
16524 819 1
16525 1043 1
16526 1089 1
16527 1023 1
16528 1083 1
16529 1096 1
16530 1141 1
16531 1097 1
16532 696 1
16533 837 1
16534 905 1
16535 811 1
16536 681 1
16537 645 1
16538 453 1
16539 741 1
16540 862 1
16541 919 1
16542 932 1
16543 463 1
16544 1003 1
16545 1059 1
16546 550 1
16547 558 1
16548 377 1
16549 374 1
16550 207 1
16551 210 1
16552 100 1
16553 435 1
16554 561 1
16555 588 1
16556 626 1
16557 664 1
16558 721 1
16559 726 1
16560 100 1
16561 105 1
16562 100 1
16563 100 1
16564 100 1
16565 100 1
16566 100 1
16567 100 1
16568 100 1
16569 116 1
16570 272 1
16571 371 1
16572 258 1
16573 432 1
16574 100 1
16575 100 1
16576 105 1
16577 129 1
16578 234 1
16579 484 1
16580 381 1
16581 235 1
16582 100 1
16583 100 1
16584 100 1
16585 100 1
16586 100 1
16587 100 1
16588 213 1
16589 405 1
16590 398 1
16591 436 1
16592 598 1
16593 595 1
16594 655 1
16595 258 1
16596 345 1
16597 390 1
16598 378 1
16599 349 1
16600 119 1
16601 109 1
16602 628 1
16603 736 1
16604 843 1
16605 883 1
16606 905 1
16607 945 1
16608 965 1
16609 654 1
16610 619 1
16611 537 1
16612 596 1
16613 687 1
16614 660 1
16615 366 1
16616 1124 1
16617 1026 1
16618 1125 1
16619 1025 1
16620 982 1
16621 1000 1
16622 855 1
16623 604 1
16624 580 1
16625 635 1
16626 562 1
16627 814 1
16628 801 1
16629 500 1
16630 720 1
16631 736 1
16632 755 1
16633 868 1
16634 843 1
16635 839 1
16636 778 1
16637 449 1
16638 440 1
16639 419 1
16640 399 1
16641 396 1
16642 433 1
16643 240 1
16644 751 1
16645 573 1
16646 254 1
16647 115 1
16648 100 1
16649 100 1
16650 100 1
16651 100 1
16652 100 1
16653 100 1
16654 104 1
16655 224 1
16656 382 1
16657 482 1
16658 100 1
16659 100 1
16660 100 1
16661 100 1
16662 100 1
16663 100 1
16664 100 1
16665 100 1
16666 100 1
16667 100 1
16668 100 1
16669 100 1
16670 100 1
16671 100 1
16672 221 1
16673 100 1
16674 233 1
16675 223 1
16676 352 1
16677 379 1
16678 397 1
16679 100 1
16680 100 1
16681 100 1
16682 100 1
16683 100 1
16684 100 1
16685 100 1
16686 408 1
16687 584 1
16688 450 1
16689 449 1
16690 577 1
16691 646 1
16692 680 1
16693 845 1
16694 585 1
16695 580 1
16696 436 1
16697 575 1
16698 407 1
16699 509 1
16700 897 1
16701 949 1
16702 1035 1
16703 1057 1
16704 1157 1
16705 1196 1
16706 1296 1
16707 1295 1
16708 1098 1
16709 1126 1
16710 1098 1
16711 1050 1
16712 962 1
16713 903 1
16714 1317 1
16715 1359 1
16716 1298 1
16717 1278 1
16718 888 1
16719 1192 1
16720 1053 1
16721 1096 1
16722 1271 1
16723 1102 1
16724 1223 1
16725 1147 1
16726 1252 1
16727 1203 1
16728 1158 1
16729 1155 1
16730 1019 1
16731 1020 1
16732 980 1
16733 930 1
16734 877 1
16735 502 1
16736 946 1
16737 1002 1
16738 1075 1
16739 1081 1
16740 1158 1
16741 1019 1
16742 879 1
16743 829 1
16744 659 1
16745 590 1
16746 602 1
16747 496 1
16748 372 1
16749 243 1
16750 384 1
16751 399 1
16752 544 1
16753 641 1
16754 842 1
16755 852 1
16756 358 1
16757 345 1
16758 326 1
16759 206 1
16760 113 1
16761 100 1
16762 100 1
16763 100 1
16764 100 1
16765 100 1
16766 205 1
16767 111 1
16768 125 1
16769 358 1
16770 100 1
16771 100 1
16772 100 1
16773 235 1
16774 253 1
16775 242 1
16776 338 1
16777 127 1
16778 215 1
16779 108 1
16780 110 1
16781 107 1
16782 100 1
16783 100 1
16784 232 1
16785 364 1
16786 384 1
16787 495 1
16788 517 1
16789 569 1
16790 594 1
16791 677 1
16792 630 1
16793 567 1
16794 543 1
16795 444 1
16796 398 1
16797 381 1
16798 617 1
16799 849 1
16800 920 1
16801 1006 1
16802 983 1
16803 1167 1
16804 1022 1
16805 1080 1
16806 1115 1
16807 952 1
16808 969 1
16809 904 1
16810 908 1
16811 655 1
16812 930 1
16813 976 1
16814 1040 1
16815 1013 1
16816 1120 1
16817 1054 1
16818 983 1
16819 1002 1
16820 1167 1
16821 1013 1
16822 1189 1
16823 1223 1
16824 1142 1
16825 1032 1
16826 1083 1
16827 1109 1
16828 980 1
16829 967 1
16830 949 1
16831 887 1
16832 813 1
16833 855 1
16834 876 1
16835 853 1
16836 1020 1
16837 1101 1
16838 1093 1
16839 1015 1
16840 721 1
16841 645 1
16842 647 1
16843 442 1
16844 548 1
16845 397 1
16846 399 1
16847 354 1
16848 494 1
16849 495 1
16850 517 1
16851 625 1
16852 622 1
16853 791 1
16854 241 1
16855 234 1
16856 104 1
16857 100 1
16858 100 1
16859 100 1
16860 100 1
16861 100 1
16862 100 1
16863 100 1
16864 100 1
16865 100 1
16866 108 1
16867 343 1
16868 100 1
16869 100 1
16870 211 1
16871 331 1
16872 233 1
16873 369 1
16874 338 1
16875 372 1
16876 355 1
16877 244 1
16878 219 1
16879 107 1
16880 106 1
16881 121 1
16882 516 1
16883 486 1
16884 395 1
16885 438 1
16886 585 1
16887 618 1
16888 690 1
16889 639 1
16890 619 1
16891 610 1
16892 556 1
16893 380 1
16894 359 1
16895 263 1
16896 694 1
16897 846 1
16898 992 1
16899 960 1
16900 1072 1
16901 1053 1
16902 821 1
16903 915 1
16904 1011 1
16905 979 1
16906 968 1
16907 886 1
16908 870 1
16909 692 1
16910 395 1
16911 360 1
16912 363 1
16913 852 1
16914 992 1
16915 915 1
16916 907 1
16917 766 1
16918 745 1
16919 847 1
16920 878 1
16921 614 1
16922 595 1
16923 571 1
16924 978 1
16925 1259 1
16926 1170 1
16927 1002 1
16928 911 1
16929 854 1
16930 869 1
16931 101 1
16932 364 1
16933 366 1
16934 350 1
16935 373 1
16936 535 1
16937 483 1
16938 672 1
16939 662 1
16940 639 1
16941 604 1
16942 559 1
16943 390 1
16944 380 1
16945 416 1
16946 411 1
16947 559 1
16948 577 1
16949 596 1
16950 689 1
16951 614 1
16952 100 1
16953 100 1
16954 100 1
16955 100 1
16956 100 1
16957 100 1
16958 100 1
16959 100 1
16960 209 1
16961 216 1
16962 253 1
16963 251 1
16964 362 1
16965 416 1
16966 100 1
16967 100 1
16968 100 1
16969 100 1
16970 100 1
16971 100 1
16972 100 1
16973 100 1
16974 100 1
16975 100 1
16976 100 1
16977 100 1
16978 100 1
16979 100 1
16980 100 1
16981 100 1
16982 100 1
16983 100 1
16984 100 1
16985 100 1
16986 100 1
16987 359 1
16988 339 1
16989 359 1
16990 236 1
16991 221 1
16992 100 1
16993 100 1
16994 100 1
16995 100 1
16996 100 1
16997 100 1
16998 111 1
16999 100 1
17000 100 1
17001 680 1
17002 736 1
17003 713 1
17004 603 1
17005 469 1
17006 535 1
17007 431 1
17008 100 1
17009 211 1
17010 327 1
17011 368 1
17012 401 1
17013 113 1
17014 313 1
17015 780 1
17016 853 1
17017 840 1
17018 833 1
17019 771 1
17020 700 1
17021 761 1
17022 214 1
17023 101 1
17024 103 1
17025 100 1
17026 100 1
17027 100 1
17028 100 1
17029 387 1
17030 507 1
17031 456 1
17032 614 1
17033 618 1
17034 635 1
17035 718 1
17036 100 1
17037 100 1
17038 100 1
17039 100 1
17040 100 1
17041 100 1
17042 100 1
17043 100 1
17044 100 1
17045 118 1
17046 239 1
17047 349 1
17048 256 1
17049 380 1
17050 100 1
17051 100 1
17052 100 1
17053 100 1
17054 100 1
17055 100 1
17056 100 1
17057 100 1
17058 100 1
17059 100 1
17060 100 1
17061 100 1
17062 100 1
17063 100 1
17064 100 1
17065 100 1
17066 100 1
17067 100 1
17068 105 1
17069 109 1
17070 215 1
17071 100 1
17072 100 1
17073 100 1
17074 100 1
17075 100 1
17076 100 1
17077 100 1
17078 215 1
17079 329 1
17080 230 1
17081 422 1
17082 381 1
17083 555 1
17084 578 1
17085 100 1
17086 100 1
17087 100 1
17088 110 1
17089 100 1
17090 100 1
17091 100 1
17092 613 1
17093 625 1
17094 780 1
17095 810 1
17096 855 1
17097 856 1
17098 770 1
17099 225 1
17100 516 1
17101 406 1
17102 362 1
17103 331 1
17104 222 1
17105 213 1
17106 723 1
17107 638 1
17108 851 1
17109 997 1
17110 1065 1
17111 1145 1
17112 1076 1
17113 558 1
17114 717 1
17115 799 1
17116 555 1
17117 444 1
17118 100 1
17119 337 1
17120 1066 1
17121 910 1
17122 809 1
17123 747 1
17124 616 1
17125 608 1
17126 454 1
17127 100 1
17128 110 1
17129 118 1
17130 339 1
17131 347 1
17132 266 1
17133 514 1
17134 388 1
17135 360 1
17136 341 1
17137 224 1
17138 210 1
17139 116 1
17140 100 1
17141 100 1
17142 100 1
17143 100 1
17144 100 1
17145 100 1
17146 100 1
17147 100 1
17148 100 1
17149 100 1
17150 100 1
17151 100 1
17152 100 1
17153 100 1
17154 100 1
17155 100 1
17156 100 1
17157 100 1
17158 100 1
17159 100 1
17160 100 1
17161 100 1
17162 100 1
17163 100 1
17164 104 1
17165 100 1
17166 108 1
17167 113 1
17168 233 1
17169 226 1
17170 224 1
17171 104 1
17172 102 1
17173 100 1
17174 100 1
17175 100 1
17176 320 1
17177 365 1
17178 411 1
17179 412 1
17180 556 1
17181 575 1
17182 613 1
17183 593 1
17184 590 1
17185 553 1
17186 416 1
17187 388 1
17188 354 1
17189 352 1
17190 675 1
17191 820 1
17192 716 1
17193 817 1
17194 917 1
17195 938 1
17196 853 1
17197 850 1
17198 892 1
17199 948 1
17200 918 1
17201 820 1
17202 805 1
17203 653 1
17204 1043 1
17205 979 1
17206 903 1
17207 1006 1
17208 982 1
17209 974 1
17210 932 1
17211 976 1
17212 1024 1
17213 1049 1
17214 945 1
17215 892 1
17216 723 1
17217 743 1
17218 832 1
17219 889 1
17220 896 1
17221 828 1
17222 821 1
17223 777 1
17224 607 1
17225 746 1
17226 721 1
17227 754 1
17228 663 1
17229 897 1
17230 848 1
17231 1030 1
17232 589 1
17233 589 1
17234 536 1
17235 463 1
17236 319 1
17237 103 1
17238 100 1
17239 304 1
17240 331 1
17241 378 1
17242 384 1
17243 519 1
17244 565 1
17245 578 1
17246 100 1
17247 100 1
17248 100 1
17249 100 1
17250 100 1
17251 100 1
17252 100 1
17253 100 1
17254 100 1
17255 100 1
17256 100 1
17257 100 1
17258 100 1
17259 100 1
17260 100 1
17261 100 1
17262 235 1
17263 237 1
17264 376 1
17265 373 1
17266 430 1
17267 519 1
17268 491 1
17269 500 1
17270 468 1
17271 105 1
17272 107 1
17273 100 1
17274 520 1
17275 675 1
17276 678 1
17277 641 1
17278 683 1
17279 702 1
17280 710 1
17281 751 1
17282 731 1
17283 843 1
17284 763 1
17285 588 1
17286 591 1
17287 461 1
17288 879 1
17289 976 1
17290 953 1
17291 1025 1
17292 990 1
17293 1083 1
17294 1045 1
17295 1235 1
17296 1314 1
17297 1110 1
17298 1213 1
17299 981 1
17300 868 1
17301 760 1
17302 1077 1
17303 1176 1
17304 1015 1
17305 1185 1
17306 1099 1
17307 1131 1
17308 1197 1
17309 1144 1
17310 1149 1
17311 1060 1
17312 1106 1
17313 1202 1
17314 1247 1
17315 1279 1
17316 1221 1
17317 1192 1
17318 1112 1
17319 1032 1
17320 1008 1
17321 960 1
17322 889 1
17323 862 1
17324 940 1
17325 992 1
17326 1163 1
17327 1024 1
17328 1195 1
17329 1248 1
17330 891 1
17331 868 1
17332 693 1
17333 654 1
17334 653 1
17335 611 1
17336 459 1
17337 580 1
17338 700 1
17339 582 1
17340 658 1
17341 706 1
17342 826 1
17343 839 1
17344 429 1
17345 500 1
17346 385 1
17347 362 1
17348 239 1
17349 100 1
17350 102 1
17351 208 1
17352 100 1
17353 126 1
17354 362 1
17355 350 1
17356 386 1
17357 548 1
17358 100 1
17359 100 1
17360 109 1
17361 103 1
17362 315 1
17363 355 1
17364 338 1
17365 353 1
17366 220 1
17367 107 1
17368 218 1
17369 102 1
17370 100 1
17371 100 1
17372 245 1
17373 394 1
17374 520 1
17375 449 1
17376 598 1
17377 607 1
17378 649 1
17379 630 1
17380 626 1
17381 614 1
17382 626 1
17383 512 1
17384 410 1
17385 508 1
17386 687 1
17387 836 1
17388 843 1
17389 947 1
17390 898 1
17391 906 1
17392 946 1
17393 1078 1
17394 968 1
17395 960 1
17396 927 1
17397 873 1
17398 755 1
17399 667 1
17400 1128 1
17401 1085 1
17402 1041 1
17403 1062 1
17404 971 1
17405 956 1
17406 1045 1
17407 1078 1
17408 949 1
17409 963 1
17410 1052 1
17411 990 1
17412 1111 1
17413 1015 1
17414 100 1
17415 100 1
17416 100 1
17417 100 1
17418 100 1
17419 100 1
17420 100 1
17421 100 1
17422 100 1
17423 100 1
17424 100 1
17425 100 1
17426 100 1
17427 100 1
17428 793 1
17429 639 1
17430 577 1
17431 575 1
17432 421 1
17433 413 1
17434 357 1
17435 100 1
17436 100 1
17437 100 1
17438 100 1
17439 100 1
17440 100 1
17441 100 1
17442 350 1
17443 340 1
17444 241 1
17445 247 1
17446 102 1
17447 100 1
17448 100 1
17449 100 1
17450 100 1
17451 121 1
17452 128 1
17453 233 1
17454 235 1
17455 246 1
17456 107 1
17457 100 1
17458 108 1
17459 445 1
17460 263 1
17461 474 1
17462 500 1
17463 126 1
17464 100 1
17465 100 1
17466 100 1
17467 100 1
17468 100 1
17469 100 1
17470 420 1
17471 452 1
17472 602 1
17473 577 1
17474 757 1
17475 646 1
17476 644 1
17477 557 1
17478 582 1
17479 251 1
17480 238 1
17481 100 1
17482 103 1
17483 203 1
17484 663 1
17485 812 1
17486 771 1
17487 815 1
17488 752 1
17489 839 1
17490 836 1
17491 459 1
17492 583 1
17493 609 1
17494 535 1
17495 633 1
17496 465 1
17497 574 1
17498 846 1
17499 940 1
17500 999 1
17501 1046 1
17502 1096 1
17503 1073 1
17504 1063 1
17505 426 1
17506 542 1
17507 656 1
17508 620 1
17509 687 1
17510 532 1
17511 276 1
17512 1118 1
17513 908 1
17514 858 1
17515 810 1
17516 867 1
17517 771 1
17518 631 1
17519 494 1
17520 633 1
17521 682 1
17522 664 1
17523 703 1
17524 933 1
17525 843 1
17526 507 1
17527 230 1
17528 121 1
17529 104 1
17530 100 1
17531 103 1
17532 100 1
17533 101 1
17534 105 1
17535 233 1
17536 247 1
17537 326 1
17538 238 1
17539 386 1
17540 100 1
17541 100 1
17542 201 1
17543 105 1
17544 100 1
17545 100 1
17546 100 1
17547 100 1
17548 100 1
17549 100 1
17550 100 1
17551 100 1
17552 100 1
17553 100 1
17554 100 1
17555 100 1
17556 100 1
17557 100 1
17558 103 1
17559 103 1
17560 203 1
17561 327 1
17562 218 1
17563 102 1
17564 100 1
17565 100 1
17566 100 1
17567 100 1
17568 238 1
17569 347 1
17570 256 1
17571 388 1
17572 484 1
17573 555 1
17574 562 1
17575 604 1
17576 577 1
17577 540 1
17578 388 1
17579 485 1
17580 347 1
17581 357 1
17582 597 1
17583 654 1
17584 762 1
17585 732 1
17586 712 1
17587 851 1
17588 756 1
17589 876 1
17590 857 1
17591 853 1
17592 834 1
17593 801 1
17594 648 1
17595 714 1
17596 885 1
17597 1077 1
17598 885 1
17599 980 1
17600 920 1
17601 859 1
17602 946 1
17603 949 1
17604 901 1
17605 956 1
17606 961 1
17607 1009 1
17608 1104 1
17609 893 1
17610 1057 1
17611 944 1
17612 935 1
17613 803 1
17614 891 1
17615 746 1
17616 792 1
17617 564 1
17618 633 1
17619 829 1
17620 686 1
17621 719 1
17622 787 1
17623 918 1
17624 558 1
17625 524 1
17626 378 1
17627 362 1
17628 253 1
17629 234 1
17630 208 1
17631 106 1
17632 211 1
17633 223 1
17634 242 1
17635 359 1
17636 359 1
17637 261 1
17638 100 1
17639 100 1
17640 100 1
17641 100 1
17642 100 1
17643 100 1
17644 100 1
17645 100 1
17646 100 1
17647 100 1
17648 100 1
17649 100 1
17650 100 1
17651 100 1
17652 100 1
17653 100 1
17654 100 1
17655 219 1
17656 222 1
17657 244 1
17658 247 1
17659 504 1
17660 368 1
17661 328 1
17662 221 1
17663 109 1
17664 100 1
17665 100 1
17666 116 1
17667 104 1
17668 223 1
17669 351 1
17670 359 1
17671 436 1
17672 345 1
17673 683 1
17674 666 1
17675 706 1
17676 456 1
17677 426 1
17678 451 1
17679 266 1
17680 662 1
17681 841 1
17682 865 1
17683 881 1
17684 904 1
17685 1062 1
17686 907 1
17687 1067 1
17688 1001 1
17689 911 1
17690 881 1
17691 907 1
17692 903 1
17693 739 1
17694 921 1
17695 1087 1
17696 1033 1
17697 1024 1
17698 1053 1
17699 1100 1
17700 1196 1
17701 1099 1
17702 1194 1
17703 1057 1
17704 1102 1
17705 1240 1
17706 1227 1
17707 1194 1
17708 921 1
17709 773 1
17710 867 1
17711 676 1
17712 771 1
17713 747 1
17714 595 1
17715 100 1
17716 126 1
17717 122 1
17718 230 1
17719 266 1
17720 328 1
17721 356 1
17722 100 1
17723 100 1
17724 100 1
17725 100 1
17726 100 1
17727 100 1
17728 100 1
17729 352 1
17730 496 1
17731 513 1
17732 563 1
17733 577 1
17734 627 1
17735 795 1
17736 410 1
17737 359 1
17738 350 1
17739 114 1
17740 127 1
17741 100 1
17742 100 1
17743 106 1
17744 100 1
17745 100 1
17746 106 1
17747 336 1
17748 360 1
17749 350 1
17750 100 1
17751 100 1
17752 100 1
17753 100 1
17754 103 1
17755 247 1
17756 373 1
17757 379 1
17758 470 1
17759 227 1
17760 259 1
17761 214 1
17762 100 1
17763 100 1
17764 222 1
17765 376 1
17766 384 1
17767 268 1
17768 534 1
17769 574 1
17770 589 1
17771 738 1
17772 656 1
17773 604 1
17774 694 1
17775 479 1
17776 548 1
17777 421 1
17778 613 1
17779 634 1
17780 612 1
17781 819 1
17782 853 1
17783 775 1
17784 626 1
17785 1063 1
17786 1135 1
17787 1015 1
17788 952 1
17789 908 1
17790 889 1
17791 674 1
17792 821 1
17793 723 1
17794 859 1
17795 920 1
17796 945 1
17797 949 1
17798 898 1
17799 906 1
17800 933 1
17801 1019 1
17802 976 1
17803 977 1
17804 1004 1
17805 1010 1
17806 838 1
17807 680 1
17808 595 1
17809 632 1
17810 590 1
17811 550 1
17812 558 1
17813 637 1
17814 702 1
17815 641 1
17816 732 1
17817 677 1
17818 722 1
17819 899 1
17820 429 1
17821 514 1
17822 372 1
17823 128 1
17824 236 1
17825 334 1
17826 132 1
17827 100 1
17828 100 1
17829 100 1
17830 100 1
17831 100 1
17832 100 1
17833 100 1
17834 325 1
17835 330 1
17836 114 1
17837 224 1
17838 100 1
17839 100 1
17840 100 1
17841 100 1
17842 100 1
17843 100 1
17844 100 1
17845 100 1
17846 100 1
17847 100 1
17848 100 1
17849 100 1
17850 100 1
17851 100 1
17852 100 1
17853 101 1
17854 111 1
17855 444 1
17856 344 1
17857 238 1
17858 342 1
17859 111 1
17860 100 1
17861 100 1
17862 100 1
17863 100 1
17864 103 1
17865 115 1
17866 218 1
17867 106 1
17868 117 1
17869 801 1
17870 650 1
17871 615 1
17872 589 1
17873 460 1
17874 428 1
17875 509 1
17876 109 1
17877 344 1
17878 118 1
17879 121 1
17880 436 1
17881 219 1
17882 356 1
17883 930 1
17884 995 1
17885 1041 1
17886 962 1
17887 904 1
17888 878 1
17889 725 1
17890 748 1
17891 837 1
17892 751 1
17893 925 1
17894 870 1
17895 785 1
17896 959 1
17897 1097 1
17898 1077 1
17899 1078 1
17900 1060 1
17901 1007 1
17902 1122 1
17903 983 1
17904 752 1
17905 832 1
17906 811 1
17907 886 1
17908 827 1
17909 823 1
17910 792 1
17911 850 1
17912 925 1
17913 934 1
17914 983 1
17915 1069 1
17916 1118 1
17917 1240 1
17918 639 1
17919 584 1
17920 521 1
17921 517 1
17922 497 1
17923 350 1
17924 332 1
17925 379 1
17926 423 1
17927 541 1
17928 600 1
17929 656 1
17930 659 1
17931 672 1
17932 330 1
17933 103 1
17934 101 1
17935 100 1
17936 107 1
17937 100 1
17938 100 1
17939 100 1
17940 100 1
17941 237 1
17942 224 1
17943 242 1
17944 352 1
17945 261 1
17946 100 1
17947 100 1
17948 105 1
17949 226 1
17950 256 1
17951 255 1
17952 495 1
17953 232 1
17954 114 1
17955 123 1
17956 100 1
17957 100 1
17958 100 1
17959 100 1
17960 518 1
17961 410 1
17962 532 1
17963 487 1
17964 669 1
17965 759 1
17966 818 1
17967 581 1
17968 582 1
17969 421 1
17970 523 1
17971 250 1
17972 353 1
17973 128 1
17974 794 1
17975 990 1
17976 909 1
17977 987 1
17978 1011 1
17979 1024 1
17980 1090 1
17981 868 1
17982 850 1
17983 881 1
17984 904 1
17985 791 1
17986 680 1
17987 740 1
17988 1117 1
17989 983 1
17990 1063 1
17991 1024 1
17992 1147 1
17993 1009 1
17994 1148 1
17995 838 1
17996 842 1
17997 892 1
17998 888 1
17999 897 1
18000 862 1
18001 100 1
18002 1021 1
18003 1086 1
18004 1112 1
18005 908 1
18006 926 1
18007 908 1
18008 808 1
18009 410 1
18010 422 1
18011 387 1
18012 500 1
18013 549 1
18014 598 1
18015 638 1
18016 802 1
18017 756 1
18018 735 1
18019 574 1
18020 415 1
18021 427 1
18022 374 1
18023 100 1
18024 100 1
18025 100 1
18026 100 1
18027 110 1
18028 238 1
18029 355 1
18030 354 1
18031 369 1
18032 244 1
18033 103 1
18034 103 1
18035 100 1
18036 100 1
18037 100 1
18038 100 1
18039 100 1
18040 100 1
18041 100 1
18042 100 1
18043 100 1
18044 100 1
18045 100 1
18046 212 1
18047 247 1
18048 380 1
18049 486 1
18050 426 1
18051 397 1
18052 267 1
18053 235 1
18054 251 1
18055 113 1
18056 100 1
18057 100 1
18058 439 1
18059 453 1
18060 651 1
18061 716 1
18062 671 1
18063 827 1
18064 891 1
18065 679 1
18066 605 1
18067 601 1
18068 456 1
18069 526 1
18070 386 1
18071 359 1
18072 738 1
18073 943 1
18074 981 1
18075 1041 1
18076 1032 1
18077 1111 1
18078 1145 1
18079 863 1
18080 1004 1
18081 996 1
18082 924 1
18083 922 1
18084 856 1
18085 677 1
18086 1127 1
18087 1185 1
18088 1142 1
18089 1279 1
18090 1237 1
18091 1236 1
18092 1167 1
18093 1018 1
18094 1205 1
18095 1061 1
18096 1015 1
18097 1152 1
18098 1096 1
18099 964 1
18100 1253 1
18101 1172 1
18102 1248 1
18103 1010 1
18104 1011 1
18105 965 1
18106 934 1
18107 860 1
18108 868 1
18109 947 1
18110 949 1
18111 829 1
18112 1116 1
18113 1255 1
18114 881 1
18115 792 1
18116 712 1
18117 623 1
18118 607 1
18119 572 1
18120 468 1
18121 446 1
18122 421 1
18123 590 1
18124 570 1
18125 622 1
18126 737 1
18127 808 1
18128 445 1
18129 402 1
18130 351 1
18131 237 1
18132 221 1
18133 126 1
18134 225 1
18135 117 1
18136 100 1
18137 114 1
18138 358 1
18139 229 1
18140 382 1
18141 371 1
18142 100 1
18143 100 1
18144 205 1
18145 100 1
18146 110 1
18147 334 1
18148 368 1
18149 346 1
18150 229 1
18151 328 1
18152 120 1
18153 100 1
18154 100 1
18155 100 1
18156 374 1
18157 434 1
18158 520 1
18159 534 1
18160 486 1
18161 629 1
18162 655 1
18163 664 1
18164 612 1
18165 565 1
18166 540 1
18167 421 1
18168 383 1
18169 367 1
18170 810 1
18171 870 1
18172 882 1
18173 908 1
18174 1022 1
18175 979 1
18176 1191 1
18177 952 1
18178 1036 1
18179 954 1
18180 965 1
18181 911 1
18182 851 1
18183 622 1
18184 1176 1
18185 1174 1
18186 1108 1
18187 1112 1
18188 1053 1
18189 1015 1
18190 1145 1
18191 1004 1
18192 949 1
18193 1101 1
18194 1050 1
18195 1046 1
18196 1002 1
18197 1130 1
18198 1084 1
18199 1099 1
18200 992 1
18201 966 1
18202 875 1
18203 802 1
18204 752 1
18205 783 1
18206 799 1
18207 858 1
18208 914 1
18209 943 1
18210 1064 1
18211 1001 1
18212 777 1
18213 697 1
18214 602 1
18215 562 1
18216 570 1
18217 412 1
18218 475 1
18219 272 1
18220 393 1
18221 523 1
18222 613 1
18223 593 1
18224 634 1
18225 606 1
18226 403 1
18227 245 1
18228 247 1
18229 109 1
18230 115 1
18231 107 1
18232 100 1
18233 100 1
18234 107 1
18235 130 1
18236 106 1
18237 221 1
18238 263 1
18239 374 1
18240 100 1
18241 100 1
18242 100 1
18243 100 1
18244 100 1
18245 221 1
18246 359 1
18247 283 1
18248 491 1
18249 333 1
18250 215 1
18251 100 1
18252 100 1
18253 100 1
18254 383 1
18255 473 1
18256 704 1
18257 644 1
18258 634 1
18259 665 1
18260 829 1
18261 769 1
18262 699 1
18263 632 1
18264 589 1
18265 661 1
18266 542 1
18267 423 1
18268 893 1
18269 944 1
18270 968 1
18271 1022 1
18272 1030 1
18273 1055 1
18274 1172 1
18275 1211 1
18276 1196 1
18277 1026 1
18278 997 1
18279 966 1
18280 801 1
18281 862 1
18282 1208 1
18283 1134 1
18284 1159 1
18285 1017 1
18286 1151 1
18287 1106 1
18288 1091 1
18289 1180 1
18290 1167 1
18291 1191 1
18292 1200 1
18293 1240 1
18294 1224 1
18295 1190 1
18296 1248 1
18297 1198 1
18298 1177 1
18299 1055 1
18300 1046 1
18301 993 1
18302 965 1
18303 947 1
18304 939 1
18305 1026 1
18306 251 1
18307 1081 1
18308 1183 1
18309 1265 1
18310 869 1
18311 730 1
18312 627 1
18313 604 1
18314 544 1
18315 448 1
18316 528 1
18317 415 1
18318 549 1
18319 602 1
18320 625 1
18321 717 1
18322 834 1
18323 848 1
18324 407 1
18325 379 1
18326 390 1
18327 363 1
18328 125 1
18329 112 1
18330 110 1
18331 100 1
18332 100 1
18333 335 1
18334 345 1
18335 479 1
18336 377 1
18337 383 1
18338 100 1
18339 100 1
18340 100 1
18341 100 1
18342 127 1
18343 134 1
18344 234 1
18345 100 1
18346 100 1
18347 100 1
18348 100 1
18349 100 1
18350 100 1
18351 100 1
18352 327 1
18353 266 1
18354 359 1
18355 504 1
18356 550 1
18357 557 1
18358 567 1
18359 204 1
18360 111 1
18361 100 1
18362 103 1
18363 100 1
18364 104 1
18365 100 1
18366 572 1
18367 663 1
18368 757 1
18369 783 1
18370 849 1
18371 813 1
18372 759 1
18373 539 1
18374 471 1
18375 495 1
18376 397 1
18377 293 1
18378 226 1
18379 343 1
18380 754 1
18381 873 1
18382 858 1
18383 901 1
18384 860 1
18385 868 1
18386 858 1
18387 564 1
18388 595 1
18389 666 1
18390 670 1
18391 615 1
18392 625 1
18393 607 1
18394 828 1
18395 833 1
18396 701 1
18397 796 1
18398 767 1
18399 659 1
18400 681 1
18401 399 1
18402 533 1
18403 425 1
18404 520 1
18405 529 1
18406 530 1
18407 587 1
18408 609 1
18409 582 1
18410 523 1
18411 400 1
18412 372 1
18413 269 1
18414 238 1
18415 100 1
18416 106 1
18417 124 1
18418 225 1
18419 262 1
18420 132 1
18421 512 1
18422 100 1
18423 100 1
18424 100 1
18425 100 1
18426 100 1
18427 100 1
18428 100 1
18429 100 1
18430 100 1
18431 100 1
18432 100 1
18433 100 1
18434 108 1
18435 124 1
18436 100 1
18437 100 1
18438 100 1
18439 100 1
18440 100 1
18441 100 1
18442 100 1
18443 100 1
18444 100 1
18445 100 1
18446 100 1
18447 100 1
18448 100 1
18449 100 1
18450 556 1
18451 493 1
18452 745 1
18453 789 1
18454 684 1
18455 957 1
18456 1046 1
18457 775 1
18458 600 1
18459 616 1
18460 578 1
18461 474 1
18462 442 1
18463 390 1
18464 1085 1
18465 1035 1
18466 1082 1
18467 1052 1
18468 1071 1
18469 1198 1
18470 1118 1
18471 1068 1
18472 975 1
18473 977 1
18474 901 1
18475 843 1
18476 845 1
18477 704 1
18478 1327 1
18479 1260 1
18480 1254 1
18481 1168 1
18482 1273 1
18483 1234 1
18484 1212 1
18485 1082 1
18486 1218 1
18487 1053 1
18488 1097 1
18489 1170 1
18490 1117 1
18491 1124 1
18492 1040 1
18493 1223 1
18494 1226 1
18495 1201 1
18496 1010 1
18497 1014 1
18498 962 1
18499 889 1
18500 920 1
18501 915 1
18502 958 1
18503 1086 1
18504 1149 1
18505 1203 1
18506 942 1
18507 704 1
18508 706 1
18509 657 1
18510 675 1
18511 584 1
18512 522 1
18513 438 1
18514 428 1
18515 615 1
18516 602 1
18517 635 1
18518 668 1
18519 824 1
18520 404 1
18521 380 1
18522 368 1
18523 232 1
18524 103 1
18525 100 1
18526 100 1
18527 101 1
18528 104 1
18529 225 1
18530 326 1
18531 274 1
18532 511 1
18533 450 1
18534 100 1
18535 100 1
18536 100 1
18537 111 1
18538 233 1
18539 225 1
18540 338 1
18541 405 1
18542 514 1
18543 264 1
18544 329 1
18545 215 1
18546 100 1
18547 100 1
18548 278 1
18549 399 1
18550 516 1
18551 563 1
18552 466 1
18553 627 1
18554 688 1
18555 648 1
18556 767 1
18557 569 1
18558 418 1
18559 460 1
18560 427 1
18561 402 1
18562 772 1
18563 876 1
18564 908 1
18565 911 1
18566 960 1
18567 976 1
18568 1082 1
18569 1166 1
18570 1018 1
18571 926 1
18572 946 1
18573 873 1
18574 839 1
18575 701 1
18576 1164 1
18577 1197 1
18578 1076 1
18579 1041 1
18580 988 1
18581 1075 1
18582 1124 1
18583 100 1
18584 100 1
18585 100 1
18586 100 1
18587 100 1
18588 100 1
18589 100 1
18590 910 1
18591 1033 1
18592 913 1
18593 820 1
18594 856 1
18595 856 1
18596 818 1
18597 787 1
18598 780 1
18599 781 1
18600 882 1
18601 921 1
18602 933 1
18603 1056 1
18604 798 1
18605 652 1
18606 590 1
18607 582 1
18608 561 1
18609 434 1
18610 356 1
18611 365 1
18612 521 1
18613 510 1
18614 567 1
18615 556 1
18616 563 1
18617 669 1
18618 372 1
18619 354 1
18620 212 1
18621 114 1
18622 214 1
18623 100 1
18624 100 1
18625 100 1
18626 100 1
18627 122 1
18628 216 1
18629 220 1
18630 236 1
18631 383 1
18632 100 1
18633 100 1
18634 129 1
18635 133 1
18636 225 1
18637 369 1
18638 377 1
18639 374 1
18640 364 1
18641 262 1
18642 231 1
18643 235 1
18644 100 1
18645 100 1
18646 506 1
18647 400 1
18648 450 1
18649 579 1
18650 578 1
18651 614 1
18652 737 1
18653 648 1
18654 648 1
18655 579 1
18656 575 1
18657 562 1
18658 437 1
18659 412 1
18660 706 1
18661 856 1
18662 959 1
18663 903 1
18664 1044 1
18665 1149 1
18666 1167 1
18667 1207 1
18668 1146 1
18669 1042 1
18670 994 1
18671 927 1
18672 822 1
18673 776 1
18674 1166 1
18675 1270 1
18676 1270 1
18677 1203 1
18678 1239 1
18679 1249 1
18680 1390 1
18681 1244 1
18682 1109 1
18683 1167 1
18684 1162 1
18685 1226 1
18686 1157 1
18687 1161 1
18688 1314 1
18689 1162 1
18690 1177 1
18691 1081 1
18692 972 1
18693 1004 1
18694 946 1
18695 870 1
18696 868 1
18697 925 1
18698 931 1
18699 1067 1
18700 1118 1
18701 1048 1
18702 275 1
18703 244 1
18704 235 1
18705 214 1
18706 100 1
18707 113 1
18708 101 1
18709 370 1
18710 393 1
18711 445 1
18712 605 1
18713 591 1
18714 649 1
18715 735 1
18716 352 1
18717 339 1
18718 257 1
18719 110 1
18720 115 1
18721 100 1
18722 100 1
18723 100 1
18724 100 1
18725 100 1
18726 228 1
18727 126 1
18728 351 1
18729 401 1
18730 100 1
18731 100 1
18732 100 1
18733 100 1
18734 104 1
18735 346 1
18736 101 1
18737 410 1
18738 435 1
18739 282 1
18740 254 1
18741 120 1
18742 100 1
18743 108 1
18744 222 1
18745 330 1
18746 383 1
18747 414 1
18748 530 1
18749 607 1
18750 593 1
18751 755 1
18752 724 1
18753 678 1
18754 605 1
18755 582 1
18756 453 1
18757 535 1
18758 623 1
18759 823 1
18760 780 1
18761 862 1
18762 948 1
18763 928 1
18764 969 1
18765 1214 1
18766 1287 1
18767 1120 1
18768 1070 1
18769 1017 1
18770 929 1
18771 902 1
18772 1110 1
18773 979 1
18774 1113 1
18775 1055 1
18776 1033 1
18777 1026 1
18778 883 1
18779 1180 1
18780 1221 1
18781 1147 1
18782 1247 1
18783 1158 1
18784 1276 1
18785 1273 1
18786 100 1
18787 100 1
18788 100 1
18789 100 1
18790 100 1
18791 100 1
18792 100 1
18793 900 1
18794 924 1
18795 950 1
18796 982 1
18797 1074 1
18798 1070 1
18799 1030 1
18800 787 1
18801 635 1
18802 587 1
18803 456 1
18804 434 1
18805 402 1
18806 342 1
18807 404 1
18808 412 1
18809 540 1
18810 590 1
18811 632 1
18812 743 1
18813 855 1
18814 245 1
18815 133 1
18816 218 1
18817 102 1
18818 106 1
18819 101 1
18820 100 1
18821 100 1
18822 100 1
18823 100 1
18824 100 1
18825 112 1
18826 120 1
18827 106 1
18828 100 1
18829 100 1
18830 103 1
18831 219 1
18832 237 1
18833 225 1
18834 412 1
18835 100 1
18836 104 1
18837 100 1
18838 100 1
18839 100 1
18840 100 1
18841 100 1
18842 371 1
18843 396 1
18844 559 1
18845 580 1
18846 652 1
18847 236 1
18848 802 1
18849 547 1
18850 503 1
18851 383 1
18852 259 1
18853 359 1
18854 107 1
18855 214 1
18856 852 1
18857 895 1
18858 938 1
18859 961 1
18860 1070 1
18861 1114 1
18862 1180 1
18863 861 1
18864 957 1
18865 697 1
18866 838 1
18867 723 1
18868 544 1
18869 507 1
18870 1181 1
18871 1244 1
18872 1137 1
18873 1163 1
18874 1240 1
18875 1290 1
18876 1388 1
18877 963 1
18878 1078 1
18879 1098 1
18880 1098 1
18881 889 1
18882 724 1
18883 886 1
18884 1215 1
18885 1118 1
18886 1062 1
18887 1004 1
18888 946 1
18889 879 1
18890 883 1
18891 586 1
18892 760 1
18893 742 1
18894 765 1
18895 940 1
18896 955 1
18897 943 1
18898 811 1
18899 670 1
18900 653 1
18901 664 1
18902 607 1
18903 554 1
18904 515 1
18905 100 1
18906 216 1
18907 316 1
18908 326 1
18909 219 1
18910 430 1
18911 535 1
18912 379 1
18913 405 1
18914 382 1
18915 354 1
18916 105 1
18917 100 1
18918 100 1
18919 100 1
18920 100 1
18921 100 1
18922 100 1
18923 100 1
18924 100 1
18925 100 1
18926 100 1
18927 100 1
18928 112 1
18929 107 1
18930 340 1
18931 107 1
18932 362 1
18933 521 1
18934 382 1
18935 259 1
18936 347 1
18937 100 1
18938 100 1
18939 100 1
18940 409 1
18941 530 1
18942 515 1
18943 526 1
18944 606 1
18945 630 1
18946 630 1
18947 685 1
18948 687 1
18949 614 1
18950 608 1
18951 581 1
18952 420 1
18953 377 1
18954 819 1
18955 892 1
18956 954 1
18957 980 1
18958 1059 1
18959 1212 1
18960 1151 1
18961 1298 1
18962 1060 1
18963 1085 1
18964 983 1
18965 952 1
18966 920 1
18967 822 1
18968 1306 1
18969 1280 1
18970 1113 1
18971 1114 1
18972 1177 1
18973 1054 1
18974 1026 1
18975 1022 1
18976 1104 1
18977 974 1
18978 1017 1
18979 1085 1
18980 1227 1
18981 1269 1
18982 990 1
18983 934 1
18984 920 1
18985 899 1
18986 808 1
18987 806 1
18988 805 1
18989 842 1
18990 948 1
18991 930 1
18992 951 1
18993 1063 1
18994 1071 1
18995 1139 1
18996 699 1
18997 557 1
18998 511 1
18999 344 1
19000 229 1
19001 212 1
19002 100 1
19003 228 1
19004 360 1
19005 363 1
19006 513 1
19007 537 1
19008 575 1
19009 775 1
19010 100 1
19011 100 1
19012 100 1
19013 100 1
19014 100 1
19015 100 1
19016 100 1
19017 100 1
19018 100 1
19019 100 1
19020 103 1
19021 100 1
19022 107 1
19023 114 1
19024 100 1
19025 100 1
19026 100 1
19027 222 1
19028 342 1
19029 368 1
19030 431 1
19031 409 1
19032 382 1
19033 258 1
19034 249 1
19035 105 1
19036 100 1
19037 100 1
19038 421 1
19039 419 1
19040 437 1
19041 577 1
19042 609 1
19043 722 1
19044 711 1
19045 758 1
19046 739 1
19047 690 1
19048 669 1
19049 519 1
19050 569 1
19051 522 1
19052 803 1
19053 862 1
19054 955 1
19055 986 1
19056 924 1
19057 1107 1
19058 1183 1
19059 1246 1
19060 1169 1
19061 1216 1
19062 1028 1
19063 993 1
19064 920 1
19065 858 1
19066 1258 1
19067 1217 1
19068 100 1
19069 1273 1
19070 1149 1
19071 1238 1
19072 1388 1
19073 1193 1
19074 1545 1
19075 1258 1
19076 1320 1
19077 1278 1
19078 1273 1
19079 1308 1
19080 1259 1
19081 1345 1
19082 1170 1
19083 1089 1
19084 1018 1
19085 1002 1
19086 929 1
19087 945 1
19088 972 1
19089 1016 1
19090 1066 1
19091 1204 1
19092 1247 1
19093 1297 1
19094 874 1
19095 829 1
19096 677 1
19097 654 1
19098 533 1
19099 431 1
19100 378 1
19101 410 1
19102 637 1
19103 579 1
19104 649 1
19105 648 1
19106 879 1
19107 908 1
19108 373 1
19109 353 1
19110 105 1
19111 100 1
19112 100 1
19113 100 1
19114 100 1
19115 100 1
19116 100 1
19117 100 1
19118 214 1
19119 101 1
19120 339 1
19121 353 1
19122 100 1
19123 100 1
19124 100 1
19125 107 1
19126 221 1
19127 233 1
19128 357 1
19129 251 1
19130 223 1
19131 100 1
19132 102 1
19133 100 1
19134 100 1
19135 100 1
19136 360 1
19137 398 1
19138 532 1
19139 591 1
19140 714 1
19141 660 1
19142 684 1
19143 837 1
19144 700 1
19145 779 1
19146 485 1
19147 585 1
19148 406 1
19149 376 1
19150 834 1
19151 821 1
19152 913 1
19153 1007 1
19154 1034 1
19155 1066 1
19156 1207 1
19157 1281 1
19158 1145 1
19159 1042 1
19160 1050 1
19161 1056 1
19162 919 1
19163 954 1
19164 1191 1
19165 1142 1
19166 1167 1
19167 1153 1
19168 1038 1
19169 1145 1
19170 1144 1
19171 1211 1
19172 1169 1
19173 1100 1
19174 1168 1
19175 1412 1
19176 1309 1
19177 1261 1
19178 968 1
19179 1143 1
19180 966 1
19181 869 1
19182 840 1
19183 819 1
19184 804 1
19185 795 1
19186 885 1
19187 914 1
19188 918 1
19189 873 1
19190 927 1
19191 1088 1
19192 648 1
19193 590 1
19194 580 1
19195 399 1
19196 248 1
19197 110 1
19198 100 1
19199 337 1
19200 503 1
19201 528 1
19202 561 1
19203 621 1
19204 644 1
19205 667 1
19206 100 1
19207 100 1
19208 100 1
19209 100 1
19210 100 1
19211 100 1
19212 100 1
19213 100 1
19214 100 1
19215 100 1
19216 104 1
19217 100 1
19218 225 1
19219 226 1
19220 100 1
19221 100 1
19222 100 1
19223 118 1
19224 120 1
19225 111 1
19226 356 1
19227 404 1
19228 352 1
19229 232 1
19230 100 1
19231 100 1
19232 100 1
19233 100 1
19234 103 1
19235 363 1
19236 518 1
19237 548 1
19238 671 1
19239 643 1
19240 663 1
19241 1038 1
19242 719 1
19243 895 1
19244 681 1
19245 765 1
19246 488 1
19247 409 1
19248 905 1
19249 886 1
19250 958 1
19251 915 1
19252 940 1
19253 1130 1
19254 1131 1
19255 1251 1
19256 1209 1
19257 1097 1
19258 1126 1
19259 1157 1
19260 983 1
19261 1110 1
19262 1168 1
19263 1154 1
19264 1274 1
19265 1308 1
19266 1150 1
19267 1152 1
19268 1315 1
19269 1366 1
19270 1332 1
19271 1405 1
19272 1334 1
19273 1244 1
19274 1361 1
19275 1307 1
19276 1327 1
19277 1223 1
19278 1160 1
19279 1062 1
19280 990 1
19281 821 1
19282 730 1
19283 968 1
19284 978 1
19285 1079 1
19286 1166 1
19287 1260 1
19288 1282 1
19289 1266 1
19290 746 1
19291 672 1
19292 669 1
19293 604 1
19294 584 1
19295 460 1
19296 400 1
19297 452 1
19298 559 1
19299 766 1
19300 409 1
19301 747 1
19302 742 1
19303 945 1
19304 358 1
19305 340 1
19306 237 1
19307 214 1
19308 100 1
19309 100 1
19310 100 1
19311 100 1
19312 100 1
19313 100 1
19314 224 1
19315 292 1
19316 409 1
19317 429 1
19318 100 1
19319 100 1
19320 100 1
19321 100 1
19322 100 1
19323 100 1
19324 100 1
19325 100 1
19326 100 1
19327 100 1
19328 100 1
19329 100 1
19330 100 1
19331 100 1
19332 100 1
19333 100 1
19334 100 1
19335 100 1
19336 100 1
19337 102 1
19338 121 1
19339 324 1
19340 112 1
19341 100 1
19342 100 1
19343 100 1
19344 100 1
19345 100 1
19346 221 1
19347 242 1
19348 240 1
19349 327 1
19350 494 1
19351 277 1
19352 486 1
19353 511 1
19354 519 1
19355 378 1
19356 249 1
19357 231 1
19358 238 1
19359 133 1
19360 492 1
19361 398 1
19362 395 1
19363 395 1
19364 548 1
19365 554 1
19366 517 1
19367 376 1
19368 274 1
19369 398 1
19370 311 1
19371 385 1
19372 436 1
19373 416 1
19374 377 1
19375 410 1
19376 522 1
19377 499 1
19378 418 1
19379 262 1
19380 355 1
19381 289 1
19382 284 1
19383 389 1
19384 351 1
19385 227 1
19386 348 1
19387 257 1
19388 350 1
19389 232 1
19390 111 1
19391 100 1
19392 100 1
19393 100 1
19394 100 1
19395 109 1
19396 100 1
19397 102 1
19398 130 1
19399 251 1
19400 117 1
19401 267 1
19402 100 1
19403 100 1
19404 100 1
19405 100 1
19406 100 1
19407 100 1
19408 100 1
19409 100 1
19410 100 1
19411 100 1
19412 100 1
19413 100 1
19414 100 1
19415 100 1
19416 100 1
19417 100 1
19418 100 1
19419 340 1
19420 396 1
19421 432 1
19422 538 1
19423 100 1
19424 100 1
19425 100 1
19426 100 1
19427 100 1
19428 100 1
19429 100 1
19430 569 1
19431 627 1
19432 751 1
19433 794 1
19434 831 1
19435 892 1
19436 951 1
19437 107 1
19438 106 1
19439 102 1
19440 103 1
19441 101 1
19442 100 1
19443 100 1
19444 979 1
19445 1043 1
19446 1093 1
19447 1093 1
19448 1180 1
19449 1331 1
19450 1375 1
19451 582 1
19452 535 1
19453 527 1
19454 379 1
19455 397 1
19456 247 1
19457 375 1
19458 1333 1
19459 1405 1
19460 1435 1
19461 1407 1
19462 1401 1
19463 1437 1
19464 1281 1
19465 577 1
19466 586 1
19467 553 1
19468 653 1
19469 490 1
19470 554 1
19471 519 1
19472 1425 1
19473 1349 1
19474 1302 1
19475 1178 1
19476 1222 1
19477 1078 1
19478 1015 1
19479 499 1
19480 527 1
19481 423 1
19482 527 1
19483 571 1
19484 564 1
19485 575 1
19486 1003 1
19487 890 1
19488 929 1
19489 839 1
19490 699 1
19491 692 1
19492 713 1
19493 100 1
19494 100 1
19495 102 1
19496 232 1
19497 239 1
19498 357 1
19499 146 1
19500 591 1
19501 439 1
19502 424 1
19503 411 1
19504 108 1
19505 100 1
19506 100 1
19507 100 1
19508 100 1
19509 100 1
19510 100 1
19511 100 1
19512 100 1
19513 100 1
19514 100 1
19515 108 1
19516 122 1
19517 363 1
19518 399 1
19519 382 1
19520 467 1
19521 397 1
19522 511 1
19523 392 1
19524 240 1
19525 120 1
19526 100 1
19527 100 1
19528 603 1
19529 615 1
19530 763 1
19531 805 1
19532 816 1
19533 1028 1
19534 1078 1
19535 907 1
19536 866 1
19537 739 1
19538 645 1
19539 722 1
19540 596 1
19541 566 1
19542 1022 1
19543 1162 1
19544 1100 1
19545 1124 1
19546 1244 1
19547 1204 1
19548 1364 1
19549 1316 1
19550 1283 1
19551 1165 1
19552 1068 1
19553 1012 1
19554 976 1
19555 946 1
19556 1394 1
19557 1380 1
19558 1373 1
19559 1240 1
19560 1387 1
19561 1377 1
19562 1400 1
19563 1289 1
19564 1345 1
19565 1334 1
19566 1422 1
19567 1313 1
19568 1395 1
19569 1292 1
19570 1310 1
19571 1341 1
19572 1335 1
19573 1129 1
19574 1061 1
19575 955 1
19576 948 1
19577 911 1
19578 1041 1
19579 1122 1
19580 1086 1
19581 1175 1
19582 1250 1
19583 1213 1
19584 1003 1
19585 1037 1
19586 924 1
19587 744 1
19588 668 1
19589 681 1
19590 761 1
19591 697 1
19592 613 1
19593 639 1
19594 656 1
19595 692 1
19596 694 1
19597 522 1
19598 610 1
19599 509 1
19600 491 1
19601 392 1
19602 241 1
19603 105 1
19604 114 1
19605 100 1
19606 100 1
19607 126 1
19608 365 1
19609 369 1
19610 380 1
19611 397 1
19612 215 1
19613 130 1
19614 100 1
19615 430 1
19616 384 1
19617 512 1
19618 647 1
19619 392 1
19620 482 1
19621 237 1
19622 329 1
19623 102 1
19624 100 1
19625 100 1
19626 369 1
19627 415 1
19628 408 1
19629 413 1
19630 598 1
19631 669 1
19632 654 1
19633 897 1
19634 859 1
19635 669 1
19636 730 1
19637 575 1
19638 579 1
19639 413 1
19640 1143 1
19641 1106 1
19642 1148 1
19643 1150 1
19644 1185 1
19645 1345 1
19646 1254 1
19647 1225 1
19648 1292 1
19649 1154 1
19650 1061 1
19651 1058 1
19652 993 1
19653 997 1
19654 1308 1
19655 1345 1
19656 1326 1
19657 1341 1
19658 1397 1
19659 1235 1
19660 1344 1
19661 1451 1
19662 1464 1
19663 1622 1
19664 1407 1
19665 1469 1
19666 1313 1
19667 1326 1
19668 1469 1
19669 1324 1
19670 1407 1
19671 1334 1
19672 974 1
19673 1016 1
19674 980 1
19675 885 1
19676 945 1
19677 1039 1
19678 1240 1
19679 1282 1
19680 1346 1
19681 1366 1
19682 973 1
19683 905 1
19684 747 1
19685 853 1
19686 648 1
19687 658 1
19688 613 1
19689 100 1
19690 100 1
19691 100 1
19692 100 1
19693 100 1
19694 100 1
19695 100 1
19696 583 1
19697 561 1
19698 454 1
19699 380 1
19700 242 1
19701 119 1
19702 113 1
19703 113 1
19704 100 1
19705 241 1
19706 366 1
19707 426 1
19708 437 1
19709 551 1
19710 100 1
19711 113 1
19712 219 1
19713 352 1
19714 323 1
19715 472 1
19716 517 1
19717 478 1
19718 260 1
19719 340 1
19720 220 1
19721 218 1
19722 100 1
19723 102 1
19724 432 1
19725 514 1
19726 694 1
19727 730 1
19728 853 1
19729 776 1
19730 887 1
19731 868 1
19732 858 1
19733 748 1
19734 583 1
19735 725 1
19736 422 1
19737 411 1
19738 974 1
19739 902 1
19740 984 1
19741 994 1
19742 1044 1
19743 1121 1
19744 1204 1
19745 1314 1
19746 1103 1
19747 1111 1
19748 957 1
19749 1000 1
19750 957 1
19751 981 1
19752 1339 1
19753 1413 1
19754 1361 1
19755 1264 1
19756 1175 1
19757 1308 1
19758 1244 1
19759 1189 1
19760 1345 1
19761 1365 1
19762 1243 1
19763 1359 1
19764 1302 1
19765 1358 1
19766 1208 1
19767 1168 1
19768 1115 1
19769 972 1
19770 983 1
19771 930 1
19772 907 1
19773 796 1
19774 932 1
19775 919 1
19776 1012 1
19777 1045 1
19778 1153 1
19779 1187 1
19780 749 1
19781 773 1
19782 672 1
19783 646 1
19784 608 1
19785 566 1
19786 427 1
19787 100 1
19788 100 1
19789 100 1
19790 100 1
19791 100 1
19792 100 1
19793 100 1
19794 361 1
19795 466 1
19796 383 1
19797 237 1
19798 223 1
19799 100 1
19800 102 1
19801 100 1
19802 100 1
19803 214 1
19804 214 1
19805 230 1
19806 363 1
19807 380 1
19808 100 1
19809 100 1
19810 100 1
19811 100 1
19812 100 1
19813 100 1
19814 100 1
19815 526 1
19816 536 1
19817 379 1
19818 369 1
19819 223 1
19820 100 1
19821 100 1
19822 108 1
19823 106 1
19824 220 1
19825 475 1
19826 592 1
19827 350 1
19828 510 1
19829 1053 1
19830 951 1
19831 849 1
19832 802 1
19833 728 1
19834 607 1
19835 593 1
19836 533 1
19837 699 1
19838 999 1
19839 1067 1
19840 884 1
19841 870 1
19842 1043 1
19843 1220 1
19844 1347 1
19845 1160 1
19846 1085 1
19847 1074 1
19848 1016 1
19849 871 1
19850 1170 1
19851 1040 1
19852 1001 1
19853 1056 1
19854 1161 1
19855 1157 1
19856 1118 1
19857 1420 1
19858 1348 1
19859 1392 1
19860 1419 1
19861 1437 1
19862 1330 1
19863 1363 1
19864 1013 1
19865 994 1
19866 902 1
19867 899 1
19868 844 1
19869 707 1
19870 636 1
19871 884 1
19872 922 1
19873 949 1
19874 1043 1
19875 1262 1
19876 1346 1
19877 1328 1
19878 575 1
19879 511 1
19880 275 1
19881 389 1
19882 392 1
19883 355 1
19884 370 1
19885 556 1
19886 581 1
19887 641 1
19888 794 1
19889 673 1
19890 782 1
19891 821 1
19892 100 1
19893 251 1
19894 100 1
19895 100 1
19896 100 1
19897 100 1
19898 100 1
19899 102 1
19900 100 1
19901 270 1
19902 379 1
19903 370 1
19904 628 1
19905 466 1
19906 100 1
19907 100 1
19908 100 1
19909 113 1
19910 221 1
19911 122 1
19912 336 1
19913 372 1
19914 368 1
19915 356 1
19916 117 1
19917 100 1
19918 100 1
19919 100 1
19920 365 1
19921 360 1
19922 403 1
19923 553 1
19924 561 1
19925 608 1
19926 800 1
19927 713 1
19928 664 1
19929 666 1
19930 634 1
19931 569 1
19932 418 1
19933 395 1
19934 872 1
19935 905 1
19936 948 1
19937 986 1
19938 1025 1
19939 982 1
19940 1055 1
19941 1155 1
19942 1163 1
19943 980 1
19944 976 1
19945 973 1
19946 847 1
19947 862 1
19948 1066 1
19949 1154 1
19950 1091 1
19951 1012 1
19952 1008 1
19953 1053 1
19954 1099 1
19955 1303 1
19956 1165 1
19957 1196 1
19958 1224 1
19959 1340 1
19960 1174 1
19961 1155 1
19962 998 1
19963 891 1
19964 758 1
19965 394 1
19966 100 1
19967 100 1
19968 100 1
19969 791 1
19970 854 1
19971 879 1
19972 961 1
19973 1084 1
19974 1075 1
19975 1269 1
19976 280 1
19977 484 1
19978 616 1
19979 637 1
19980 469 1
19981 561 1
19982 452 1
19983 411 1
19984 432 1
19985 555 1
19986 602 1
19987 654 1
19988 696 1
19989 767 1
19990 383 1
19991 390 1
19992 365 1
19993 240 1
19994 128 1
19995 100 1
19996 100 1
19997 101 1
19998 100 1
19999 241 1
20000 336 1
20001 348 1
20002 388 1
20003 373 1
20004 106 1
20005 109 1
20006 114 1
20007 246 1
20008 340 1
20009 384 1
20010 539 1
20011 348 1
20012 355 1
20013 242 1
20014 117 1
20015 103 1
20016 100 1
20017 100 1
20018 637 1
20019 579 1
20020 748 1
20021 678 1
20022 741 1
20023 737 1
20024 928 1
20025 720 1
20026 670 1
20027 631 1
20028 461 1
20029 395 1
20030 407 1
20031 392 1
20032 994 1
20033 1120 1
20034 1095 1
20035 1070 1
20036 1135 1
20037 1271 1
20038 1233 1
20039 1157 1
20040 1039 1
20041 1029 1
20042 1022 1
20043 1001 1
20044 905 1
20045 889 1
20046 1131 1
20047 1214 1
20048 1327 1
20049 1308 1
20050 1247 1
20051 1201 1
20052 1350 1
20053 1228 1
20054 1068 1
20055 1138 1
20056 1076 1
20057 1298 1
20058 1325 1
20059 1187 1
20060 1335 1
20061 1310 1
20062 1299 1
20063 1171 1
20064 1182 1
20065 1021 1
20066 953 1
20067 115 1
20068 103 1
20069 247 1
20070 622 1
20071 862 1
20072 1080 1
20073 1128 1
20074 894 1
20075 862 1
20076 705 1
20077 591 1
20078 630 1
20079 546 1
20080 527 1
20081 495 1
20082 532 1
20083 575 1
20084 599 1
20085 652 1
20086 610 1
20087 392 1
20088 432 1
20089 386 1
20090 380 1
20091 396 1
20092 327 1
20093 313 1
20094 217 1
20095 214 1
20096 120 1
20097 141 1
20098 259 1
20099 394 1
20100 413 1
20101 396 1
20102 100 1
20103 100 1
20104 118 1
20105 234 1
20106 124 1
20107 111 1
20108 227 1
20109 263 1
20110 336 1
20111 220 1
20112 226 1
20113 101 1
20114 100 1
20115 100 1
20116 234 1
20117 245 1
20118 387 1
20119 514 1
20120 567 1
20121 658 1
20122 722 1
20123 776 1
20124 617 1
20125 585 1
20126 572 1
20127 461 1
20128 414 1
20129 379 1
20130 741 1
20131 844 1
20132 905 1
20133 962 1
20134 1030 1
20135 1062 1
20136 1098 1
20137 1055 1
20138 1080 1
20139 997 1
20140 981 1
20141 863 1
20142 832 1
20143 753 1
20144 1001 1
20145 1152 1
20146 1118 1
20147 1157 1
20148 1041 1
20149 1115 1
20150 1192 1
20151 1162 1
20152 1263 1
20153 1110 1
20154 1174 1
20155 1132 1
20156 1220 1
20157 1136 1
20158 1154 1
20159 1108 1
20160 1025 1
20161 1007 1
20162 946 1
20163 954 1
20164 892 1
20165 884 1
20166 902 1
20167 888 1
20168 965 1
20169 984 1
20170 1115 1
20171 1127 1
20172 798 1
20173 857 1
20174 618 1
20175 556 1
20176 588 1
20177 569 1
20178 399 1
20179 404 1
20180 372 1
20181 581 1
20182 624 1
20183 656 1
20184 647 1
20185 815 1
20186 374 1
20187 266 1
20188 229 1
20189 223 1
20190 100 1
20191 100 1
20192 100 1
20193 100 1
20194 100 1
20195 107 1
20196 229 1
20197 319 1
20198 313 1
20199 374 1
20200 100 1
20201 100 1
20202 100 1
20203 100 1
20204 100 1
20205 100 1
20206 100 1
20207 518 1
20208 390 1
20209 383 1
20210 355 1
20211 230 1
20212 100 1
20213 100 1
20214 578 1
20215 594 1
20216 647 1
20217 762 1
20218 829 1
20219 968 1
20220 892 1
20221 974 1
20222 744 1
20223 754 1
20224 734 1
20225 751 1
20226 594 1
20227 540 1
20228 910 1
20229 980 1
20230 1095 1
20231 1168 1
20232 1171 1
20233 1123 1
20234 1340 1
20235 1234 1
20236 1083 1
20237 1200 1
20238 1062 1
20239 1038 1
20240 976 1
20241 1024 1
20242 1393 1
20243 1352 1
20244 1419 1
20245 1536 1
20246 1484 1
20247 1476 1
20248 1519 1
20249 1348 1
20250 1314 1
20251 1424 1
20252 1285 1
20253 1168 1
20254 1321 1
20255 1234 1
20256 1363 1
20257 1434 1
20258 1271 1
20259 1272 1
20260 1189 1
20261 1074 1
20262 993 1
20263 1021 1
20264 1055 1
20265 1144 1
20266 1178 1
20267 1243 1
20268 1240 1
20269 1297 1
20270 967 1
20271 756 1
20272 849 1
20273 667 1
20274 681 1
20275 593 1
20276 615 1
20277 553 1
20278 588 1
20279 613 1
20280 671 1
20281 732 1
20282 768 1
20283 910 1
20284 553 1
20285 408 1
20286 407 1
20287 389 1
20288 335 1
20289 103 1
20290 100 1
20291 229 1
20292 106 1
20293 324 1
20294 369 1
20295 420 1
20296 416 1
20297 445 1
20298 100 1
20299 100 1
20300 100 1
20301 100 1
20302 100 1
20303 100 1
20304 100 1
20305 267 1
20306 130 1
20307 110 1
20308 122 1
20309 100 1
20310 100 1
20311 100 1
20312 100 1
20313 100 1
20314 100 1
20315 225 1
20316 107 1
20317 359 1
20318 501 1
20319 698 1
20320 741 1
20321 455 1
20322 454 1
20323 433 1
20324 369 1
20325 231 1
20326 384 1
20327 395 1
20328 569 1
20329 573 1
20330 705 1
20331 742 1
20332 653 1
20333 925 1
20334 893 1
20335 903 1
20336 910 1
20337 894 1
20338 713 1
20339 717 1
20340 100 1
20341 100 1
20342 100 1
20343 100 1
20344 100 1
20345 100 1
20346 100 1
20347 100 1
20348 100 1
20349 100 1
20350 100 1
20351 100 1
20352 100 1
20353 100 1
20354 810 1
20355 723 1
20356 703 1
20357 800 1
20358 820 1
20359 821 1
20360 690 1
20361 355 1
20362 497 1
20363 570 1
20364 617 1
20365 670 1
20366 792 1
20367 935 1
20368 689 1
20369 601 1
20370 591 1
20371 556 1
20372 546 1
20373 440 1
20374 268 1
20375 100 1
20376 100 1
20377 100 1
20378 100 1
20379 104 1
20380 220 1
20381 451 1
20382 364 1
20383 219 1
20384 232 1
20385 104 1
20386 100 1
20387 100 1
20388 100 1
20389 100 1
20390 100 1
20391 100 1
20392 100 1
20393 100 1
20394 100 1
20395 100 1
20396 100 1
20397 101 1
20398 108 1
20399 369 1
20400 361 1
20401 360 1
20402 422 1
20403 406 1
20404 378 1
20405 341 1
20406 327 1
20407 100 1
20408 100 1
20409 100 1
20410 100 1
20411 492 1
20412 649 1
20413 612 1
20414 827 1
20415 883 1
20416 100 1
20417 787 1
20418 854 1
20419 723 1
20420 654 1
20421 484 1
20422 427 1
20423 519 1
20424 1063 1
20425 1109 1
20426 1084 1
20427 1065 1
20428 1239 1
20429 1209 1
20430 1311 1
20431 1371 1
20432 1153 1
20433 1248 1
20434 1163 1
20435 1128 1
20436 1009 1
20437 997 1
20438 1105 1
20439 1031 1
20440 1211 1
20441 1169 1
20442 1122 1
20443 1119 1
20444 1168 1
20445 1417 1
20446 1462 1
20447 1591 1
20448 1456 1
20449 100 1
20450 1465 1
20451 1423 1
20452 1350 1
20453 1321 1
20454 1221 1
20455 1241 1
20456 1103 1
20457 1077 1
20458 943 1
20459 556 1
20460 572 1
20461 578 1
20462 598 1
20463 680 1
20464 655 1
20465 708 1
20466 912 1
20467 902 1
20468 777 1
20469 725 1
20470 621 1
20471 589 1
20472 431 1
20473 611 1
20474 580 1
20475 634 1
20476 755 1
20477 923 1
20478 809 1
20479 859 1
20480 410 1
20481 493 1
20482 369 1
20483 363 1
20484 220 1
20485 100 1
20486 103 1
20487 127 1
20488 103 1
20489 220 1
20490 234 1
20491 367 1
20492 387 1
20493 538 1
20494 100 1
20495 100 1
20496 100 1
20497 100 1
20498 100 1
20499 102 1
20500 222 1
20501 342 1
20502 213 1
20503 101 1
20504 100 1
20505 100 1
20506 100 1
20507 100 1
20508 277 1
20509 377 1
20510 570 1
20511 518 1
20512 620 1
20513 681 1
20514 701 1
20515 893 1
20516 704 1
20517 540 1
20518 536 1
20519 529 1
20520 395 1
20521 370 1
20522 737 1
20523 100 1
20524 939 1
20525 897 1
20526 1041 1
20527 1038 1
20528 1122 1
20529 1217 1
20530 1027 1
20531 1093 1
20532 1041 1
20533 921 1
20534 943 1
20535 889 1
20536 1121 1
20537 1021 1
20538 1091 1
20539 1053 1
20540 1082 1
20541 1108 1
20542 1104 1
20543 100 1
20544 100 1
20545 100 1
20546 100 1
20547 100 1
20548 100 1
20549 100 1
20550 1168 1
20551 1162 1
20552 1079 1
20553 1104 1
20554 950 1
20555 923 1
20556 822 1
20557 821 1
20558 944 1
20559 1091 1
20560 1063 1
20561 1132 1
20562 1228 1
20563 1195 1
20564 811 1
20565 648 1
20566 648 1
20567 628 1
20568 596 1
20569 566 1
20570 400 1
20571 412 1
20572 553 1
20573 541 1
20574 605 1
20575 702 1
20576 661 1
20577 806 1
20578 402 1
20579 387 1
20580 250 1
20581 219 1
20582 218 1
20583 108 1
20584 100 1
20585 100 1
20586 100 1
20587 100 1
20588 116 1
20589 318 1
20590 231 1
20591 351 1
20592 100 1
20593 100 1
20594 100 1
20595 115 1
20596 110 1
20597 248 1
20598 259 1
20599 301 1
20600 352 1
20601 225 1
20602 110 1
20603 108 1
20604 100 1
20605 100 1
20606 399 1
20607 547 1
20608 690 1
20609 726 1
20610 814 1
20611 735 1
20612 655 1
20613 969 1
20614 976 1
20615 714 1
20616 798 1
20617 810 1
20618 515 1
20619 523 1
20620 829 1
20621 807 1
20622 869 1
20623 878 1
20624 853 1
20625 974 1
20626 1164 1
20627 1389 1
20628 1367 1
20629 1227 1
20630 1152 1
20631 1110 1
20632 1056 1
20633 977 1
20634 1410 1
20635 1416 1
20636 1386 1
20637 1283 1
20638 1413 1
20639 1489 1
20640 1391 1
20641 1451 1
20642 1412 1
20643 1542 1
20644 1481 1
20645 1491 1
20646 1394 1
20647 1353 1
20648 1362 1
20649 1315 1
20650 1364 1
20651 1224 1
20652 1115 1
20653 1008 1
20654 947 1
20655 1019 1
20656 1041 1
20657 1114 1
20658 1292 1
20659 1322 1
20660 1414 1
20661 1380 1
20662 906 1
20663 899 1
20664 746 1
20665 638 1
20666 787 1
20667 639 1
20668 468 1
20669 620 1
20670 724 1
20671 695 1
20672 745 1
20673 812 1
20674 963 1
20675 979 1
20676 434 1
20677 435 1
20678 370 1
20679 348 1
20680 239 1
20681 110 1
20682 100 1
20683 100 1
20684 100 1
20685 241 1
20686 278 1
20687 516 1
20688 524 1
20689 488 1
20690 100 1
20691 100 1
20692 100 1
20693 100 1
20694 100 1
20695 100 1
20696 100 1
20697 377 1
20698 228 1
20699 228 1
20700 106 1
20701 101 1
20702 100 1
20703 100 1
20704 114 1
20705 117 1
20706 355 1
20707 394 1
20708 398 1
20709 512 1
20710 548 1
20711 684 1
20712 651 1
20713 628 1
20714 613 1
20715 457 1
20716 422 1
20717 384 1
20718 567 1
20719 632 1
20720 652 1
20721 757 1
20722 770 1
20723 772 1
20724 831 1
20725 1069 1
20726 1005 1
20727 1006 1
20728 982 1
20729 962 1
20730 871 1
20731 833 1
20732 925 1
20733 928 1
20734 965 1
20735 982 1
20736 962 1
20737 1041 1
20738 991 1
20739 1089 1
20740 1103 1
20741 1137 1
20742 1182 1
20743 1241 1
20744 1227 1
20745 1215 1
20746 1063 1
20747 794 1
20748 890 1
20749 864 1
20750 773 1
20751 598 1
20752 389 1
20753 706 1
20754 886 1
20755 982 1
20756 1124 1
20757 1018 1
20758 1147 1
20759 1170 1
20760 233 1
20761 227 1
20762 100 1
20763 100 1
20764 100 1
20765 100 1
20766 100 1
20767 242 1
20768 269 1
20769 508 1
20770 527 1
20771 570 1
20772 595 1
20773 668 1
20774 100 1
20775 106 1
20776 100 1
20777 100 1
20778 100 1
20779 100 1
20780 100 1
20781 100 1
20782 103 1
20783 100 1
20784 320 1
20785 124 1
20786 252 1
20787 137 1
20788 100 1
20789 100 1
20790 100 1
20791 222 1
20792 214 1
20793 228 1
20794 362 1
20795 104 1
20796 100 1
20797 100 1
20798 100 1
20799 100 1
20800 100 1
20801 100 1
20802 100 1
20803 100 1
20804 104 1
20805 218 1
20806 226 1
20807 223 1
20808 363 1
20809 533 1
20810 389 1
20811 476 1
20812 356 1
20813 244 1
20814 120 1
20815 105 1
20816 652 1
20817 842 1
20818 870 1
20819 871 1
20820 875 1
20821 987 1
20822 1000 1
20823 932 1
20824 729 1
20825 698 1
20826 822 1
20827 759 1
20828 727 1
20829 588 1
20830 1309 1
20831 1268 1
20832 1310 1
20833 1156 1
20834 1222 1
20835 1092 1
20836 1131 1
20837 1161 1
20838 1261 1
20839 1107 1
20840 1093 1
20841 1029 1
20842 1106 1
20843 935 1
20844 1209 1
20845 1135 1
20846 1100 1
20847 968 1
20848 965 1
20849 882 1
20850 763 1
20851 429 1
20852 601 1
20853 835 1
20854 823 1
20855 1014 1
20856 991 1
20857 1197 1
20858 748 1
20859 634 1
20860 658 1
20861 582 1
20862 415 1
20863 508 1
20864 469 1
20865 234 1
20866 225 1
20867 395 1
20868 398 1
20869 434 1
20870 333 1
20871 420 1
20872 418 1
20873 387 1
20874 363 1
20875 247 1
20876 226 1
20877 203 1
20878 100 1
20879 100 1
20880 100 1
20881 100 1
20882 109 1
20883 119 1
20884 331 1
20885 336 1
20886 100 1
20887 100 1
20888 111 1
20889 233 1
20890 105 1
20891 100 1
20892 100 1
20893 342 1
20894 228 1
20895 216 1
20896 104 1
20897 108 1
20898 100 1
20899 100 1
20900 100 1
20901 100 1
20902 100 1
20903 100 1
20904 100 1
20905 269 1
20906 681 1
20907 1031 1
20908 687 1
20909 597 1
20910 417 1
20911 411 1
20912 367 1
20913 264 1
20914 899 1
20915 917 1
20916 949 1
20917 1062 1
20918 1027 1
20919 1153 1
20920 1212 1
20921 1327 1
20922 1309 1
20923 1227 1
20924 1064 1
20925 1074 1
20926 1027 1
20927 942 1
20928 1185 1
20929 1228 1
20930 1249 1
20931 1265 1
20932 1088 1
20933 1173 1
20934 1237 1
20935 1305 1
20936 1161 1
20937 1212 1
20938 1193 1
20939 1255 1
20940 1264 1
20941 1303 1
20942 1255 1
20943 1151 1
20944 1216 1
20945 814 1
20946 982 1
20947 904 1
20948 845 1
20949 950 1
20950 1027 1
20951 1046 1
20952 1195 1
20953 1232 1
20954 1240 1
20955 1338 1
20956 781 1
20957 789 1
20958 626 1
20959 607 1
20960 631 1
20961 518 1
20962 377 1
20963 486 1
20964 614 1
20965 592 1
20966 710 1
20967 100 1
20968 852 1
20969 882 1
20970 390 1
20971 353 1
20972 247 1
20973 100 1
20974 100 1
20975 100 1
20976 100 1
20977 100 1
20978 100 1
20979 252 1
20980 361 1
20981 364 1
20982 429 1
20983 416 1
20984 100 1
20985 100 1
20986 108 1
20987 100 1
20988 100 1
20989 201 1
20990 323 1
20991 100 1
20992 100 1
20993 100 1
20994 100 1
20995 100 1
20996 100 1
20997 100 1
20998 362 1
20999 355 1
21000 343 1
21001 400 1
21002 549 1
21003 608 1
21004 892 1
21005 811 1
21006 651 1
21007 571 1
21008 510 1
21009 471 1
21010 109 1
21011 352 1
21012 949 1
21013 1063 1
21014 1076 1
21015 1086 1
21016 1117 1
21017 1301 1
21018 1325 1
21019 1192 1
21020 1017 1
21021 1032 1
21022 944 1
21023 944 1
21024 920 1
21025 851 1
21026 1325 1
21027 1372 1
21028 1424 1
21029 1343 1
21030 1395 1
21031 1401 1
21032 1343 1
21033 1233 1
21034 1263 1
21035 1241 1
21036 1241 1
21037 1301 1
21038 1208 1
21039 1216 1
21040 1269 1
21041 1320 1
21042 1260 1
21043 1162 1
21044 1064 1
21045 923 1
21046 689 1
21047 606 1
21048 825 1
21049 865 1
21050 995 1
21051 990 1
21052 1188 1
21053 1198 1
21054 682 1
21055 625 1
21056 647 1
21057 477 1
21058 582 1
21059 463 1
21060 437 1
21061 347 1
21062 373 1
21063 354 1
21064 386 1
21065 390 1
21066 531 1
21067 633 1
21068 528 1
21069 375 1
21070 385 1
21071 357 1
21072 237 1
21073 100 1
21074 100 1
21075 100 1
21076 100 1
21077 350 1
21078 384 1
21079 376 1
21080 354 1
21081 378 1
21082 100 1
21083 100 1
21084 100 1
21085 100 1
21086 100 1
21087 107 1
21088 325 1
21089 224 1
21090 105 1
21091 100 1
21092 100 1
21093 100 1
21094 100 1
21095 100 1
21096 209 1
21097 231 1
21098 357 1
21099 346 1
21100 400 1
21101 638 1
21102 760 1
21103 785 1
21104 603 1
21105 589 1
21106 500 1
21107 372 1
21108 372 1
21109 347 1
21110 777 1
21111 961 1
21112 972 1
21113 1041 1
21114 1086 1
21115 1262 1
21116 1245 1
21117 1104 1
21118 985 1
21119 993 1
21120 933 1
21121 880 1
21122 900 1
21123 795 1
21124 1273 1
21125 1188 1
21126 1234 1
21127 1266 1
21128 1275 1
21129 1244 1
21130 1136 1
21131 1131 1
21132 1129 1
21133 1102 1
21134 1096 1
21135 1271 1
21136 1219 1
21137 1166 1
21138 1242 1
21139 1244 1
21140 1224 1
21141 1147 1
21142 978 1
21143 944 1
21144 754 1
21145 531 1
21146 770 1
21147 902 1
21148 953 1
21149 1079 1
21150 1090 1
21151 1126 1
21152 802 1
21153 703 1
21154 625 1
21155 654 1
21156 596 1
21157 541 1
21158 419 1
21159 213 1
21160 201 1
21161 364 1
21162 320 1
21163 211 1
21164 239 1
21165 407 1
21166 409 1
21167 417 1
21168 366 1
21169 236 1
21170 104 1
21171 100 1
21172 100 1
21173 100 1
21174 100 1
21175 100 1
21176 233 1
21177 330 1
21178 333 1
21179 219 1
21180 100 1
21181 100 1
21182 100 1
21183 100 1
21184 100 1
21185 100 1
21186 100 1
21187 245 1
21188 239 1
21189 237 1
21190 100 1
21191 100 1
21192 100 1
21193 100 1
21194 100 1
21195 100 1
21196 106 1
21197 248 1
21198 376 1
21199 563 1
21200 657 1
21201 706 1
21202 613 1
21203 429 1
21204 403 1
21205 379 1
21206 355 1
21207 369 1
21208 761 1
21209 749 1
21210 916 1
21211 1001 1
21212 1016 1
21213 1114 1
21214 1184 1
21215 1088 1
21216 1031 1
21217 1022 1
21218 979 1
21219 949 1
21220 783 1
21221 709 1
21222 1152 1
21223 1209 1
21224 1193 1
21225 1174 1
21226 1078 1
21227 1048 1
21228 980 1
21229 1247 1
21230 1312 1
21231 1225 1
21232 1262 1
21233 1381 1
21234 1291 1
21235 1270 1
21236 889 1
21237 1087 1
21238 1022 1
21239 859 1
21240 811 1
21241 773 1
21242 584 1
21243 794 1
21244 847 1
21245 955 1
21246 971 1
21247 1101 1
21248 1061 1
21249 1258 1
21250 360 1
21251 477 1
21252 347 1
21253 227 1
21254 100 1
21255 100 1
21256 100 1
21257 383 1
21258 413 1
21259 441 1
21260 570 1
21261 622 1
21262 646 1
21263 758 1
21264 100 1
21265 100 1
21266 100 1
21267 100 1
21268 100 1
21269 100 1
21270 100 1
21271 100 1
21272 100 1
21273 100 1
21274 226 1
21275 464 1
21276 356 1
21277 391 1
21278 100 1
21279 100 1
21280 100 1
21281 216 1
21282 225 1
21283 227 1
21284 228 1
21285 100 1
21286 100 1
21287 100 1
21288 100 1
21289 100 1
21290 100 1
21291 100 1
21292 377 1
21293 479 1
21294 385 1
21295 567 1
21296 569 1
21297 594 1
21298 714 1
21299 223 1
21300 207 1
21301 220 1
21302 100 1
21303 113 1
21304 100 1
21305 100 1
21306 642 1
21307 714 1
21308 859 1
21309 778 1
21310 824 1
21311 782 1
21312 895 1
21313 424 1
21314 550 1
21315 490 1
21316 378 1
21317 385 1
21318 396 1
21319 420 1
21320 1069 1
21321 1190 1
21322 1197 1
21323 993 1
21324 1020 1
21325 1160 1
21326 978 1
21327 778 1
21328 745 1
21329 991 1
21330 988 1
21331 733 1
21332 706 1
21333 727 1
21334 959 1
21335 856 1
21336 964 1
21337 709 1
21338 312 1
21339 228 1
21340 100 1
21341 235 1
21342 293 1
21343 578 1
21344 661 1
21345 713 1
21346 745 1
21347 828 1
21348 115 1
21349 100 1
21350 100 1
21351 108 1
21352 343 1
21353 136 1
21354 220 1
21355 122 1
21356 228 1
21357 247 1
21358 335 1
21359 215 1
21360 126 1
21361 362 1
21362 221 1
21363 337 1
21364 106 1
21365 100 1
21366 100 1
21367 100 1
21368 100 1
21369 100 1
21370 100 1
21371 100 1
21372 104 1
21373 216 1
21374 222 1
21375 225 1
21376 100 1
21377 119 1
21378 217 1
21379 361 1
21380 256 1
21381 106 1
21382 362 1
21383 534 1
21384 378 1
21385 363 1
21386 225 1
21387 221 1
21388 112 1
21389 100 1
21390 369 1
21391 259 1
21392 414 1
21393 540 1
21394 504 1
21395 775 1
21396 987 1
21397 874 1
21398 821 1
21399 674 1
21400 643 1
21401 579 1
21402 665 1
21403 508 1
21404 899 1
21405 988 1
21406 998 1
21407 963 1
21408 979 1
21409 1124 1
21410 1155 1
21411 1140 1
21412 1081 1
21413 981 1
21414 986 1
21415 960 1
21416 913 1
21417 759 1
21418 1252 1
21419 1336 1
21420 1334 1
21421 1315 1
21422 1204 1
21423 1250 1
21424 1286 1
21425 1377 1
21426 1220 1
21427 1375 1
21428 1327 1
21429 1358 1
21430 1319 1
21431 1199 1
21432 1325 1
21433 1309 1
21434 1080 1
21435 1021 1
21436 892 1
21437 752 1
21438 671 1
21439 106 1
21440 218 1
21441 463 1
21442 1101 1
21443 1236 1
21444 1219 1
21445 1266 1
21446 444 1
21447 535 1
21448 501 1
21449 547 1
21450 450 1
21451 441 1
21452 384 1
21453 416 1
21454 331 1
21455 370 1
21456 108 1
21457 100 1
21458 100 1
21459 107 1
21460 416 1
21461 384 1
21462 256 1
21463 242 1
21464 335 1
21465 207 1
21466 101 1
21467 100 1
21468 100 1
21469 209 1
21470 337 1
21471 257 1
21472 409 1
21473 400 1
21474 108 1
21475 100 1
21476 124 1
21477 220 1
21478 236 1
21479 346 1
21480 259 1
21481 105 1
21482 110 1
21483 105 1
21484 238 1
21485 115 1
21486 100 1
21487 100 1
21488 378 1
21489 412 1
21490 438 1
21491 609 1
21492 659 1
21493 793 1
21494 767 1
21495 684 1
21496 592 1
21497 407 1
21498 383 1
21499 347 1
21500 334 1
21501 219 1
21502 943 1
21503 913 1
21504 877 1
21505 935 1
21506 1008 1
21507 990 1
21508 824 1
21509 1005 1
21510 1037 1
21511 888 1
21512 860 1
21513 837 1
21514 715 1
21515 777 1
21516 862 1
21517 1123 1
21518 1086 1
21519 1076 1
21520 1050 1
21521 1060 1
21522 999 1
21523 1097 1
21524 1158 1
21525 1096 1
21526 1072 1
21527 1108 1
21528 1186 1
21529 1178 1
21530 1236 1
21531 1213 1
21532 1183 1
21533 1075 1
21534 999 1
21535 941 1
21536 966 1
21537 767 1
21538 853 1
21539 858 1
21540 913 1
21541 1081 1
21542 1132 1
21543 901 1
21544 904 1
21545 764 1
21546 653 1
21547 628 1
21548 603 1
21549 437 1
21550 517 1
21551 363 1
21552 483 1
21553 540 1
21554 504 1
21555 622 1
21556 632 1
21557 681 1
21558 389 1
21559 359 1
21560 346 1
21561 123 1
21562 107 1
21563 100 1
21564 100 1
21565 100 1
21566 100 1
21567 100 1
21568 138 1
21569 114 1
21570 123 1
21571 349 1
21572 100 1
21573 100 1
21574 100 1
21575 100 1
21576 112 1
21577 326 1
21578 228 1
21579 373 1
21580 229 1
21581 256 1
21582 115 1
21583 100 1
21584 100 1
21585 100 1
21586 100 1
21587 100 1
21588 100 1
21589 100 1
21590 100 1
21591 100 1
21592 100 1
21593 660 1
21594 612 1
21595 442 1
21596 444 1
21597 526 1
21598 384 1
21599 368 1
21600 820 1
21601 860 1
21602 864 1
21603 844 1
21604 884 1
21605 986 1
21606 1091 1
21607 883 1
21608 981 1
21609 1003 1
21610 927 1
21611 929 1
21612 803 1
21613 801 1
21614 1326 1
21615 1338 1
21616 1204 1
21617 1362 1
21618 1421 1
21619 1340 1
21620 1256 1
21621 1128 1
21622 1123 1
21623 1165 1
21624 1121 1
21625 1069 1
21626 1042 1
21627 761 1
21628 100 1
21629 100 1
21630 100 1
21631 100 1
21632 100 1
21633 100 1
21634 100 1
21635 646 1
21636 776 1
21637 859 1
21638 929 1
21639 946 1
21640 1149 1
21641 1179 1
21642 610 1
21643 623 1
21644 612 1
21645 598 1
21646 527 1
21647 532 1
21648 483 1
21649 388 1
21650 397 1
21651 542 1
21652 584 1
21653 643 1
21654 633 1
21655 752 1
21656 385 1
21657 346 1
21658 207 1
21659 220 1
21660 100 1
21661 111 1
21662 100 1
21663 116 1
21664 104 1
21665 100 1
21666 203 1
21667 363 1
21668 345 1
21669 421 1
21670 100 1
21671 100 1
21672 100 1
21673 100 1
21674 100 1
21675 100 1
21676 100 1
21677 100 1
21678 100 1
21679 100 1
21680 100 1
21681 100 1
21682 100 1
21683 100 1
21684 100 1
21685 100 1
21686 100 1
21687 100 1
21688 100 1
21689 100 1
21690 100 1
21691 339 1
21692 264 1
21693 361 1
21694 207 1
21695 122 1
21696 100 1
21697 121 1
21698 100 1
21699 100 1
21700 100 1
21701 100 1
21702 100 1
21703 100 1
21704 100 1
21705 787 1
21706 755 1
21707 707 1
21708 478 1
21709 522 1
21710 352 1
21711 368 1
21712 100 1
21713 100 1
21714 221 1
21715 217 1
21716 100 1
21717 100 1
21718 100 1
21719 852 1
21720 890 1
21721 958 1
21722 939 1
21723 958 1
21724 888 1
21725 741 1
21726 104 1
21727 100 1
21728 100 1
21729 100 1
21730 100 1
21731 100 1
21732 100 1
21733 606 1
21734 740 1
21735 804 1
21736 781 1
21737 891 1
21738 951 1
21739 1105 1
21740 100 1
21741 100 1
21742 100 1
21743 100 1
21744 100 1
21745 100 1
21746 100 1
21747 102 1
21748 117 1
21749 222 1
21750 375 1
21751 211 1
21752 372 1
21753 545 1
21754 100 1
21755 100 1
21756 100 1
21757 100 1
21758 100 1
21759 100 1
21760 100 1
21761 100 1
21762 100 1
21763 100 1
21764 100 1
21765 100 1
21766 101 1
21767 100 1
21768 100 1
21769 100 1
21770 106 1
21771 100 1
21772 100 1
21773 332 1
21774 225 1
21775 100 1
21776 100 1
21777 100 1
21778 100 1
21779 100 1
21780 100 1
21781 100 1
21782 250 1
21783 335 1
21784 359 1
21785 400 1
21786 400 1
21787 513 1
21788 296 1
21789 429 1
21790 394 1
21791 314 1
21792 230 1
21793 324 1
21794 221 1
21795 102 1
21796 533 1
21797 518 1
21798 474 1
21799 513 1
21800 625 1
21801 775 1
21802 836 1
21803 1032 1
21804 834 1
21805 867 1
21806 780 1
21807 769 1
21808 551 1
21809 629 1
21810 1070 1
21811 1131 1
21812 1198 1
21813 1155 1
21814 1129 1
21815 1021 1
21816 1098 1
21817 887 1
21818 941 1
21819 1008 1
21820 910 1
21821 1035 1
21822 959 1
21823 905 1
21824 1089 1
21825 939 1
21826 952 1
21827 920 1
21828 863 1
21829 790 1
21830 718 1
21831 494 1
21832 522 1
21833 676 1
21834 785 1
21835 818 1
21836 782 1
21837 764 1
21838 653 1
21839 439 1
21840 487 1
21841 556 1
21842 474 1
21843 360 1
21844 253 1
21845 118 1
21846 242 1
21847 256 1
21848 486 1
21849 360 1
21850 555 1
21851 488 1
21852 221 1
21853 120 1
21854 129 1
21855 100 1
21856 100 1
21857 100 1
21858 100 1
21859 100 1
21860 100 1
21861 100 1
21862 100 1
21863 103 1
21864 107 1
21865 313 1
21866 100 1
21867 100 1
21868 100 1
21869 105 1
21870 118 1
21871 234 1
21872 339 1
21873 374 1
21874 344 1
21875 268 1
21876 213 1
21877 216 1
21878 100 1
21879 100 1
21880 356 1
21881 396 1
21882 425 1
21883 520 1
21884 566 1
21885 641 1
21886 664 1
21887 599 1
21888 623 1
21889 569 1
21890 606 1
21891 423 1
21892 412 1
21893 387 1
21894 803 1
21895 831 1
21896 858 1
21897 874 1
21898 935 1
21899 938 1
21900 1136 1
21901 1007 1
21902 928 1
21903 892 1
21904 689 1
21905 814 1
21906 682 1
21907 601 1
21908 1120 1
21909 1211 1
21910 1202 1
21911 1134 1
21912 1065 1
21913 1092 1
21914 1163 1
21915 1054 1
21916 1055 1
21917 1060 1
21918 1116 1
21919 1179 1
21920 1053 1
21921 1263 1
21922 1023 1
21923 970 1
21924 896 1
21925 928 1
21926 863 1
21927 729 1
21928 782 1
21929 818 1
21930 883 1
21931 915 1
21932 970 1
21933 977 1
21934 975 1
21935 1030 1
21936 779 1
21937 620 1
21938 584 1
21939 543 1
21940 414 1
21941 376 1
21942 233 1
21943 356 1
21944 506 1
21945 528 1
21946 569 1
21947 575 1
21948 745 1
21949 691 1
21950 262 1
21951 313 1
21952 119 1
21953 211 1
21954 100 1
21955 100 1
21956 102 1
21957 133 1
21958 100 1
21959 105 1
21960 100 1
21961 105 1
21962 317 1
21963 238 1
21964 100 1
21965 100 1
21966 100 1
21967 100 1
21968 100 1
21969 100 1
21970 100 1
21971 447 1
21972 386 1
21973 351 1
21974 223 1
21975 100 1
21976 100 1
21977 100 1
21978 438 1
21979 438 1
21980 654 1
21981 574 1
21982 655 1
21983 694 1
21984 738 1
21985 932 1
21986 750 1
21987 759 1
21988 774 1
21989 738 1
21990 694 1
21991 578 1
21992 931 1
21993 1017 1
21994 1010 1
21995 990 1
21996 1165 1
21997 1176 1
21998 1223 1
21999 1330 1
22000 1280 1
22001 1116 1
22002 1146 1
22003 1030 1
22004 1094 1
22005 1021 1
22006 1071 1
22007 1249 1
22008 1369 1
22009 1149 1
22010 1160 1
22011 1098 1
22012 1111 1
22013 1355 1
22014 1217 1
22015 1457 1
22016 1452 1
22017 1339 1
22018 1437 1
22019 1344 1
22020 1231 1
22021 1192 1
22022 1220 1
22023 1110 1
22024 989 1
22025 1049 1
22026 947 1
22027 962 1
22028 1019 1
22029 1062 1
22030 1239 1
22031 1256 1
22032 1301 1
22033 1272 1
22034 832 1
22035 798 1
22036 706 1
22037 626 1
22038 577 1
22039 547 1
22040 557 1
22041 589 1
22042 615 1
22043 635 1
22044 681 1
22045 720 1
22046 853 1
22047 942 1
22048 418 1
22049 377 1
22050 489 1
22051 341 1
22052 343 1
22053 100 1
22054 100 1
22055 214 1
22056 112 1
22057 331 1
22058 355 1
22059 381 1
22060 432 1
22061 565 1
22062 100 1
22063 100 1
22064 102 1
22065 258 1
22066 384 1
22067 393 1
22068 387 1
22069 455 1
22070 560 1
22071 350 1
22072 229 1
22073 220 1
22074 100 1
22075 100 1
22076 531 1
22077 434 1
22078 579 1
22079 641 1
22080 645 1
22081 678 1
22082 763 1
22083 779 1
22084 738 1
22085 737 1
22086 770 1
22087 727 1
22088 502 1
22089 470 1
22090 776 1
22091 911 1
22092 960 1
22093 1041 1
22094 1009 1
22095 1050 1
22096 1219 1
22097 1279 1
22098 1087 1
22099 1209 1
22100 1065 1
22101 1002 1
22102 979 1
22103 894 1
22104 1225 1
22105 1293 1
22106 1285 1
22107 1154 1
22108 1159 1
22109 1153 1
22110 1107 1
22111 1174 1
22112 1377 1
22113 1242 1
22114 1247 1
22115 100 1
22116 1318 1
22117 1297 1
22118 1227 1
22119 1184 1
22120 1097 1
22121 970 1
22122 964 1
22123 927 1
22124 750 1
22125 910 1
22126 1005 1
22127 1001 1
22128 1023 1
22129 1164 1
22130 1243 1
22131 1319 1
22132 851 1
22133 643 1
22134 644 1
22135 609 1
22136 580 1
22137 423 1
22138 454 1
22139 531 1
22140 631 1
22141 593 1
22142 614 1
22143 712 1
22144 834 1
22145 834 1
22146 430 1
22147 381 1
22148 383 1
22149 336 1
22150 116 1
22151 100 1
22152 100 1
22153 100 1
22154 103 1
22155 211 1
22156 370 1
22157 509 1
22158 422 1
22159 564 1
22160 100 1
22161 100 1
22162 100 1
22163 100 1
22164 211 1
22165 215 1
22166 217 1
22167 100 1
22168 100 1
22169 100 1
22170 100 1
22171 100 1
22172 100 1
22173 100 1
22174 338 1
22175 330 1
22176 483 1
22177 520 1
22178 578 1
22179 637 1
22180 731 1
22181 524 1
22182 454 1
22183 116 1
22184 214 1
22185 100 1
22186 101 1
22187 100 1
22188 873 1
22189 943 1
22190 957 1
22191 1005 1
22192 1016 1
22193 1149 1
22194 1073 1
22195 793 1
22196 781 1
22197 709 1
22198 821 1
22199 583 1
22200 558 1
22201 517 1
22202 1150 1
22203 1158 1
22204 1169 1
22205 1186 1
22206 1160 1
22207 1124 1
22208 1126 1
22209 1161 1
22210 921 1
22211 927 1
22212 1043 1
22213 975 1
22214 951 1
22215 902 1
22216 1187 1
22217 1125 1
22218 1043 1
22219 960 1
22220 947 1
22221 921 1
22222 891 1
22223 467 1
22224 583 1
22225 674 1
22226 777 1
22227 872 1
22228 686 1
22229 923 1
22230 840 1
22231 763 1
22232 638 1
22233 600 1
22234 579 1
22235 531 1
22236 481 1
22237 222 1
22238 242 1
22239 251 1
22240 495 1
22241 389 1
22242 529 1
22243 424 1
22244 353 1
22245 461 1
22246 238 1
22247 124 1
22248 102 1
22249 100 1
22250 107 1
22251 100 1
22252 100 1
22253 100 1
22254 100 1
22255 221 1
22256 215 1
22257 111 1
22258 100 1
22259 100 1
22260 100 1
22261 219 1
22262 236 1
22263 126 1
22264 258 1
22265 377 1
22266 352 1
22267 241 1
22268 319 1
22269 117 1
22270 100 1
22271 100 1
22272 373 1
22273 422 1
22274 610 1
22275 596 1
22276 706 1
22277 604 1
22278 661 1
22279 723 1
22280 744 1
22281 678 1
22282 622 1
22283 613 1
22284 634 1
22285 398 1
22286 812 1
22287 873 1
22288 928 1
22289 943 1
22290 958 1
22291 1143 1
22292 1103 1
22293 1253 1
22294 1171 1
22295 1076 1
22296 951 1
22297 909 1
22298 904 1
22299 100 1
22300 1158 1
22301 1187 1
22302 1192 1
22303 1092 1
22304 1070 1
22305 1070 1
22306 1057 1
22307 1120 1
22308 1117 1
22309 1234 1
22310 1273 1
22311 1274 1
22312 1348 1
22313 1289 1
22314 1279 1
22315 1247 1
22316 1209 1
22317 1057 1
22318 1114 1
22319 956 1
22320 907 1
22321 859 1
22322 893 1
22323 928 1
22324 1053 1
22325 1116 1
22326 1222 1
22327 1140 1
22328 851 1
22329 870 1
22330 600 1
22331 605 1
22332 553 1
22333 557 1
22334 373 1
22335 542 1
22336 560 1
22337 589 1
22338 652 1
22339 676 1
22340 732 1
22341 797 1
22342 360 1
22343 341 1
22344 217 1
22345 210 1
22346 208 1
22347 100 1
22348 100 1
22349 108 1
22350 104 1
22351 212 1
22352 361 1
22353 255 1
22354 372 1
22355 502 1
22356 106 1
22357 100 1
22358 100 1
22359 212 1
22360 436 1
22361 485 1
22362 420 1
22363 485 1
22364 388 1
22365 280 1
22366 369 1
22367 120 1
22368 104 1
22369 100 1
22370 391 1
22371 544 1
22372 475 1
22373 613 1
22374 618 1
22375 684 1
22376 728 1
22377 1018 1
22378 883 1
22379 866 1
22380 763 1
22381 771 1
22382 722 1
22383 557 1
22384 854 1
22385 911 1
22386 936 1
22387 1033 1
22388 1038 1
22389 1106 1
22390 1105 1
22391 1321 1
22392 1368 1
22393 1237 1
22394 1192 1
22395 1105 1
22396 1077 1
22397 934 1
22398 1301 1
22399 1317 1
22400 1300 1
22401 1347 1
22402 1215 1
22403 1293 1
22404 1270 1
22405 1357 1
22406 1396 1
22407 1441 1
22408 1399 1
22409 1363 1
22410 1386 1
22411 1403 1
22412 1270 1
22413 1253 1
22414 1186 1
22415 1029 1
22416 1013 1
22417 961 1
22418 953 1
22419 100 1
22420 100 1
22421 100 1
22422 100 1
22423 100 1
22424 100 1
22425 100 1
22426 825 1
22427 726 1
22428 657 1
22429 627 1
22430 594 1
22431 535 1
22432 454 1
22433 412 1
22434 544 1
22435 590 1
22436 620 1
22437 627 1
22438 100 1
22439 832 1
22440 511 1
22441 423 1
22442 261 1
22443 225 1
22444 103 1
22445 100 1
22446 109 1
22447 117 1
22448 114 1
22449 358 1
22450 387 1
22451 508 1
22452 443 1
22453 449 1
22454 100 1
22455 100 1
22456 102 1
22457 217 1
22458 346 1
22459 387 1
22460 429 1
22461 564 1
22462 509 1
22463 397 1
22464 371 1
22465 250 1
22466 100 1
22467 110 1
22468 429 1
22469 503 1
22470 386 1
22471 571 1
22472 620 1
22473 789 1
22474 702 1
22475 914 1
22476 832 1
22477 782 1
22478 698 1
22479 739 1
22480 485 1
22481 643 1
22482 751 1
22483 950 1
22484 1007 1
22485 1070 1
22486 1121 1
22487 1235 1
22488 1116 1
22489 1312 1
22490 1320 1
22491 1138 1
22492 1186 1
22493 1051 1
22494 1025 1
22495 1081 1
22496 906 1
22497 1046 1
22498 990 1
22499 900 1
22500 991 1
22501 100 1
22502 964 1
22503 1324 1
22504 1387 1
22505 1244 1
22506 1386 1
22507 1293 1
22508 1385 1
22509 1334 1
22510 1162 1
22511 1146 1
22512 1150 1
22513 1000 1
22514 970 1
22515 943 1
22516 874 1
22517 874 1
22518 869 1
22519 977 1
22520 935 1
22521 1110 1
22522 1146 1
22523 1067 1
22524 848 1
22525 814 1
22526 645 1
22527 581 1
22528 581 1
22529 544 1
22530 391 1
22531 666 1
22532 603 1
22533 637 1
22534 623 1
22535 705 1
22536 910 1
22537 874 1
22538 237 1
22539 367 1
22540 128 1
22541 217 1
22542 100 1
22543 100 1
22544 100 1
22545 101 1
22546 100 1
22547 108 1
22548 361 1
22549 368 1
22550 380 1
22551 414 1
22552 100 1
22553 100 1
22554 104 1
22555 347 1
22556 398 1
22557 407 1
22558 407 1
22559 517 1
22560 270 1
22561 342 1
22562 244 1
22563 216 1
22564 100 1
22565 100 1
22566 407 1
22567 604 1
22568 607 1
22569 642 1
22570 696 1
22571 100 1
22572 812 1
22573 579 1
22574 586 1
22575 609 1
22576 557 1
22577 448 1
22578 530 1
22579 545 1
22580 100 1
22581 100 1
22582 100 1
22583 100 1
22584 100 1
22585 100 1
22586 100 1
22587 1178 1
22588 916 1
22589 962 1
22590 922 1
22591 677 1
22592 645 1
22593 568 1
22594 1307 1
22595 1275 1
22596 1364 1
22597 1435 1
22598 1307 1
22599 1194 1
22600 1242 1
22601 1216 1
22602 1422 1
22603 1376 1
22604 1418 1
22605 1370 1
22606 1243 1
22607 1298 1
22608 1240 1
22609 1244 1
22610 1155 1
22611 1143 1
22612 1065 1
22613 958 1
22614 943 1
22615 926 1
22616 913 1
22617 1045 1
22618 1043 1
22619 1012 1
22620 1216 1
22621 1311 1
22622 868 1
22623 745 1
22624 783 1
22625 657 1
22626 616 1
22627 517 1
22628 504 1
22629 283 1
22630 396 1
22631 589 1
22632 579 1
22633 689 1
22634 774 1
22635 892 1
22636 361 1
22637 260 1
22638 334 1
22639 227 1
22640 115 1
22641 100 1
22642 100 1
22643 100 1
22644 100 1
22645 111 1
22646 202 1
22647 116 1
22648 233 1
22649 376 1
22650 100 1
22651 100 1
22652 100 1
22653 355 1
22654 364 1
22655 545 1
22656 542 1
22657 101 1
22658 100 1
22659 100 1
22660 100 1
22661 100 1
22662 100 1
22663 100 1
22664 412 1
22665 520 1
22666 543 1
22667 483 1
22668 485 1
22669 527 1
22670 437 1
22671 100 1
22672 101 1
22673 100 1
22674 100 1
22675 100 1
22676 100 1
22677 100 1
22678 355 1
22679 576 1
22680 654 1
22681 833 1
22682 850 1
22683 1050 1
22684 1266 1
22685 940 1
22686 949 1
22687 927 1
22688 680 1
22689 638 1
22690 460 1
22691 442 1
22692 1276 1
22693 1144 1
22694 1239 1
22695 1100 1
22696 1106 1
22697 1044 1
22698 1085 1
22699 606 1
22700 528 1
22701 774 1
22702 793 1
22703 676 1
22704 897 1
22705 803 1
22706 1184 1
22707 1134 1
22708 1138 1
22709 1088 1
22710 975 1
22711 858 1
22712 569 1
22713 101 1
22714 333 1
22715 339 1
22716 468 1
22717 453 1
22718 387 1
22719 733 1
22720 592 1
22721 582 1
22722 525 1
22723 374 1
22724 336 1
22725 345 1
22726 351 1
22727 100 1
22728 221 1
22729 243 1
22730 207 1
22731 219 1
22732 226 1
22733 222 1
22734 108 1
22735 219 1
22736 100 1
22737 100 1
22738 100 1
22739 100 1
22740 100 1
22741 100 1
22742 100 1
22743 100 1
22744 100 1
22745 100 1
22746 100 1
22747 213 1
22748 100 1
22749 100 1
22750 100 1
22751 321 1
22752 241 1
22753 371 1
22754 410 1
22755 410 1
22756 362 1
22757 348 1
22758 112 1
22759 100 1
22760 100 1
22761 100 1
22762 381 1
22763 407 1
22764 366 1
22765 440 1
22766 487 1
22767 487 1
22768 398 1
22769 347 1
22770 394 1
22771 434 1
22772 403 1
22773 385 1
22774 403 1
22775 404 1
22776 105 1
22777 338 1
22778 630 1
22779 873 1
22780 952 1
22781 1182 1
22782 1221 1
22783 1154 1
22784 1034 1
22785 1028 1
22786 931 1
22787 681 1
22788 232 1
22789 100 1
22790 1035 1
22791 1147 1
22792 1134 1
22793 1224 1
22794 1153 1
22795 1183 1
22796 1079 1
22797 1293 1
22798 1308 1
22799 1242 1
22800 1212 1
22801 1280 1
22802 1322 1
22803 1217 1
22804 1409 1
22805 1302 1
22806 1300 1
22807 1236 1
22808 1174 1
22809 1034 1
22810 1020 1
22811 844 1
22812 940 1
22813 975 1
22814 1048 1
22815 1175 1
22816 1140 1
22817 1274 1
22818 950 1
22819 910 1
22820 814 1
22821 597 1
22822 569 1
22823 564 1
22824 420 1
22825 515 1
22826 566 1
22827 592 1
22828 541 1
22829 642 1
22830 765 1
22831 868 1
22832 438 1
22833 355 1
22834 342 1
22835 234 1
22836 100 1
22837 100 1
22838 109 1
22839 109 1
22840 100 1
22841 100 1
22842 318 1
22843 153 1
22844 405 1
22845 504 1
22846 100 1
22847 100 1
22848 237 1
22849 236 1
22850 389 1
22851 507 1
22852 479 1
22853 528 1
22854 405 1
22855 472 1
22856 324 1
22857 113 1
22858 100 1
22859 102 1
22860 412 1
22861 704 1
22862 441 1
22863 791 1
22864 794 1
22865 733 1
22866 949 1
22867 625 1
22868 827 1
22869 595 1
22870 604 1
22871 394 1
22872 571 1
22873 454 1
22874 671 1
22875 888 1
22876 860 1
22877 939 1
22878 1008 1
22879 1088 1
22880 1295 1
22881 1025 1
22882 972 1
22883 867 1
22884 821 1
22885 700 1
22886 597 1
22887 552 1
22888 1224 1
22889 1267 1
22890 1280 1
22891 1256 1
22892 1113 1
22893 1126 1
22894 1104 1
22895 118 1
22896 226 1
22897 100 1
22898 123 1
22899 233 1
22900 202 1
22901 228 1
22902 1242 1
22903 1173 1
22904 1155 1
22905 1058 1
22906 986 1
22907 955 1
22908 925 1
22909 914 1
22910 929 1
22911 995 1
22912 1035 1
22913 1157 1
22914 1166 1
22915 1033 1
22916 908 1
22917 704 1
22918 607 1
22919 610 1
22920 424 1
22921 377 1
22922 384 1
22923 397 1
22924 366 1
22925 524 1
22926 532 1
22927 563 1
22928 601 1
22929 753 1
22930 365 1
22931 366 1
22932 222 1
22933 223 1
22934 113 1
22935 100 1
22936 100 1
22937 100 1
22938 100 1
22939 119 1
22940 108 1
22941 245 1
22942 210 1
22943 362 1
22944 100 1
22945 100 1
22946 213 1
22947 381 1
22948 365 1
22949 532 1
22950 510 1
22951 377 1
22952 382 1
22953 372 1
22954 264 1
22955 120 1
22956 100 1
22957 100 1
22958 640 1
22959 730 1
22960 750 1
22961 673 1
22962 880 1
22963 785 1
22964 848 1
22965 802 1
22966 700 1
22967 717 1
22968 786 1
22969 709 1
22970 448 1
22971 412 1
22972 851 1
22973 908 1
22974 953 1
22975 1013 1
22976 1160 1
22977 1217 1
22978 1255 1
22979 1172 1
22980 1049 1
22981 1013 1
22982 925 1
22983 931 1
22984 961 1
22985 836 1
22986 1325 1
22987 1355 1
22988 1406 1
22989 1382 1
22990 1347 1
22991 1406 1
22992 1372 1
22993 1394 1
22994 1376 1
22995 1420 1
22996 1358 1
22997 1328 1
22998 1265 1
22999 1219 1
23000 1418 1
23001 1333 1
23002 1241 1
23003 1140 1
23004 1107 1
23005 1050 1
23006 966 1
23007 923 1
23008 986 1
23009 1015 1
23010 1072 1
23011 1227 1
23012 1242 1
23013 1324 1
23014 974 1
23015 911 1
23016 725 1
23017 429 1
23018 421 1
23019 445 1
23020 418 1
23021 366 1
23022 394 1
23023 536 1
23024 629 1
23025 651 1
23026 743 1
23027 849 1
23028 362 1
23029 362 1
23030 246 1
23031 241 1
23032 112 1
23033 100 1
23034 100 1
23035 100 1
23036 100 1
23037 109 1
23038 224 1
23039 345 1
23040 345 1
23041 251 1
23042 100 1
23043 100 1
23044 100 1
23045 100 1
23046 106 1
23047 223 1
23048 217 1
23049 291 1
23050 350 1
23051 336 1
23052 326 1
23053 102 1
23054 100 1
23055 100 1
23056 325 1
23057 356 1
23058 376 1
23059 393 1
23060 427 1
23061 539 1
23062 534 1
23063 672 1
23064 693 1
23065 733 1
23066 588 1
23067 664 1
23068 551 1
23069 399 1
23070 596 1
23071 612 1
23072 606 1
23073 771 1
23074 803 1
23075 801 1
23076 904 1
23077 1122 1
23078 1113 1
23079 947 1
23080 911 1
23081 911 1
23082 892 1
23083 753 1
23084 935 1
23085 937 1
23086 957 1
23087 876 1
23088 864 1
23089 908 1
23090 912 1
23091 1220 1
23092 1140 1
23093 1186 1
23094 1193 1
23095 1264 1
23096 1326 1
23097 1283 1
23098 786 1
23099 722 1
23100 842 1
23101 855 1
23102 844 1
23103 776 1
23104 748 1
23105 877 1
23106 903 1
23107 1005 1
23108 998 1
23109 1097 1
23110 1169 1
23111 1178 1
23112 580 1
23113 534 1
23114 536 1
23115 425 1
23116 273 1
23117 246 1
23118 137 1
23119 361 1
23120 439 1
23121 555 1
23122 546 1
23123 680 1
23124 648 1
23125 887 1
23126 100 1
23127 100 1
23128 100 1
23129 100 1
23130 100 1
23131 100 1
23132 100 1
23133 100 1
23134 100 1
23135 108 1
23136 223 1
23137 222 1
23138 336 1
23139 346 1
23140 112 1
23141 117 1
23142 219 1
23143 231 1
23144 510 1
23145 412 1
23146 427 1
23147 118 1
23148 209 1
23149 100 1
23150 100 1
23151 100 1
23152 100 1
23153 100 1
23154 584 1
23155 715 1
23156 613 1
23157 766 1
23158 844 1
23159 996 1
23160 1058 1
23161 547 1
23162 445 1
23163 499 1
23164 403 1
23165 369 1
23166 356 1
23167 232 1
23168 999 1
23169 1033 1
23170 1095 1
23171 1124 1
23172 1352 1
23173 1196 1
23174 1348 1
23175 698 1
23176 880 1
23177 812 1
23178 600 1
23179 607 1
23180 541 1
23181 561 1
23182 1371 1
23183 1412 1
23184 1380 1
23185 1464 1
23186 1443 1
23187 1412 1
23188 1387 1
23189 878 1
23190 915 1
23191 933 1
23192 842 1
23193 847 1
23194 945 1
23195 893 1
23196 1383 1
23197 1327 1
23198 1324 1
23199 1200 1
23200 1185 1
23201 1059 1
23202 959 1
23203 464 1
23204 594 1
23205 581 1
23206 634 1
23207 656 1
23208 773 1
23209 717 1
23210 1016 1
23211 862 1
23212 829 1
23213 701 1
23214 651 1
23215 620 1
23216 609 1
23217 100 1
23218 111 1
23219 107 1
23220 346 1
23221 256 1
23222 349 1
23223 426 1
23224 545 1
23225 401 1
23226 391 1
23227 376 1
23228 220 1
23229 227 1
23230 127 1
23231 100 1
23232 100 1
23233 100 1
23234 100 1
23235 104 1
23236 100 1
23237 100 1
23238 100 1
23239 100 1
23240 100 1
23241 100 1
23242 251 1
23243 271 1
23244 396 1
23245 384 1
23246 221 1
23247 437 1
23248 219 1
23249 104 1
23250 100 1
23251 100 1
23252 430 1
23253 447 1
23254 489 1
23255 584 1
23256 640 1
23257 860 1
23258 695 1
23259 791 1
23260 646 1
23261 632 1
23262 616 1
23263 556 1
23264 426 1
23265 397 1
23266 770 1
23267 896 1
23268 946 1
23269 998 1
23270 965 1
23271 1057 1
23272 1193 1
23273 1172 1
23274 1148 1
23275 1030 1
23276 1000 1
23277 1022 1
23278 872 1
23279 858 1
23280 1227 1
23281 1230 1
23282 1103 1
23283 1124 1
23284 1105 1
23285 1102 1
23286 1179 1
23287 1092 1
23288 1175 1
23289 1110 1
23290 1173 1
23291 1232 1
23292 1199 1
23293 1249 1
23294 1251 1
23295 1142 1
23296 1150 1
23297 1171 1
23298 963 1
23299 959 1
23300 947 1
23301 858 1
23302 850 1
23303 986 1
23304 1129 1
23305 1201 1
23306 1185 1
23307 1194 1
23308 780 1
23309 648 1
23310 682 1
23311 618 1
23312 565 1
23313 514 1
23314 392 1
23315 370 1
23316 581 1
23317 608 1
23318 608 1
23319 669 1
23320 761 1
23321 810 1
23322 362 1
23323 235 1
23324 241 1
23325 220 1
23326 100 1
23327 100 1
23328 100 1
23329 100 1
23330 100 1
23331 222 1
23332 327 1
23333 385 1
23334 353 1
23335 368 1
23336 100 1
23337 100 1
23338 100 1
23339 236 1
23340 344 1
23341 373 1
23342 381 1
23343 364 1
23344 228 1
23345 256 1
23346 212 1
23347 100 1
23348 100 1
23349 100 1
23350 519 1
23351 433 1
23352 577 1
23353 606 1
23354 643 1
23355 652 1
23356 788 1
23357 663 1
23358 649 1
23359 580 1
23360 433 1
23361 533 1
23362 425 1
23363 385 1
23364 823 1
23365 859 1
23366 868 1
23367 987 1
23368 976 1
23369 1037 1
23370 1074 1
23371 1260 1
23372 979 1
23373 952 1
23374 893 1
23375 919 1
23376 905 1
23377 857 1
23378 1178 1
23379 1257 1
23380 1242 1
23381 1299 1
23382 1145 1
23383 1311 1
23384 1382 1
23385 1192 1
23386 1100 1
23387 1227 1
23388 1136 1
23389 1185 1
23390 1288 1
23391 1240 1
23392 1323 1
23393 1181 1
23394 1140 1
23395 1006 1
23396 941 1
23397 941 1
23398 878 1
23399 101 1
23400 230 1
23401 321 1
23402 264 1
23403 343 1
23404 253 1
23405 394 1
23406 664 1
23407 696 1
23408 627 1
23409 635 1
23410 608 1
23411 563 1
23412 548 1
23413 528 1
23414 536 1
23415 570 1
23416 591 1
23417 639 1
23418 661 1
23419 826 1
23420 440 1
23421 388 1
23422 364 1
23423 327 1
23424 200 1
23425 100 1
23426 330 1
23427 105 1
23428 100 1
23429 211 1
23430 225 1
23431 379 1
23432 425 1
23433 430 1
23434 100 1
23435 100 1
23436 114 1
23437 211 1
23438 105 1
23439 217 1
23440 345 1
23441 426 1
23442 378 1
23443 367 1
23444 259 1
23445 234 1
23446 100 1
23447 100 1
23448 365 1
23449 421 1
23450 433 1
23451 523 1
23452 582 1
23453 647 1
23454 629 1
23455 725 1
23456 718 1
23457 697 1
23458 614 1
23459 595 1
23460 578 1
23461 406 1
23462 785 1
23463 718 1
23464 895 1
23465 878 1
23466 988 1
23467 967 1
23468 1140 1
23469 1053 1
23470 1015 1
23471 960 1
23472 867 1
23473 834 1
23474 879 1
23475 715 1
23476 1187 1
23477 1091 1
23478 1287 1
23479 1318 1
23480 1166 1
23481 1093 1
23482 1171 1
23483 1033 1
23484 1133 1
23485 1203 1
23486 1151 1
23487 1119 1
23488 1223 1
23489 1186 1
23490 1146 1
23491 1132 1
23492 1001 1
23493 959 1
23494 897 1
23495 878 1
23496 820 1
23497 880 1
23498 984 1
23499 986 1
23500 979 1
23501 1086 1
23502 1098 1
23503 1178 1
23504 844 1
23505 630 1
23506 595 1
23507 602 1
23508 541 1
23509 538 1
23510 400 1
23511 107 1
23512 295 1
23513 263 1
23514 269 1
23515 504 1
23516 511 1
23517 487 1
23518 370 1
23519 327 1
23520 106 1
23521 114 1
23522 100 1
23523 100 1
23524 100 1
23525 100 1
23526 100 1
23527 218 1
23528 262 1
23529 386 1
23530 442 1
23531 400 1
23532 100 1
23533 100 1
23534 100 1
23535 100 1
23536 100 1
23537 100 1
23538 100 1
23539 537 1
23540 496 1
23541 264 1
23542 367 1
23543 114 1
23544 100 1
23545 100 1
23546 100 1
23547 100 1
23548 109 1
23549 100 1
23550 109 1
23551 240 1
23552 111 1
23553 887 1
23554 870 1
23555 832 1
23556 789 1
23557 619 1
23558 460 1
23559 440 1
23560 209 1
23561 359 1
23562 254 1
23563 372 1
23564 527 1
23565 622 1
23566 779 1
23567 1317 1
23568 1292 1
23569 1151 1
23570 740 1
23571 1019 1
23572 1031 1
23573 924 1
23574 771 1
23575 923 1
23576 718 1
23577 837 1
23578 676 1
23579 785 1
23580 824 1
23581 1195 1
23582 1188 1
23583 1327 1
23584 1337 1
23585 1324 1
23586 1175 1
23587 1292 1
23588 739 1
23589 673 1
23590 588 1
23591 495 1
23592 540 1
23593 369 1
23594 533 1
23595 860 1
23596 1059 1
23597 1009 1
23598 1145 1
23599 1276 1
23600 1293 1
23601 1307 1
23602 379 1
23603 351 1
23604 335 1
23605 103 1
23606 127 1
23607 100 1
23608 109 1
23609 686 1
23610 581 1
23611 572 1
23612 691 1
23613 734 1
23614 900 1
23615 962 1
23616 100 1
23617 100 1
23618 100 1
23619 100 1
23620 100 1
23621 100 1
23622 100 1
23623 100 1
23624 100 1
23625 232 1
23626 376 1
23627 390 1
23628 416 1
23629 634 1
23630 100 1
23631 100 1
23632 104 1
23633 121 1
23634 364 1
23635 242 1
23636 364 1
23637 422 1
23638 367 1
23639 349 1
23640 347 1
23641 113 1
23642 208 1
23643 118 1
23644 405 1
23645 466 1
23646 432 1
23647 605 1
23648 627 1
23649 679 1
23650 743 1
23651 822 1
23652 733 1
23653 633 1
23654 730 1
23655 583 1
23656 532 1
23657 409 1
23658 877 1
23659 928 1
23660 940 1
23661 979 1
23662 1012 1
23663 1129 1
23664 1255 1
23665 1168 1
23666 974 1
23667 1003 1
23668 928 1
23669 941 1
23670 928 1
23671 865 1
23672 1303 1
23673 1280 1
23674 1127 1
23675 1202 1
23676 1131 1
23677 1189 1
23678 1199 1
23679 1105 1
23680 1092 1
23681 1206 1
23682 1246 1
23683 1218 1
23684 1212 1
23685 1179 1
23686 1082 1
23687 1004 1
23688 1102 1
23689 1114 1
23690 943 1
23691 848 1
23692 844 1
23693 856 1
23694 939 1
23695 924 1
23696 966 1
23697 961 1
23698 1174 1
23699 1132 1
23700 834 1
23701 804 1
23702 631 1
23703 610 1
23704 564 1
23705 534 1
23706 432 1
23707 531 1
23708 519 1
23709 570 1
23710 569 1
23711 587 1
23712 709 1
23713 769 1
23714 504 1
23715 355 1
23716 348 1
23717 343 1
23718 114 1
23719 100 1
23720 100 1
23721 100 1
23722 100 1
23723 108 1
23724 120 1
23725 237 1
23726 333 1
23727 389 1
23728 100 1
23729 100 1
23730 103 1
23731 246 1
23732 331 1
23733 203 1
23734 235 1
23735 399 1
23736 397 1
23737 281 1
23738 244 1
23739 103 1
23740 100 1
23741 100 1
23742 242 1
23743 375 1
23744 328 1
23745 103 1
23746 102 1
23747 356 1
23748 726 1
23749 862 1
23750 704 1
23751 689 1
23752 622 1
23753 577 1
23754 679 1
23755 422 1
23756 775 1
23757 805 1
23758 868 1
23759 911 1
23760 902 1
23761 1056 1
23762 1233 1
23763 1181 1
23764 1226 1
23765 1019 1
23766 1053 1
23767 981 1
23768 889 1
23769 878 1
23770 1198 1
23771 1251 1
23772 1252 1
23773 1259 1
23774 1235 1
23775 1258 1
23776 1309 1
23777 1196 1
23778 1196 1
23779 1267 1
23780 1172 1
23781 1260 1
23782 1215 1
23783 1185 1
23784 1342 1
23785 1277 1
23786 1230 1
23787 1062 1
23788 1068 1
23789 992 1
23790 908 1
23791 970 1
23792 1001 1
23793 1016 1
23794 1081 1
23795 1269 1
23796 1288 1
23797 1236 1
23798 843 1
23799 850 1
23800 728 1
23801 649 1
23802 561 1
23803 451 1
23804 438 1
23805 537 1
23806 624 1
23807 611 1
23808 690 1
23809 681 1
23810 874 1
23811 981 1
23812 401 1
23813 381 1
23814 363 1
23815 239 1
23816 100 1
23817 103 1
23818 105 1
23819 100 1
23820 100 1
23821 218 1
23822 358 1
23823 367 1
23824 407 1
23825 410 1
23826 100 1
23827 100 1
23828 100 1
23829 100 1
23830 127 1
23831 105 1
23832 350 1
23833 360 1
23834 225 1
23835 232 1
23836 109 1
23837 100 1
23838 100 1
23839 100 1
23840 271 1
23841 383 1
23842 488 1
23843 602 1
23844 575 1
23845 656 1
23846 658 1
23847 634 1
23848 508 1
23849 241 1
23850 309 1
23851 239 1
23852 358 1
23853 257 1
23854 806 1
23855 859 1
23856 873 1
23857 939 1
23858 1017 1
23859 897 1
23860 852 1
23861 1193 1
23862 1053 1
23863 995 1
23864 1036 1
23865 903 1
23866 755 1
23867 733 1
23868 913 1
23869 969 1
23870 1066 1
23871 1038 1
23872 1117 1
23873 1187 1
23874 1151 1
23875 1138 1
23876 1113 1
23877 1103 1
23878 1112 1
23879 1140 1
23880 1131 1
23881 1183 1
23882 1092 1
23883 994 1
23884 992 1
23885 989 1
23886 910 1
23887 847 1
23888 855 1
23889 815 1
23890 845 1
23891 908 1
23892 930 1
23893 1066 1
23894 1078 1
23895 1165 1
23896 635 1
23897 589 1
23898 611 1
23899 539 1
23900 530 1
23901 498 1
23902 369 1
23903 387 1
23904 366 1
23905 579 1
23906 582 1
23907 628 1
23908 656 1
23909 786 1
23910 226 1
23911 229 1
23912 310 1
23913 107 1
23914 100 1
23915 100 1
23916 100 1
23917 100 1
23918 100 1
23919 111 1
23920 102 1
23921 230 1
23922 226 1
23923 264 1
23924 100 1
23925 100 1
23926 100 1
23927 100 1
23928 214 1
23929 244 1
23930 222 1
23931 393 1
23932 273 1
23933 457 1
23934 328 1
23935 111 1
23936 100 1
23937 100 1
23938 377 1
23939 365 1
23940 390 1
23941 430 1
23942 408 1
23943 500 1
23944 524 1
23945 100 1
23946 100 1
23947 100 1
23948 100 1
23949 100 1
23950 100 1
23951 100 1
23952 100 1
23953 100 1
23954 100 1
23955 100 1
23956 100 1
23957 100 1
23958 100 1
23959 894 1
23960 927 1
23961 961 1
23962 968 1
23963 748 1
23964 577 1
23965 434 1
23966 594 1
23967 751 1
23968 1100 1
23969 1243 1
23970 1155 1
23971 1208 1
23972 1216 1
23973 1180 1
23974 1207 1
23975 1266 1
23976 1314 1
23977 1185 1
23978 987 1
23979 797 1
23980 1195 1
23981 1240 1
23982 1070 1
23983 1122 1
23984 969 1
23985 972 1
23986 857 1
23987 884 1
23988 963 1
23989 1063 1
23990 1219 1
23991 1180 1
23992 1273 1
23993 1319 1
23994 795 1
23995 708 1
23996 644 1
23997 609 1
23998 582 1
23999 507 1
24000 420 1
24001 459 1
24002 565 1
24003 623 1
24004 632 1
24005 808 1
24006 719 1
24007 777 1
24008 406 1
24009 351 1
24010 455 1
24011 111 1
24012 100 1
24013 100 1
24014 100 1
24015 100 1
24016 100 1
24017 215 1
24018 221 1
24019 275 1
24020 420 1
24021 432 1
24022 100 1
24023 100 1
24024 100 1
24025 100 1
24026 100 1
24027 100 1
24028 100 1
24029 405 1
24030 397 1
24031 370 1
24032 357 1
24033 100 1
24034 100 1
24035 100 1
24036 100 1
24037 100 1
24038 100 1
24039 101 1
24040 110 1
24041 224 1
24042 248 1
24043 624 1
24044 553 1
24045 543 1
24046 415 1
24047 429 1
24048 412 1
24049 444 1
24050 350 1
24051 465 1
24052 517 1
24053 613 1
24054 609 1
24055 571 1
24056 603 1
24057 1199 1
24058 1162 1
24059 1096 1
24060 1092 1
24061 1025 1
24062 893 1
24063 895 1
24064 726 1
24065 494 1
24066 648 1
24067 758 1
24068 801 1
24069 671 1
24070 678 1
24071 1274 1
24072 1134 1
24073 1293 1
24074 1167 1
24075 1213 1
24076 1128 1
24077 1062 1
24078 717 1
24079 768 1
24080 665 1
24081 539 1
24082 467 1
24083 618 1
24084 554 1
24085 562 1
24086 429 1
24087 566 1
24088 454 1
24089 595 1
24090 594 1
24091 604 1
24092 573 1
24093 427 1
24094 378 1
24095 370 1
24096 276 1
24097 104 1
24098 240 1
24099 429 1
24100 415 1
24101 436 1
24102 578 1
24103 573 1
24104 611 1
24105 648 1
24106 100 1
24107 100 1
24108 100 1
24109 100 1
24110 100 1
24111 100 1
24112 100 1
24113 100 1
24114 100 1
24115 118 1
24116 349 1
24117 385 1
24118 388 1
24119 558 1
